Service ID,Service Type,Asset ID,Customer Name,Customer Title,Customer Lab,Customer Department,Customer Institute,Charge Name,Notes,Object Code,Invoice Department,Status,Billing Status,Unit of Measure,Total Price,Creation Date,Purchase Date,Completion Date,Billing Date,Date file sent to ERP,Billing Event End Date,Created By,Core Name,Invoice Num,No Charge Justification,Ad-hoc Charge Justification,Organization Name,Company Organization Name,Charge ID,Reviewed,Center,Category,Usage Type,Vendor,UNSPSC Code,UNSPSC Name,Facility Catalog Number,Central Catalog Number,Core ID
MGW-ATS-5644,Project Request,561153,Aarthy Thiagaraya Selvam,Post-Doctoral Fellow,"Begley, Tadhg (TAMU) Lab",Chemistry,Texas A&M University,QC Client-prepared Library - Consumables,,0638,WSGI,proposed,not_ready_to_bill,each,31.28,7/20/26 17:09,7/20/26 17:09,,n/a,n/a,n/a,jun Fan,Molecular Genomics Workspace,no invoice,,,,,74345241,No status set,,QC - Consumables,N/A,,,,,,3986
MGW-ATS-5644,Project Request,561155,Aarthy Thiagaraya Selvam,Post-Doctoral Fellow,"Begley, Tadhg (TAMU) Lab",Chemistry,Texas A&M University,QC Client-prepared Library KAPA (each additional library),,0638,WSGI,proposed,not_ready_to_bill,each,4.6,7/20/26 17:09,7/20/26 17:09,,n/a,n/a,n/a,jun Fan,Molecular Genomics Workspace,no invoice,,,,,74345243,No status set,,QC - Consumables,N/A,,,,,,3986
MGW-ATS-5644,Project Request,561154,Aarthy Thiagaraya Selvam,Post-Doctoral Fellow,"Begley, Tadhg (TAMU) Lab",Chemistry,Texas A&M University,QC Client-prepared Library KAPA - Consumables,,0638,WSGI,proposed,not_ready_to_bill,each,110,7/20/26 17:09,7/20/26 17:09,,n/a,n/a,n/a,jun Fan,Molecular Genomics Workspace,no invoice,,,,,74345247,No status set,,QC - Consumables,N/A,,,,,,3986
MGW-ATS-5644,Project Request,559373,Aarthy Thiagaraya Selvam,Post-Doctoral Fellow,"Begley, Tadhg (TAMU) Lab",Chemistry,Texas A&M University,4200 TapeStation,,0638,WSGI,proposed,not_ready_to_bill,hour,2.4,7/20/26 17:09,7/20/26 17:09,,n/a,n/a,n/a,jun Fan,Molecular Genomics Workspace,no invoice,,,,,74345251,No status set,,Instrument Charges,N/A,,,,,,3986
MGW-ATS-5644,Project Request,559374,Aarthy Thiagaraya Selvam,Post-Doctoral Fellow,"Begley, Tadhg (TAMU) Lab",Chemistry,Texas A&M University,CFX384 Touch Real-time PCR Detection System,,0638,WSGI,proposed,not_ready_to_bill,hour,3.12,7/20/26 17:09,7/20/26 17:09,,n/a,n/a,n/a,jun Fan,Molecular Genomics Workspace,no invoice,,,,,74345253,No status set,,Instrument Charges,N/A,,,,,,3986
MGW-ATS-5648,Project Request,562236,Aarthy Thiagaraya Selvam,Post-Doctoral Fellow,"Begley, Tadhg (TAMU) Lab",Chemistry,Texas A&M University,QC DNA/RNA Qubit Only - Consumables,,0638,WSGI,proposed,not_ready_to_bill,each,4,7/25/26 20:35,7/25/26 20:35,,n/a,n/a,n/a,jun Fan,Molecular Genomics Workspace,no invoice,,,,,74456055,No status set,,QC - Consumables,N/A,,,,,,3986
MGW-AU-5670,Equipment Scheduling,297789,Abhinav Upadhyay,,"Menet, Jerome (TAMU) Lab",Biology,Texas A&M University,DNA HS D1000  Usage (per sample) - Consumables,,0638,WSGI,completed,billing_initialized,each,35,7/20/26 16:23,7/20/26 15:48,7/27/26 13:02,7/27/26 14:09,7/28/26 03:05,7/27/26 23:59,Paola Galvan,Molecular Genomics Workspace,MGW-6028622,,,,,74344140,No status set,,Self Service - TapeStation/Bioanalyzer,N/A,,,,,,3986
MGW-AU-5670,Equipment Scheduling,295966,Abhinav Upadhyay,,"Menet, Jerome (TAMU) Lab",Biology,Texas A&M University,"Tape Station (Agilent) (Tape Station (Agilent)) | Monday, July 20",,0638,WSGI,completed,billing_initialized,hour,8,7/27/26 13:02,7/20/26 15:48,7/27/26 13:02,7/27/26 14:09,7/28/26 03:05,7/27/26 23:59,Paola Galvan,Molecular Genomics Workspace,MGW-6028622,,,,,74479771,No status set,,Molecular Biology,Self-Use,,,,,,3986
MGW-AM-5557,Training Request,297792,Abigail McCollum,,"Raghavan, Shreya (TAMU) Lab",Biomedical Engineering,Texas A&M University,RNA Standard  Usage (per sample),,0638,WSGI,completed,billing_initialized,each,132,5/5/26 13:08,5/5/26 13:08,5/21/26 10:09,5/27/26 16:32,5/28/26 03:00,5/27/26 23:59,Paola Galvan,Molecular Genomics Workspace,MGW-5910827,,,,,72533140,No status set,,Self Service - TapeStation/Bioanalyzer,N/A,,,,,,3986
MGW-AM-5557,Training Request,559377,Abigail McCollum,,"Raghavan, Shreya (TAMU) Lab",Biomedical Engineering,Texas A&M University,Laboratory Technician,,0638,WSGI,completed,billing_initialized,hour,50,5/5/26 13:09,5/5/26 13:09,5/21/26 10:09,5/27/26 16:32,5/28/26 03:00,5/27/26 23:59,Paola Galvan,Molecular Genomics Workspace,MGW-5910827,,,,,72533160,No status set,,Laboratory Technician,N/A,,,,,,3986
MGW-AM-5557,Training Request,559373,Abigail McCollum,,"Raghavan, Shreya (TAMU) Lab",Biomedical Engineering,Texas A&M University,4200 TapeStation,,0638,WSGI,completed,billing_initialized,hour,27,5/5/26 13:10,5/5/26 13:10,5/21/26 10:09,5/27/26 16:32,5/28/26 03:00,5/27/26 23:59,Paola Galvan,Molecular Genomics Workspace,MGW-5910827,,,,,72533402,No status set,,Instrument Charges,N/A,,,,,,3986
MGW-AM-5586,Equipment Scheduling,297792,Abigail McCollum,,"Raghavan, Shreya (TAMU) Lab",Biomedical Engineering,Texas A&M University,RNA Standard  Usage (per sample) - Consumables,,0638,WSGI,completed,billing_initialized,each,5.5,5/14/26 13:47,5/14/26 16:03,5/21/26 16:14,5/27/26 16:32,5/28/26 03:00,5/27/26 23:59,Abigail McCollum,Molecular Genomics Workspace,MGW-5910827,,,,,72760999,No status set,,Self Service - TapeStation/Bioanalyzer,N/A,,,,,,3986
MGW-AM-5586,Equipment Scheduling,295966,Abigail McCollum,,"Raghavan, Shreya (TAMU) Lab",Biomedical Engineering,Texas A&M University,"Tape Station (Agilent) (Tape Station (Agilent)) | Thursday, May 14",,0638,WSGI,completed,billing_initialized,hour,7,5/21/26 16:14,5/14/26 16:03,5/21/26 16:14,5/27/26 16:32,5/28/26 03:00,5/27/26 23:59,Paola Galvan,Molecular Genomics Workspace,MGW-5910827,,,,,72916220,No status set,,Molecular Biology,Self-Use,,,,,,3986
MGW-AM-5607,Equipment Scheduling,297792,Abigail McCollum,,"Raghavan, Shreya (TAMU) Lab",Biomedical Engineering,Texas A&M University,RNA Standard  Usage (per sample) - Consumables,,0638,WSGI,completed,billing_initialized,each,5.5,6/3/26 11:43,6/3/26 12:40,6/22/26 12:27,6/25/26 11:44,7/6/26 17:14,6/25/26 23:59,Abigail McCollum,Molecular Genomics Workspace,MGW-5970367,,,,,73223797,No status set,,Self Service - TapeStation/Bioanalyzer,N/A,,,,,,3986
MGW-AM-5607,Equipment Scheduling,295966,Abigail McCollum,,"Raghavan, Shreya (TAMU) Lab",Biomedical Engineering,Texas A&M University,"Tape Station (Agilent) (Tape Station (Agilent)) | Wednesday, June 03",,0638,WSGI,completed,billing_initialized,hour,16,6/22/26 12:27,6/3/26 12:40,6/22/26 12:27,6/25/26 11:44,7/6/26 17:14,6/25/26 23:59,Paola Galvan,Molecular Genomics Workspace,MGW-5970367,,,,,73639395,No status set,,Molecular Biology,Self-Use,,,,,,3986
MGW-AC-5257,QC RNA  (per sample),504608,Adam Case,Principal Investigator,"Case, Adam (TAMU) Lab",Medical Physiology,Texas A&M University,QC RNA  (per sample),,0638,WSGI,completed,billing_initialized,each,136.5,9/18/25 11:30,9/18/25 11:30,10/27/25 10:20,10/28/25 16:51,10/31/25 03:00,10/28/25 23:59,jun Fan,Molecular Genomics Workspace,MGW-5492170,,,,,66886405,No status set,,Full Service - DNA/RNA QC,N/A,,,,,,3986
MGW-AC-5257,QC RNA  (per sample),534529,Adam Case,Principal Investigator,"Case, Adam (TAMU) Lab",Medical Physiology,Texas A&M University,Sequencing - P2-XLEAP - 200 cycle (~400M reads),RNA-seq libraries require 40 million reads per sample.,0638,WSGI,completed,billing_initialized,each,2165,9/18/25 11:31,9/18/25 11:31,10/27/25 10:20,10/28/25 16:51,10/31/25 03:00,10/28/25 23:59,jun Fan,Molecular Genomics Workspace,MGW-5492170,,,,,66886451,No status set,,Full Service - Sequencing (NextSeq 2000),N/A,,,,,,3986
MGW-AC-5257,QC RNA  (per sample),504611,Adam Case,Principal Investigator,"Case, Adam (TAMU) Lab",Medical Physiology,Texas A&M University,Illumina Stranded Total RNA (Ligation) Library Preparation (per sample),,0638,WSGI,completed,billing_initialized,each,1800,9/23/25 20:49,9/23/25 20:49,10/27/25 10:20,10/28/25 16:51,10/31/25 03:00,10/28/25 23:59,jun Fan,Molecular Genomics Workspace,MGW-5492170,,,,,66996726,No status set,,Full Service - RNA Library Preparation for Illumina NGS,N/A,,,,,,3986
MGW-AC-5335,QC RNA  (per sample),504608,Adam Case,Principal Investigator,"Case, Adam (TAMU) Lab",Medical Physiology,Texas A&M University,QC RNA  (per sample),,0638,WSGI,completed,billing_initialized,each,109.2,11/14/25 11:06,11/14/25 11:06,2/20/26 11:29,2/20/26 12:25,2/21/26 03:00,2/20/26 23:59,jun Fan,Molecular Genomics Workspace,MGW-5720432,,,,,68409947,No status set,,Full Service - DNA/RNA QC,N/A,,,,,,3986
MGW-AC-5335,QC RNA  (per sample),504611,Adam Case,Principal Investigator,"Case, Adam (TAMU) Lab",Medical Physiology,Texas A&M University,Illumina Stranded Total RNA (Ligation) Library Preparation (per sample),,0638,WSGI,completed,billing_initialized,each,1440,11/14/25 11:06,11/14/25 11:06,2/20/26 11:29,2/20/26 12:25,2/21/26 03:00,2/20/26 23:59,jun Fan,Molecular Genomics Workspace,MGW-5720432,,,,,68409977,No status set,,Full Service - RNA Library Preparation for Illumina NGS,N/A,,,,,,3986
MGW-AC-5335,QC RNA  (per sample),534529,Adam Case,Principal Investigator,"Case, Adam (TAMU) Lab",Medical Physiology,Texas A&M University,Sequencing - P2-XLEAP - 200 cycle (~400M reads),,0638,WSGI,completed,billing_initialized,each,2165,11/14/25 11:07,11/14/25 11:07,2/20/26 11:29,2/20/26 12:25,2/21/26 03:00,2/20/26 23:59,jun Fan,Molecular Genomics Workspace,MGW-5720432,,,,,68410001,No status set,,Full Service - Sequencing (NextSeq 2000),N/A,,,,,,3986
MGW-AA-5289,DNA D1000 Usage (per sample),297787,Adegoke Adegbite,,"Sorg, Joseph (TAMU) Lab",Biology,Texas A&M University,DNA D1000 Usage (per sample),,0638,WSGI,completed,billing_initialized,each,5,10/14/25 15:57,10/14/25 15:57,10/22/25 14:12,10/28/25 16:51,10/31/25 03:00,10/28/25 23:59,Paola Galvan,Molecular Genomics Workspace,MGW-5492185,,,,,67550862,No status set,,Self Service - TapeStation/Bioanalyzer,N/A,,,,,,3986
MGW-AA-5289,DNA D1000 Usage (per sample),292897,Adegoke Adegbite,,"Sorg, Joseph (TAMU) Lab",Biology,Texas A&M University,DNA/RNA Qubit Usage (per sample) ,,0638,WSGI,completed,billing_initialized,each,1.45,10/17/25 10:07,10/17/25 10:07,10/22/25 14:12,10/28/25 16:51,10/31/25 03:00,10/28/25 23:59,Paola Galvan,Molecular Genomics Workspace,MGW-5492185,,,,,67626104,No status set,,Self Service - Qubit,N/A,,,,,,3986
MGW-AA-5341,Equipment Scheduling,297789,Adegoke Adegbite,,"Sorg, Joseph (TAMU) Lab",Biology,Texas A&M University,DNA HS D1000  Usage (per sample),,0638,WSGI,completed,billing_initialized,each,6.75,10/29/25 11:21,10/30/25 12:47,11/20/25 11:13,11/25/25 10:28,11/26/25 03:00,11/25/25 23:59,Adegoke Adegbite,Molecular Genomics Workspace,MGW-5554528,,,,,67937179,No status set,,Self Service - TapeStation/Bioanalyzer,N/A,,,,,,3986
MGW-AA-5341,Equipment Scheduling,295966,Adegoke Adegbite,,"Sorg, Joseph (TAMU) Lab",Biology,Texas A&M University,"Tape Station (Agilent) (Tape Station (Agilent)) | Thursday, October 30",,0638,WSGI,completed,billing_initialized,hour,0,11/20/25 11:13,10/30/25 12:47,11/20/25 11:13,11/25/25 10:28,11/26/25 03:00,11/25/25 23:59,Paola Galvan,Molecular Genomics Workspace,MGW-5554528,,,,,68558708,No status set,,Molecular Biology,Self-Use,,,,,,3986
MGW-AA-5416,Equipment Scheduling,297789,Adegoke Adegbite,,"Sorg, Joseph (TAMU) Lab",Biology,Texas A&M University,DNA HS D1000  Usage (per sample),,0638,WSGI,completed,billing_initialized,each,7,1/28/26 10:44,12/19/25 13:11,1/28/26 10:48,1/28/26 11:03,1/29/26 03:00,1/28/26 23:59,Paola Galvan,Molecular Genomics Workspace,MGW-5668384,,,,,69986323,No status set,,Self Service - TapeStation/Bioanalyzer,N/A,,,,,,3986
MGW-AA-5415,Equipment Scheduling,295966,Adegoke Adegbite,,"Sorg, Joseph (TAMU) Lab",Biology,Texas A&M University,"Tape Station (Agilent) (Tape Station (Agilent)) | Friday, December 19 (cancellation)",,0638,WSGI,completed,not_billable,hour,0,1/28/26 10:48,12/19/25 12:30,1/28/26 10:48,1/28/26 11:03,1/29/26 03:00,1/28/26 23:59,Paola Galvan,Molecular Genomics Workspace,MGW-5668384,Cancellation,,,,69986644,No status set,,Molecular Biology,Self-Use,,,,,,3986
MGW-AA-5416,Equipment Scheduling,295966,Adegoke Adegbite,,"Sorg, Joseph (TAMU) Lab",Biology,Texas A&M University,"Tape Station (Agilent) (Tape Station (Agilent)) | Friday, December 19",,0638,WSGI,completed,billing_initialized,hour,29,1/28/26 10:48,12/19/25 13:11,1/28/26 10:48,1/28/26 11:03,1/29/26 03:00,1/28/26 23:59,Paola Galvan,Molecular Genomics Workspace,MGW-5668384,,,,,69986646,No status set,,Molecular Biology,Self-Use,,,,,,3986
MGW-AA-5493,Equipment Scheduling,297787,Adegoke Adegbite,,"Sorg, Joseph (TAMU) Lab",Biology,Texas A&M University,DNA D1000 Usage (per sample),,0638,WSGI,completed,billing_initialized,each,32.4,3/26/26 13:38,2/27/26 12:44,3/26/26 13:39,3/26/26 14:02,3/27/26 03:00,3/26/26 23:59,Paola Galvan,Molecular Genomics Workspace,MGW-5788686,,,,,71476227,No status set,,Self Service - TapeStation/Bioanalyzer,N/A,,,,,,3986
MGW-AA-5493,Equipment Scheduling,295966,Adegoke Adegbite,,"Sorg, Joseph (TAMU) Lab",Biology,Texas A&M University,"Tape Station (Agilent) (Tape Station (Agilent)) | Friday, February 27",,0638,WSGI,completed,billing_initialized,hour,43,3/26/26 13:39,2/27/26 12:44,3/26/26 13:39,3/26/26 14:02,3/27/26 03:00,3/26/26 23:59,Paola Galvan,Molecular Genomics Workspace,MGW-5788686,,,,,71476252,No status set,,Molecular Biology,Self-Use,,,,,,3986
MGW-AA-5585,Equipment Scheduling,297787,Adegoke Adegbite,,"Sorg, Joseph (TAMU) Lab",Biology,Texas A&M University,DNA D1000 Usage (per sample) - Consumables,,0638,WSGI,completed,billing_initialized,each,16.2,5/11/26 10:58,5/11/26 13:15,5/21/26 15:55,5/27/26 16:32,5/28/26 03:00,5/27/26 23:59,Adegoke Adegbite,Molecular Genomics Workspace,MGW-5910829,,,,,72663035,No status set,,Self Service - TapeStation/Bioanalyzer,N/A,,,,,,3986
MGW-AA-5585,Equipment Scheduling,295966,Adegoke Adegbite,,"Sorg, Joseph (TAMU) Lab",Biology,Texas A&M University,"Tape Station (Agilent) (Tape Station (Agilent)) | Monday, May 11",,0638,WSGI,completed,billing_initialized,hour,43,5/21/26 15:55,5/11/26 13:15,5/21/26 15:55,5/27/26 16:32,5/28/26 03:00,5/27/26 23:59,Paola Galvan,Molecular Genomics Workspace,MGW-5910829,,,,,72915612,No status set,,Molecular Biology,Self-Use,,,,,,3986
MGW-AA-5666,Equipment Scheduling,297787,Adegoke Adegbite,,"Sorg, Joseph (TAMU) Lab",Biology,Texas A&M University,DNA D1000 Usage (per sample) - Consumables,,0638,WSGI,completed,billing_initialized,each,32.4,7/10/26 15:38,7/10/26 16:16,7/27/26 13:01,7/27/26 14:09,7/28/26 03:05,7/27/26 23:59,Adegoke Adegbite,Molecular Genomics Workspace,MGW-6028628,,,,,74156566,No status set,,Self Service - TapeStation/Bioanalyzer,N/A,,,,,,3986
MGW-AA-5666,Equipment Scheduling,295966,Adegoke Adegbite,,"Sorg, Joseph (TAMU) Lab",Biology,Texas A&M University,"Tape Station (Agilent) (Tape Station (Agilent)) | Friday, July 10",,0638,WSGI,completed,billing_initialized,hour,32,7/27/26 13:01,7/10/26 16:16,7/27/26 13:01,7/27/26 14:09,7/28/26 03:05,7/27/26 23:59,Paola Galvan,Molecular Genomics Workspace,MGW-6028628,,,,,74479712,No status set,,Molecular Biology,Self-Use,,,,,,3986
MGW-AD-5454,Project Request,565544,Aenghus Denvir,,"Howe, Julie (TAMU) Lab",Soil & Crop Sciences,Texas A&M University,QIAgen plant RNA extraction kit,,0638,WSGI,cancelled,cancelled,each,0,2/21/26 14:19,2/21/26 14:19,,n/a,n/a,n/a,jun Fan,Molecular Genomics Workspace,no invoice,,,,,70616863,No status set,,DNA-RNA-Isolation - Consumable,N/A,,,,,,3986
MGW-AD-5454,Project Request,561151,Aenghus Denvir,,"Howe, Julie (TAMU) Lab",Soil & Crop Sciences,Texas A&M University,QC RNA,,0638,WSGI,cancelled,cancelled,each,0,2/21/26 14:20,2/21/26 14:20,,n/a,n/a,n/a,jun Fan,Molecular Genomics Workspace,no invoice,,,,,70616865,No status set,,QC - Consumables,N/A,,,,,,3986
MGW-AD-5454,Project Request,561152,Aenghus Denvir,,"Howe, Julie (TAMU) Lab",Soil & Crop Sciences,Texas A&M University,QC Core-prepared Library,,0638,WSGI,cancelled,cancelled,each,0,2/21/26 14:20,2/21/26 14:20,,n/a,n/a,n/a,jun Fan,Molecular Genomics Workspace,no invoice,,,,,70616866,No status set,,QC - Consumables,N/A,,,,,,3986
MGW-AD-5454,Project Request,559377,Aenghus Denvir,,"Howe, Julie (TAMU) Lab",Soil & Crop Sciences,Texas A&M University,Laboratory Technician,,0638,WSGI,cancelled,cancelled,hour,0,2/21/26 14:20,2/21/26 14:20,,n/a,n/a,n/a,jun Fan,Molecular Genomics Workspace,no invoice,,,,,70616867,No status set,,Laboratory Technician,N/A,,,,,,3986
MGW-AD-5454,Project Request,559377,Aenghus Denvir,,"Howe, Julie (TAMU) Lab",Soil & Crop Sciences,Texas A&M University,Laboratory Technician,Nextseq 2000 loading labor charge.,0638,WSGI,cancelled,cancelled,hour,0,2/21/26 14:20,2/21/26 14:20,,n/a,n/a,n/a,jun Fan,Molecular Genomics Workspace,no invoice,,,,,70616868,No status set,,Laboratory Technician,N/A,,,,,,3986
MGW-AD-5454,Project Request,559373,Aenghus Denvir,,"Howe, Julie (TAMU) Lab",Soil & Crop Sciences,Texas A&M University,4200 TapeStation,Tapestation instrument running charge for RNA QC and library QC,0638,WSGI,cancelled,cancelled,hour,0,2/21/26 14:20,2/21/26 14:20,,n/a,n/a,n/a,jun Fan,Molecular Genomics Workspace,no invoice,,,,,70616869,No status set,,Instrument Charges,N/A,,,,,,3986
MGW-AD-5454,Project Request,559371,Aenghus Denvir,,"Howe, Julie (TAMU) Lab",Soil & Crop Sciences,Texas A&M University,NextSeq 2000 Sequencing System (S/N VH00580),,0638,WSGI,cancelled,cancelled,each,0,2/21/26 14:20,2/21/26 14:20,,n/a,n/a,n/a,jun Fan,Molecular Genomics Workspace,no invoice,,,,,70616870,No status set,,Instrument Charges,N/A,,,,,,3986
MGW-AD-5454,Project Request,564573,Aenghus Denvir,,"Howe, Julie (TAMU) Lab",Soil & Crop Sciences,Texas A&M University,Wathmaker mRNAseq library,,0638,WSGI,cancelled,cancelled,each,0,2/21/26 14:21,2/21/26 14:21,,n/a,n/a,n/a,jun Fan,Molecular Genomics Workspace,no invoice,,,,,70616873,No status set,,RNA Library Preparation - Consumables,N/A,,,,,,3986
MGW-AD-5454,Project Request,561246,Aenghus Denvir,,"Howe, Julie (TAMU) Lab",Soil & Crop Sciences,Texas A&M University,NextSeq 2000 P2 XLEAP-SBS Reagent Kit (200 cycles),,0638,WSGI,cancelled,cancelled,each,0,2/21/26 14:21,2/21/26 14:21,,n/a,n/a,n/a,jun Fan,Molecular Genomics Workspace,no invoice,,,,,70616879,No status set,,Sequencing (NextSeq 2000) - Consumables,N/A,,,,,,3986
MGW-AD-5634,Project Request,564573,Aenghus Denvir,,"Howe, Julie (TAMU) Lab",Soil & Crop Sciences,Texas A&M University,Wathmaker mRNAseq library - Consumables,,0638,WSGI,cancelled,cancelled,each,0,7/13/26 15:26,7/13/26 15:26,,n/a,n/a,n/a,jun Fan,Molecular Genomics Workspace,no invoice,,,,,74190231,No status set,,RNA Library Preparation - Consumables,N/A,,,,,,3986
MGW-AD-5634,Project Request,561151,Aenghus Denvir,,"Howe, Julie (TAMU) Lab",Soil & Crop Sciences,Texas A&M University,QC RNA - Consumables,,0638,WSGI,cancelled,cancelled,each,0,7/13/26 15:26,7/13/26 15:26,,n/a,n/a,n/a,jun Fan,Molecular Genomics Workspace,no invoice,,,,,74190242,No status set,,QC - Consumables,N/A,,,,,,3986
MGW-AD-5634,Project Request,561152,Aenghus Denvir,,"Howe, Julie (TAMU) Lab",Soil & Crop Sciences,Texas A&M University,QC Core-prepared Library - Consumables,,0638,WSGI,cancelled,cancelled,each,0,7/13/26 15:27,7/13/26 15:27,,n/a,n/a,n/a,jun Fan,Molecular Genomics Workspace,no invoice,,,,,74190250,No status set,,QC - Consumables,N/A,,,,,,3986
MGW-AD-5634,Project Request,559377,Aenghus Denvir,,"Howe, Julie (TAMU) Lab",Soil & Crop Sciences,Texas A&M University,Laboratory Technician,,0638,WSGI,cancelled,cancelled,hour,0,7/13/26 15:27,7/13/26 15:27,,n/a,n/a,n/a,jun Fan,Molecular Genomics Workspace,no invoice,,,,,74190258,No status set,,Laboratory Technician,N/A,,,,,,3986
MGW-AD-5634,Project Request,559377,Aenghus Denvir,,"Howe, Julie (TAMU) Lab",Soil & Crop Sciences,Texas A&M University,Laboratory Technician,,0638,WSGI,cancelled,cancelled,hour,0,7/13/26 15:27,7/13/26 15:27,,n/a,n/a,n/a,jun Fan,Molecular Genomics Workspace,no invoice,,,,,74190267,No status set,,Laboratory Technician,N/A,,,,,,3986
MGW-AD-5634,Project Request,561264,Aenghus Denvir,,"Howe, Julie (TAMU) Lab",Soil & Crop Sciences,Texas A&M University,NextSeq 2000 P4 XLEAP-SBS Reagent Kit (200 cycles) - Consumables,,0638,WSGI,cancelled,cancelled,each,0,7/13/26 15:28,7/13/26 15:28,,n/a,n/a,n/a,jun Fan,Molecular Genomics Workspace,no invoice,,,,,74190309,No status set,,Sequencing (NextSeq 2000) - Consumables,N/A,,,,,,3986
MGW-AD-5634,Project Request,559373,Aenghus Denvir,,"Howe, Julie (TAMU) Lab",Soil & Crop Sciences,Texas A&M University,4200 TapeStation,,0638,WSGI,cancelled,cancelled,hour,0,7/13/26 15:28,7/13/26 15:28,,n/a,n/a,n/a,jun Fan,Molecular Genomics Workspace,no invoice,,,,,74190315,No status set,,Instrument Charges,N/A,,,,,,3986
MGW-AD-5634,Project Request,559371,Aenghus Denvir,,"Howe, Julie (TAMU) Lab",Soil & Crop Sciences,Texas A&M University,NextSeq 2000 Sequencing System (S/N VH00580),,0638,WSGI,cancelled,cancelled,each,0,7/13/26 15:28,7/13/26 15:28,,n/a,n/a,n/a,jun Fan,Molecular Genomics Workspace,no invoice,,,,,74190318,No status set,,Instrument Charges,N/A,,,,,,3986
MGW-AD-5634,Project Request,565544,Aenghus Denvir,,"Howe, Julie (TAMU) Lab",Soil & Crop Sciences,Texas A&M University,QIAgen plant RNA extraction kit - Consumables,,0638,WSGI,cancelled,cancelled,each,0,7/13/26 15:29,7/13/26 15:29,,n/a,n/a,n/a,jun Fan,Molecular Genomics Workspace,no invoice,,,,,74190327,No status set,,DNA-RNA-Isolation - Consumable,N/A,,,,,,3986
MGW-AD-5692,Project Request,565544,Aenghus Denvir,,"Howe, Julie (TAMU) Lab",Soil & Crop Sciences,Texas A&M University,QIAgen plant RNA extraction kit - Consumables,,0638,WSGI,completed,billing_initialized,each,554.2,8/12/26 12:17,8/12/26 12:17,9/21/26 10:12,9/24/26 11:26,9/25/26 03:05,9/24/26 23:59,jun Fan,Molecular Genomics Workspace,MGW-6140675,,,,,74933145,No status set,,DNA-RNA-Isolation - Consumable,N/A,,,,,,3986
MGW-AD-5692,Project Request,559373,Aenghus Denvir,,"Howe, Julie (TAMU) Lab",Soil & Crop Sciences,Texas A&M University,4200 TapeStation,,0638,WSGI,completed,billing_initialized,hour,81.6,8/12/26 12:17,8/12/26 12:17,9/21/26 10:12,9/24/26 11:26,9/25/26 03:05,9/24/26 23:59,jun Fan,Molecular Genomics Workspace,MGW-6140675,,,,,74933167,No status set,,Instrument Charges,N/A,,,,,,3986
MGW-AD-5692,Project Request,559371,Aenghus Denvir,,"Howe, Julie (TAMU) Lab",Soil & Crop Sciences,Texas A&M University,NextSeq 2000 Sequencing System (S/N VH00580),,0638,WSGI,completed,billing_initialized,each,120,8/12/26 12:17,8/12/26 12:17,9/21/26 10:12,9/24/26 11:26,9/25/26 03:05,9/24/26 23:59,jun Fan,Molecular Genomics Workspace,MGW-6140675,,,,,74933175,No status set,,Instrument Charges,N/A,,,,,,3986
MGW-AD-5692,Project Request,559377,Aenghus Denvir,,"Howe, Julie (TAMU) Lab",Soil & Crop Sciences,Texas A&M University,Laboratory Technician,"The labor hours cover RNA extraction, QC, library preparation and library QC.",0638,WSGI,completed,billing_initialized,hour,800,8/12/26 12:17,8/12/26 12:17,9/21/26 10:12,9/24/26 11:26,9/25/26 03:05,9/24/26 23:59,jun Fan,Molecular Genomics Workspace,MGW-6140675,,,,,74933189,No status set,,Laboratory Technician,N/A,,,,,,3986
MGW-AD-5692,Project Request,561152,Aenghus Denvir,,"Howe, Julie (TAMU) Lab",Soil & Crop Sciences,Texas A&M University,QC Core-prepared Library - Consumables,,0638,WSGI,completed,billing_initialized,each,528.7,8/12/26 12:18,8/12/26 12:18,9/21/26 10:12,9/24/26 11:26,9/25/26 03:05,9/24/26 23:59,jun Fan,Molecular Genomics Workspace,MGW-6140675,,,,,74933211,No status set,,QC - Consumables,N/A,,,,,,3986
MGW-AD-5692,Project Request,561151,Aenghus Denvir,,"Howe, Julie (TAMU) Lab",Soil & Crop Sciences,Texas A&M University,QC RNA - Consumables,,0638,WSGI,completed,billing_initialized,each,300.9,8/12/26 12:18,8/12/26 12:18,9/21/26 10:12,9/24/26 11:26,9/25/26 03:05,9/24/26 23:59,jun Fan,Molecular Genomics Workspace,MGW-6140675,,,,,74933221,No status set,,QC - Consumables,N/A,,,,,,3986
MGW-AD-5692,Project Request,561264,Aenghus Denvir,,"Howe, Julie (TAMU) Lab",Soil & Crop Sciences,Texas A&M University,NextSeq 2000 P4 XLEAP-SBS Reagent Kit (200 cycles) - Consumables,,0638,WSGI,completed,billing_initialized,each,2076.62,8/12/26 12:18,8/12/26 12:18,9/21/26 10:12,9/24/26 11:26,9/25/26 03:05,9/24/26 23:59,jun Fan,Molecular Genomics Workspace,MGW-6140675,,,,,74933258,No status set,,Sequencing (NextSeq 2000) - Consumables,N/A,,,,,,3986
MGW-AD-5692,Project Request,564573,Aenghus Denvir,,"Howe, Julie (TAMU) Lab",Soil & Crop Sciences,Texas A&M University,Wathmaker mRNAseq library - Consumables,,0638,WSGI,completed,billing_initialized,each,1823.42,8/12/26 12:18,8/12/26 12:18,9/21/26 10:12,9/24/26 11:26,9/25/26 03:05,9/24/26 23:59,jun Fan,Molecular Genomics Workspace,MGW-6140675,,,,,74933280,No status set,,RNA Library Preparation - Consumables,N/A,,,,,,3986
MGW-AD-5692,Project Request,559377,Aenghus Denvir,,"Howe, Julie (TAMU) Lab",Soil & Crop Sciences,Texas A&M University,Laboratory Technician,The laboratory charge for setting up the sequencing run.,0638,WSGI,completed,billing_initialized,hour,16.5,8/12/26 12:22,8/12/26 12:22,9/21/26 10:12,9/24/26 11:26,9/25/26 03:05,9/24/26 23:59,jun Fan,Molecular Genomics Workspace,MGW-6140675,,,,,74933662,No status set,,Laboratory Technician,N/A,,,,,,3986
MGW-AD-5365,Project Request,561151,Ahmed Darwish,Principal Investigator,"Darwish, Ahmed (TAMU) Lab",,Texas A&M University,QC RNA,The number of RNA samples will be calculated based on the actual number received.,0638,WSGI,completed,billing_initialized,each,477.9,1/16/26 10:57,1/16/26 10:57,3/23/26 10:37,4/24/26 16:20,4/25/26 03:00,4/24/26 23:59,jun Fan,Molecular Genomics Workspace,MGW-5846973,,,,,69759806,No status set,,QC - Consumables,N/A,,,,,,3986
MGW-AD-5365,Project Request,559377,Ahmed Darwish,Principal Investigator,"Darwish, Ahmed (TAMU) Lab",,Texas A&M University,Laboratory Technician,,0638,WSGI,completed,billing_initialized,hour,300,1/16/26 10:57,1/16/26 10:57,3/23/26 10:37,4/24/26 16:20,4/25/26 03:00,4/24/26 23:59,jun Fan,Molecular Genomics Workspace,MGW-5846973,,,,,69759842,No status set,,Laboratory Technician,N/A,,,,,,3986
MGW-AD-5365,Project Request,559373,Ahmed Darwish,Principal Investigator,"Darwish, Ahmed (TAMU) Lab",,Texas A&M University,4200 TapeStation,,0638,WSGI,completed,billing_initialized,hour,57.6,1/16/26 10:57,1/16/26 10:57,3/23/26 10:37,4/24/26 16:20,4/25/26 03:00,4/24/26 23:59,jun Fan,Molecular Genomics Workspace,MGW-5846973,,,,,69759854,No status set,,Instrument Charges,N/A,,,,,,3986
MGW-AD-5365,Project Request,563414,Ahmed Darwish,Principal Investigator,"Darwish, Ahmed (TAMU) Lab",,Texas A&M University,Femto Pulse ,,0638,WSGI,completed,billing_initialized,each,6.81,1/16/26 10:58,1/16/26 10:58,3/23/26 10:37,4/24/26 16:20,4/25/26 03:00,4/24/26 23:59,jun Fan,Molecular Genomics Workspace,MGW-5846973,,,,,69759864,No status set,,Instrument Charges,N/A,,,,,,3986
MGW-AD-5365,Project Request,559381,Ahmed Darwish,Principal Investigator,"Darwish, Ahmed (TAMU) Lab",,Texas A&M University,PacBio Revio,,0638,WSGI,completed,billing_initialized,hour,360,1/16/26 10:58,1/16/26 10:58,3/23/26 10:37,4/24/26 16:20,4/25/26 03:00,4/24/26 23:59,jun Fan,Molecular Genomics Workspace,MGW-5846973,,,,,69759871,No status set,,Instrument Charges,N/A,,,,,,3986
MGW-AD-5365,Project Request,559376,Ahmed Darwish,Principal Investigator,"Darwish, Ahmed (TAMU) Lab",,Texas A&M University,Consumables,This is the reagent cost for PacBio iso-seq cDNA synthesis.,0638,WSGI,completed,billing_initialized,each,720,2/2/26 12:29,2/2/26 12:29,3/23/26 10:38,4/24/26 16:20,4/25/26 03:00,4/24/26 23:59,jun Fan,Molecular Genomics Workspace,MGW-5846974,,,,,70127931,No status set,,Consumables,N/A,,,,,,3986
MGW-AD-5365,Project Request,564527,Ahmed Darwish,Principal Investigator,"Darwish, Ahmed (TAMU) Lab",,Texas A&M University,RNA extraction using TRIzon reagent,we re-purified your previous RNA samples instead of re-extracting RNA samples.,0638,WSGI,completed,billing_initialized,each,60,2/2/26 12:33,2/2/26 12:33,3/23/26 10:38,4/24/26 16:20,4/25/26 03:00,4/24/26 23:59,jun Fan,Molecular Genomics Workspace,MGW-5846974,,,,,70128370,No status set,,DNA-RNA-Isolation - Consumable,N/A,,,,,,3986
MGW-AP-5464,Project Request,561153,Alan Pepper,,"Pepper, Alan (TAMU) Lab",Biology,Texas A&M University,QC Client-prepared Library,,0638,WSGI,completed,billing_initialized,each,31.28,3/3/26 14:23,3/3/26 14:23,4/23/26 13:06,4/24/26 16:21,4/25/26 03:00,4/24/26 23:59,jun Fan,Molecular Genomics Workspace,MGW-5846980,,,,,70900630,No status set,,QC - Consumables,N/A,,,,,,3986
MGW-AP-5464,Project Request,559371,Alan Pepper,,"Pepper, Alan (TAMU) Lab",Biology,Texas A&M University,NextSeq 2000 Sequencing System (S/N VH00580),,0638,WSGI,completed,billing_initialized,each,25,3/3/26 14:23,3/3/26 14:23,4/23/26 13:06,4/24/26 16:21,4/25/26 03:00,4/24/26 23:59,jun Fan,Molecular Genomics Workspace,MGW-5846980,,,,,70900666,No status set,,Instrument Charges,N/A,,,,,,3986
MGW-AP-5464,Project Request,561238,Alan Pepper,,"Pepper, Alan (TAMU) Lab",Biology,Texas A&M University,NextSeq 2000 P1 XLEAP-SBS Reagent Kit (300 cycles),,0638,WSGI,completed,billing_initialized,each,110,3/3/26 14:24,3/3/26 14:24,4/23/26 13:06,4/24/26 16:21,4/25/26 03:00,4/24/26 23:59,jun Fan,Molecular Genomics Workspace,MGW-5846980,,,,,70900694,No status set,,Sequencing (NextSeq 2000) - Consumables,N/A,,,,,,3986
MGW-AP-5464,Project Request,559377,Alan Pepper,,"Pepper, Alan (TAMU) Lab",Biology,Texas A&M University,Laboratory Technician,,0638,WSGI,completed,billing_initialized,hour,2,3/3/26 14:25,3/3/26 14:25,4/23/26 13:06,4/24/26 16:21,4/25/26 03:00,4/24/26 23:59,jun Fan,Molecular Genomics Workspace,MGW-5846980,,,,,70900809,No status set,,Laboratory Technician,N/A,,,,,,3986
MGW-AP-5593,Project Request,559371,Alan Pepper,,"Pepper, Alan (TAMU) Lab",Biology,Texas A&M University,NextSeq 2000 Sequencing System (S/N VH00580),,0638,WSGI,completed,billing_initialized,each,250,5/26/26 20:33,5/26/26 20:33,6/22/26 10:14,6/25/26 11:44,7/6/26 17:14,6/25/26 23:59,jun Fan,Molecular Genomics Workspace,MGW-5970365,,,,,72991761,No status set,,Instrument Charges,N/A,,,,,,3986
MGW-AP-5593,Project Request,559373,Alan Pepper,,"Pepper, Alan (TAMU) Lab",Biology,Texas A&M University,4200 TapeStation,,0638,WSGI,completed,billing_initialized,hour,1.2,5/26/26 20:33,5/26/26 20:33,6/22/26 10:14,6/25/26 11:44,7/6/26 17:14,6/25/26 23:59,jun Fan,Molecular Genomics Workspace,MGW-5970365,,,,,72991767,No status set,,Instrument Charges,N/A,,,,,,3986
MGW-AP-5593,Project Request,559377,Alan Pepper,,"Pepper, Alan (TAMU) Lab",Biology,Texas A&M University,Laboratory Technician,,0638,WSGI,completed,billing_initialized,hour,25,5/26/26 20:33,5/26/26 20:33,6/22/26 10:14,6/25/26 11:44,7/6/26 17:14,6/25/26 23:59,jun Fan,Molecular Genomics Workspace,MGW-5970365,,,,,72991775,No status set,,Laboratory Technician,N/A,,,,,,3986
MGW-AP-5593,Project Request,561249,Alan Pepper,,"Pepper, Alan (TAMU) Lab",Biology,Texas A&M University,NextSeq 2000 P2 XLEAP-SBS Reagent Kit (300 cycles) - Consumables,,0638,WSGI,completed,billing_initialized,each,2994.2,5/26/26 20:34,5/26/26 20:34,6/22/26 10:14,6/25/26 11:44,7/6/26 17:14,6/25/26 23:59,jun Fan,Molecular Genomics Workspace,MGW-5970365,,,,,72991785,No status set,,Sequencing (NextSeq 2000) - Consumables,N/A,,,,,,3986
MGW-AP-5593,Project Request,561153,Alan Pepper,,"Pepper, Alan (TAMU) Lab",Biology,Texas A&M University,QC Client-prepared Library - Consumables,,0638,WSGI,completed,billing_initialized,each,15.64,5/26/26 20:35,5/26/26 20:35,6/22/26 10:14,6/25/26 11:44,7/6/26 17:14,6/25/26 23:59,jun Fan,Molecular Genomics Workspace,MGW-5970365,,,,,72991845,No status set,,QC - Consumables,N/A,,,,,,3986
MGW-AP-5719,Project Request,561241,Alan Pepper,,"Pepper, Alan (TAMU) Lab",Biology,Texas A&M University,NextSeq 2000 P1 XLEAP-SBS Reagent Kit (600 cycles) - Consumables,,0638,WSGI,completed,billing_initialized,each,1722.6,8/26/26 10:54,8/26/26 10:54,9/21/26 10:11,9/24/26 11:26,9/25/26 03:05,9/24/26 23:59,jun Fan,Molecular Genomics Workspace,MGW-6140679,,,,,75229069,No status set,,Sequencing (NextSeq 2000) - Consumables,N/A,,,,,,3986
MGW-AP-5719,Project Request,561153,Alan Pepper,,"Pepper, Alan (TAMU) Lab",Biology,Texas A&M University,QC Client-prepared Library - Consumables,,0638,WSGI,completed,billing_initialized,each,15.64,8/26/26 10:54,8/26/26 10:54,9/21/26 10:11,9/24/26 11:26,9/25/26 03:05,9/24/26 23:59,jun Fan,Molecular Genomics Workspace,MGW-6140679,,,,,75229115,No status set,,QC - Consumables,N/A,,,,,,3986
MGW-AP-5719,Project Request,559371,Alan Pepper,,"Pepper, Alan (TAMU) Lab",Biology,Texas A&M University,NextSeq 2000 Sequencing System (S/N VH00580),,0638,WSGI,completed,billing_initialized,each,250,8/26/26 10:55,8/26/26 10:55,9/21/26 10:11,9/24/26 11:26,9/25/26 03:05,9/24/26 23:59,jun Fan,Molecular Genomics Workspace,MGW-6140679,,,,,75229167,No status set,,Instrument Charges,N/A,,,,,,3986
MGW-AP-5719,Project Request,559377,Alan Pepper,,"Pepper, Alan (TAMU) Lab",Biology,Texas A&M University,Laboratory Technician,,0638,WSGI,completed,billing_initialized,hour,50,8/26/26 10:56,8/26/26 10:56,9/21/26 10:11,9/24/26 11:26,9/25/26 03:05,9/24/26 23:59,jun Fan,Molecular Genomics Workspace,MGW-6140679,,,,,75229204,No status set,,Laboratory Technician,N/A,,,,,,3986
MGW-AP-5719,Project Request,563701,Alan Pepper,,"Pepper, Alan (TAMU) Lab",Biology,Texas A&M University,CFX96 Real-Time PCR System,,0638,WSGI,completed,billing_initialized,each,176.88,8/26/26 13:00,8/26/26 13:00,9/21/26 10:11,9/24/26 11:26,9/25/26 03:05,9/24/26 23:59,jun Fan,Molecular Genomics Workspace,MGW-6140679,,,,,75235608,No status set,,Instrument Charges,N/A,,,,,,3986
MGW-AP-5719,Project Request,561154,Alan Pepper,,"Pepper, Alan (TAMU) Lab",Biology,Texas A&M University,QC Client-prepared Library KAPA - Consumables,,0638,WSGI,completed,billing_initialized,each,110,8/26/26 13:00,8/26/26 13:00,9/21/26 10:11,9/24/26 11:26,9/25/26 03:05,9/24/26 23:59,jun Fan,Molecular Genomics Workspace,MGW-6140679,,,,,75235632,No status set,,QC - Consumables,N/A,,,,,,3986
MGW-AN-5310,Equipment Scheduling,297786,Alanna Noland,,"Mateos, Mariana (TAMU) Lab",Ecology and Conservations Biology,Texas A&M University,Genomic  DNA Usage (per sample),,0638,WSGI,completed,billing_initialized,each,15.2,10/14/25 11:49,10/14/25 12:37,10/27/25 10:06,10/28/25 16:51,10/31/25 03:00,10/28/25 23:59,Paola Galvan,Molecular Genomics Workspace,MGW-5492184,,,,,67537109,No status set,,Self Service - TapeStation/Bioanalyzer,N/A,,,,,,3986
MGW-AN-5310,Equipment Scheduling,295966,Alanna Noland,,"Mateos, Mariana (TAMU) Lab",Ecology and Conservations Biology,Texas A&M University,"Tape Station (Agilent) (Tape Station (Agilent)) | Tuesday, October 14",,0638,WSGI,completed,billing_initialized,hour,0,10/27/25 10:06,10/14/25 12:37,10/27/25 10:06,10/28/25 16:51,10/31/25 03:00,10/28/25 23:59,Paola Galvan,Molecular Genomics Workspace,MGW-5492184,,,,,67833540,No status set,,Molecular Biology,Self-Use,,,,,,3986
MGW-AS-4754,QIAseq microRNA Library Prep (per sample),529020,Alexandra Svetlik,Graduate Student,"Porter, Weston (TAMU) Lab",,Texas A&M University,Sequencing - P4-XLEAP - 100 cycle (~1.8B reads),,0638,WSGI,completed,billing_initialized,each,3180,9/15/25 15:33,9/15/25 15:33,10/27/25 10:05,12/18/25 16:34,12/19/25 03:00,12/18/25 23:59,jun Fan,Molecular Genomics Workspace,MGW-5607164,,,,,66792533,No status set,,Full Service - Sequencing (NextSeq 2000),N/A,,,,,,3986
MGW-AS-4754,QIAseq microRNA Library Prep (per sample),334494,Alexandra Svetlik,Graduate Student,"Porter, Weston (TAMU) Lab",,Texas A&M University,NextFlex Small RNA Library Prep (per sample),,0638,WSGI,completed,billing_initialized,each,12600,9/15/25 15:54,9/15/25 15:54,10/27/25 10:05,12/18/25 16:34,12/19/25 03:00,12/18/25 23:59,jun Fan,Molecular Genomics Workspace,MGW-5607164,,,,,66793519,No status set,,Full Service - RNA Library Preparation for Illumina NGS,N/A,,,,,,3986
MGW-AS-4754,QIAseq microRNA Library Prep (per sample),307585,Alexandra Svetlik,Graduate Student,"Porter, Weston (TAMU) Lab",,Texas A&M University,Bioinformatics Service (per hour),,0638,WSGI,completed,billing_initialized,hour,75,9/15/25 16:00,9/15/25 16:00,10/27/25 10:05,12/18/25 16:34,12/19/25 03:00,12/18/25 23:59,jun Fan,Molecular Genomics Workspace,MGW-5607164,,,,,66793688,No status set,,Full Service - Bioinformatics,N/A,,,,,,3986
MGW-AW-5717,Project Request,561161,Alexandra Wells,,"Schoggins, John (UTSW) Lab",,University of Texas Southwestern Medical Center,Qiagen Rneasy Mini Kit - Consumables,,0638,WSGI,proposed,not_ready_to_bill,each,99.84,8/24/26 13:16,8/24/26 13:16,,n/a,n/a,n/a,jun Fan,Molecular Genomics Workspace,no invoice,,,,,75177201,No status set,,DNA-RNA-Isolation - Consumable,N/A,,,,,,3986
MGW-AW-5717,Project Request,561151,Alexandra Wells,,"Schoggins, John (UTSW) Lab",,University of Texas Southwestern Medical Center,QC RNA - Consumables,,0638,WSGI,proposed,not_ready_to_bill,each,53.1,8/24/26 13:17,8/24/26 13:17,,n/a,n/a,n/a,jun Fan,Molecular Genomics Workspace,no invoice,,,,,75177219,No status set,,QC - Consumables,N/A,,,,,,3986
MGW-AW-5717,Project Request,574258,Alexandra Wells,,"Schoggins, John (UTSW) Lab",,University of Texas Southwestern Medical Center,PacBio-Kinnex full-length RNAseq library preparation,,0638,WSGI,proposed,not_ready_to_bill,each,750,8/24/26 13:17,8/24/26 13:17,,n/a,n/a,n/a,jun Fan,Molecular Genomics Workspace,no invoice,,,,,75177239,No status set,,PacBio Consumables,N/A,,,,,,3986
MGW-AW-5717,Project Request,570518,Alexandra Wells,,"Schoggins, John (UTSW) Lab",,University of Texas Southwestern Medical Center,PacBio-RNA iso seq library - Consumables ,,0638,WSGI,proposed,not_ready_to_bill,each,720,8/24/26 13:17,8/24/26 13:17,,n/a,n/a,n/a,jun Fan,Molecular Genomics Workspace,no invoice,,,,,75177246,No status set,,PacBio Consumables,N/A,,,,,,3986
MGW-AW-5717,Project Request,563404,Alexandra Wells,,"Schoggins, John (UTSW) Lab",,University of Texas Southwestern Medical Center,PacBio-Revio SMRTcell sequencing - Consumables ,,0638,WSGI,proposed,not_ready_to_bill,each,1090,8/24/26 13:17,8/24/26 13:17,,n/a,n/a,n/a,jun Fan,Molecular Genomics Workspace,no invoice,,,,,75177253,No status set,,PacBio Consumables,N/A,,,,,,3986
MGW-AW-5717,Project Request,559373,Alexandra Wells,,"Schoggins, John (UTSW) Lab",,University of Texas Southwestern Medical Center,4200 TapeStation,,0638,WSGI,proposed,not_ready_to_bill,hour,10.92,8/24/26 13:18,8/24/26 13:18,,n/a,n/a,n/a,jun Fan,Molecular Genomics Workspace,no invoice,,,,,75177267,No status set,,Instrument Charges,N/A,,,,,,3986
MGW-AW-5717,Project Request,563414,Alexandra Wells,,"Schoggins, John (UTSW) Lab",,University of Texas Southwestern Medical Center,Femto Pulse ,,0638,WSGI,proposed,not_ready_to_bill,each,7.5,8/24/26 13:18,8/24/26 13:18,,n/a,n/a,n/a,jun Fan,Molecular Genomics Workspace,no invoice,,,,,75177278,No status set,,Instrument Charges,N/A,,,,,,3986
MGW-AW-5717,Project Request,559381,Alexandra Wells,,"Schoggins, John (UTSW) Lab",,University of Texas Southwestern Medical Center,PacBio Revio,,0638,WSGI,proposed,not_ready_to_bill,hour,588.7,8/24/26 13:18,8/24/26 13:18,,n/a,n/a,n/a,jun Fan,Molecular Genomics Workspace,no invoice,,,,,75177283,No status set,,Instrument Charges,N/A,,,,,,3986
MGW-AW-5717,Project Request,559377,Alexandra Wells,,"Schoggins, John (UTSW) Lab",,University of Texas Southwestern Medical Center,Laboratory Technician,,0638,WSGI,proposed,not_ready_to_bill,hour,118,8/24/26 13:18,8/24/26 13:18,,n/a,n/a,n/a,jun Fan,Molecular Genomics Workspace,no invoice,,,,,75177287,No status set,,Laboratory Technician,N/A,,,,,,3986
MGW-AG-4686,"ddPCR, Probe Chemistry, full service, per column (1-8 samples)",464185,Alhussien Gaber,,"Rogovsky, Artem (MSU) Lab",,Michigan State University,qPCR Setup (per run),,0638,WSGI,completed,billing_initialized,each,46,9/22/25 10:25,9/22/25 10:25,9/29/25 10:10,9/29/25 16:12,9/30/25 03:00,9/29/25 23:59,Paola Galvan,Molecular Genomics Workspace,MGW-5434204,,,,,66944650,No status set,,Full Service - Reverse transcription & Real-time PCR,N/A,,,,,,3986
MGW-AG-4686,"ddPCR, Probe Chemistry, full service, per column (1-8 samples)",464186,Alhussien Gaber,,"Rogovsky, Artem (MSU) Lab",,Michigan State University,"qPCR Reaction, SYBR Green Chemistry (per reaction)",,0638,WSGI,completed,billing_initialized,each,16.2,9/22/25 10:25,9/22/25 10:25,9/29/25 10:10,9/29/25 16:12,9/30/25 03:00,9/29/25 23:59,Paola Galvan,Molecular Genomics Workspace,MGW-5434204,,,,,66944661,No status set,,Full Service - Reverse transcription & Real-time PCR,N/A,,,,,,3986
MGW-AG-4686,"ddPCR, Probe Chemistry, full service, per column (1-8 samples)",335709,Alhussien Gaber,,"Rogovsky, Artem (MSU) Lab",,Michigan State University,Molecular Biology Lab Work (per hour),qPCR set up,0638,WSGI,completed,billing_initialized,each,48.9,9/22/25 10:26,9/22/25 10:26,9/29/25 10:10,9/29/25 16:12,9/30/25 03:00,9/29/25 23:59,Paola Galvan,Molecular Genomics Workspace,MGW-5434204,,,,,66944683,No status set,,Full Service - Additional Fees,N/A,,,,,,3986
MGW-AM-5336,PowerSoil (Qiagen) Microbiome DNA  Isolation (per sample),307647,Alynn Martin,,"Martin, Alynn (TAMU) Lab",,Texas A&M University,PowerSoil (Qiagen) Microbiome DNA  Isolation (per sample),,0638,WSGI,cancelled,cancelled,each,0,11/18/25 09:32,11/18/25 09:32,,n/a,n/a,n/a,jun Fan,Molecular Genomics Workspace,no invoice,,,,,68477857,No status set,,Full Service - DNA/RNA isolation,N/A,,,,,,3986
MGW-AM-5336,PowerSoil (Qiagen) Microbiome DNA  Isolation (per sample),504480,Alynn Martin,,"Martin, Alynn (TAMU) Lab",,Texas A&M University,QC DNA (per sample),,0638,WSGI,cancelled,cancelled,each,0,11/18/25 09:33,11/18/25 09:33,,n/a,n/a,n/a,jun Fan,Molecular Genomics Workspace,no invoice,,,,,68477873,No status set,,Full Service - DNA/RNA QC,N/A,,,,,,3986
MGW-AM-5336,PowerSoil (Qiagen) Microbiome DNA  Isolation (per sample),367936,Alynn Martin,,"Martin, Alynn (TAMU) Lab",,Texas A&M University,Illumina DNA Tagmentation Library Prep (per sample),,0638,WSGI,cancelled,cancelled,each,0,11/18/25 09:33,11/18/25 09:33,,n/a,n/a,n/a,jun Fan,Molecular Genomics Workspace,no invoice,,,,,68477887,No status set,,Full Service - DNA Library Preparation (Illumina NGS),N/A,,,,,,3986
MGW-AM-5336,PowerSoil (Qiagen) Microbiome DNA  Isolation (per sample),529022,Alynn Martin,,"Martin, Alynn (TAMU) Lab",,Texas A&M University,Sequencing - P4-XLEAP - 300 cycle (~1.8B reads),,0638,WSGI,cancelled,cancelled,each,0,11/18/25 09:34,11/18/25 09:34,,n/a,n/a,n/a,jun Fan,Molecular Genomics Workspace,no invoice,,,,,68477917,No status set,,Full Service - Sequencing (NextSeq 2000),N/A,,,,,,3986
MGW-AM-5364,PowerSoil (Qiagen) Microbiome DNA  Isolation (per sample),307647,Alynn Martin,,"Martin, Alynn (TAMU) Lab",,Texas A&M University,PowerSoil (Qiagen) Microbiome DNA  Isolation (per sample),The number reflected the actual number of samples extracted.,0638,WSGI,completed,billing_initialized,each,2610,11/18/25 10:17,11/18/25 10:17,6/22/26 10:16,6/25/26 11:44,7/6/26 17:14,6/25/26 23:59,jun Fan,Molecular Genomics Workspace,MGW-5970358,,,,,68479846,No status set,,Full Service - DNA/RNA isolation,N/A,,,,,,3986
MGW-AM-5364,PowerSoil (Qiagen) Microbiome DNA  Isolation (per sample),504480,Alynn Martin,,"Martin, Alynn (TAMU) Lab",,Texas A&M University,QC DNA (per sample),,0638,WSGI,completed,billing_initialized,each,1548.6,11/18/25 10:18,11/18/25 10:18,6/22/26 10:16,6/25/26 11:44,7/6/26 17:14,6/25/26 23:59,jun Fan,Molecular Genomics Workspace,MGW-5970358,,,,,68479876,No status set,,Full Service - DNA/RNA QC,N/A,,,,,,3986
MGW-AM-5364,PowerSoil (Qiagen) Microbiome DNA  Isolation (per sample),539476,Alynn Martin,,"Martin, Alynn (TAMU) Lab",,Texas A&M University,Oxford Nanopore Rapid Library Preparation (per sample),"Sixteen libraries were prepared; however, some sequenced poorly.",0638,WSGI,completed,billing_initialized,each,1050,11/18/25 10:18,11/18/25 10:18,6/22/26 10:16,6/25/26 11:44,7/6/26 17:14,6/25/26 23:59,jun Fan,Molecular Genomics Workspace,MGW-5970358,,,,,68479910,No status set,,Full Service - Oxford Nanopore Library Prep & Sequencing,N/A,,,,,,3986
MGW-AM-5364,PowerSoil (Qiagen) Microbiome DNA  Isolation (per sample),529100,Alynn Martin,,"Martin, Alynn (TAMU) Lab",,Texas A&M University,"PromethION Flow Cell R10.4.1 (per flow cell, 1-12 flow cells)",The number reflected the actual number of flow cells used.,0638,WSGI,completed,billing_initialized,each,3600,11/18/25 10:23,11/18/25 10:23,6/22/26 10:16,6/25/26 11:44,7/6/26 17:14,6/25/26 23:59,jun Fan,Molecular Genomics Workspace,MGW-5970358,,,,,68480130,No status set,,Full Service - Oxford Nanopore Library Prep & Sequencing,N/A,,,,,,3986
MGW-AM-5374,PowerSoil (Qiagen) Microbiome DNA  Isolation (per sample),307647,Alynn Martin,,"Martin, Alynn (TAMU) Lab",,Texas A&M University,PowerSoil (Qiagen) Microbiome DNA  Isolation (per sample),,0638,WSGI,cancelled,cancelled,each,0,11/18/25 10:26,11/18/25 10:26,,n/a,n/a,n/a,jun Fan,Molecular Genomics Workspace,no invoice,,,,,68480266,No status set,,Full Service - DNA/RNA isolation,N/A,,,,,,3986
MGW-AM-5374,PowerSoil (Qiagen) Microbiome DNA  Isolation (per sample),504480,Alynn Martin,,"Martin, Alynn (TAMU) Lab",,Texas A&M University,QC DNA (per sample),,0638,WSGI,cancelled,cancelled,each,0,11/18/25 10:27,11/18/25 10:27,,n/a,n/a,n/a,jun Fan,Molecular Genomics Workspace,no invoice,,,,,68480296,No status set,,Full Service - DNA/RNA QC,N/A,,,,,,3986
MGW-AM-5374,PowerSoil (Qiagen) Microbiome DNA  Isolation (per sample),367936,Alynn Martin,,"Martin, Alynn (TAMU) Lab",,Texas A&M University,Illumina DNA Tagmentation Library Prep (per sample),,0638,WSGI,cancelled,cancelled,each,0,11/18/25 10:27,11/18/25 10:27,,n/a,n/a,n/a,jun Fan,Molecular Genomics Workspace,no invoice,,,,,68480303,No status set,,Full Service - DNA Library Preparation (Illumina NGS),N/A,,,,,,3986
MGW-AM-5374,PowerSoil (Qiagen) Microbiome DNA  Isolation (per sample),529022,Alynn Martin,,"Martin, Alynn (TAMU) Lab",,Texas A&M University,Sequencing - P4-XLEAP - 300 cycle (~1.8B reads),,0638,WSGI,cancelled,cancelled,each,0,11/18/25 10:27,11/18/25 10:27,,n/a,n/a,n/a,jun Fan,Molecular Genomics Workspace,no invoice,,,,,68480319,No status set,,Full Service - Sequencing (NextSeq 2000),N/A,,,,,,3986
MGW-AM-5364,PowerSoil (Qiagen) Microbiome DNA  Isolation (per sample),559377,Alynn Martin,,"Martin, Alynn (TAMU) Lab",,Texas A&M University,Laboratory Technician,,0638,WSGI,completed,billing_initialized,hour,800,5/5/26 17:07,5/5/26 17:07,6/22/26 10:16,6/25/26 11:44,7/6/26 17:14,6/25/26 23:59,jun Fan,Molecular Genomics Workspace,MGW-5970358,,,,,72545139,No status set,,Laboratory Technician,N/A,,,,,,3986
MGW-AM-5364,PowerSoil (Qiagen) Microbiome DNA  Isolation (per sample),559373,Alynn Martin,,"Martin, Alynn (TAMU) Lab",,Texas A&M University,4200 TapeStation,,0638,WSGI,completed,billing_initialized,hour,60,5/5/26 17:07,5/5/26 17:07,6/22/26 10:16,6/25/26 11:44,7/6/26 17:14,6/25/26 23:59,jun Fan,Molecular Genomics Workspace,MGW-5970358,,,,,72545140,No status set,,Instrument Charges,N/A,,,,,,3986
MGW-AM-5364,PowerSoil (Qiagen) Microbiome DNA  Isolation (per sample),559371,Alynn Martin,,"Martin, Alynn (TAMU) Lab",,Texas A&M University,NextSeq 2000 Sequencing System (S/N VH00580),,0638,WSGI,completed,billing_initialized,each,250,5/5/26 17:07,5/5/26 17:07,6/22/26 10:16,6/25/26 11:44,7/6/26 17:14,6/25/26 23:59,jun Fan,Molecular Genomics Workspace,MGW-5970358,,,,,72545145,No status set,,Instrument Charges,N/A,,,,,,3986
MGW-AM-5364,PowerSoil (Qiagen) Microbiome DNA  Isolation (per sample),561152,Alynn Martin,,"Martin, Alynn (TAMU) Lab",,Texas A&M University,QC Core-prepared Library,,0638,WSGI,completed,billing_initialized,each,777.5,5/5/26 17:07,5/5/26 17:07,6/22/26 10:16,6/25/26 11:44,7/6/26 17:14,6/25/26 23:59,jun Fan,Molecular Genomics Workspace,MGW-5970358,,,,,72545151,No status set,,QC - Consumables,N/A,,,,,,3986
MGW-AM-5364,PowerSoil (Qiagen) Microbiome DNA  Isolation (per sample),561265,Alynn Martin,,"Martin, Alynn (TAMU) Lab",,Texas A&M University,NextSeq 2000 P4 XLEAP-SBS Reagent Kit (300 cycles),,0638,WSGI,completed,billing_initialized,each,5346,5/5/26 17:08,5/5/26 17:08,6/22/26 10:16,6/25/26 11:44,7/6/26 17:14,6/25/26 23:59,jun Fan,Molecular Genomics Workspace,MGW-5970358,,,,,72545163,No status set,,Sequencing (NextSeq 2000) - Consumables,N/A,,,,,,3986
MGW-AM-5364,PowerSoil (Qiagen) Microbiome DNA  Isolation (per sample),567613,Alynn Martin,,"Martin, Alynn (TAMU) Lab",,Texas A&M University,Watchmaker DNA-seq library,,0638,WSGI,completed,billing_initialized,each,2131.5,5/5/26 17:09,5/5/26 17:09,6/22/26 10:16,6/25/26 11:44,7/6/26 17:14,6/25/26 23:59,jun Fan,Molecular Genomics Workspace,MGW-5970358,,,,,72545180,No status set,,DNA Library Preparation - Consumables,N/A,,,,,,3986
MGW-AF-5620,Project Request,567613,Alyson Fontenot,,"Wickersham, Tryon (TAMU) Lab",Animal Science,Texas A&M University,Watchmaker DNA-seq library - Consumables,,0638,WSGI,completed,billing_initialized,each,1449.42,6/30/26 18:32,6/30/26 18:32,9/21/26 10:14,9/24/26 11:26,9/25/26 03:05,9/24/26 23:59,jun Fan,Molecular Genomics Workspace,MGW-6140671,,,,,73887048,No status set,,DNA Library Preparation - Consumables,N/A,,,,,,3986
MGW-AF-5620,Project Request,559377,Alyson Fontenot,,"Wickersham, Tryon (TAMU) Lab",Animal Science,Texas A&M University,Laboratory Technician,,0638,WSGI,completed,billing_initialized,hour,1250,6/30/26 18:32,6/30/26 18:32,9/21/26 10:14,9/24/26 11:26,9/25/26 03:05,9/24/26 23:59,jun Fan,Molecular Genomics Workspace,MGW-6140671,,,,,73887050,No status set,,Laboratory Technician,N/A,,,,,,3986
MGW-AF-5620,Project Request,560903,Alyson Fontenot,,"Wickersham, Tryon (TAMU) Lab",Animal Science,Texas A&M University,QC DNA - Consumables,,0638,WSGI,completed,billing_initialized,each,605.2,6/30/26 18:32,6/30/26 18:32,9/21/26 10:14,9/24/26 11:26,9/25/26 03:05,9/24/26 23:59,jun Fan,Molecular Genomics Workspace,MGW-6140671,,,,,73887051,No status set,,QC - Consumables,N/A,,,,,,3986
MGW-AF-5620,Project Request,561152,Alyson Fontenot,,"Wickersham, Tryon (TAMU) Lab",Animal Science,Texas A&M University,QC Core-prepared Library - Consumables,,0638,WSGI,completed,billing_initialized,each,1586.1,6/30/26 18:32,6/30/26 18:32,9/21/26 10:14,9/24/26 11:26,9/25/26 03:05,9/24/26 23:59,jun Fan,Molecular Genomics Workspace,MGW-6140671,,,,,73887052,No status set,,QC - Consumables,N/A,,,,,,3986
MGW-AF-5620,Project Request,571884,Alyson Fontenot,,"Wickersham, Tryon (TAMU) Lab",Animal Science,Texas A&M University,NovaSeq X 10B 300 cycles 1 lane- Consumables,,0638,WSGI,completed,billing_initialized,each,2854,6/30/26 18:33,6/30/26 18:33,9/21/26 10:14,9/24/26 11:26,9/25/26 03:05,9/24/26 23:59,jun Fan,Molecular Genomics Workspace,MGW-6140671,,,,,73887061,No status set,,NovaSeq - Consumables,N/A,,,,,,3986
MGW-AF-5620,Project Request,559373,Alyson Fontenot,,"Wickersham, Tryon (TAMU) Lab",Animal Science,Texas A&M University,4200 TapeStation,,0638,WSGI,completed,billing_initialized,hour,244.8,6/30/26 18:33,6/30/26 18:33,9/21/26 10:14,9/24/26 11:26,9/25/26 03:05,9/24/26 23:59,jun Fan,Molecular Genomics Workspace,MGW-6140671,,,,,73887063,No status set,,Instrument Charges,N/A,,,,,,3986
MGW-AF-5620,Project Request,559376,Alyson Fontenot,,"Wickersham, Tryon (TAMU) Lab",Animal Science,Texas A&M University,Consumables,The reagent charge includes costs associated with both 16S rRNA v3v4 and v6v8 preparation.,0638,WSGI,completed,billing_initialized,each,904.4,6/30/26 18:35,6/30/26 18:35,9/21/26 10:14,9/24/26 11:26,9/25/26 03:05,9/24/26 23:59,jun Fan,Molecular Genomics Workspace,MGW-6140671,,,,,73887090,No status set,,Consumables,N/A,,,,,,3986
MGW-AF-5620,Project Request,559371,Alyson Fontenot,,"Wickersham, Tryon (TAMU) Lab",Animal Science,Texas A&M University,NextSeq 2000 Sequencing System (S/N VH00580),,0638,WSGI,completed,billing_initialized,each,250,6/30/26 18:38,6/30/26 18:38,9/21/26 10:14,9/24/26 11:26,9/25/26 03:05,9/24/26 23:59,jun Fan,Molecular Genomics Workspace,MGW-6140671,,,,,73887118,No status set,,Instrument Charges,N/A,,,,,,3986
MGW-AF-5620,Project Request,561241,Alyson Fontenot,,"Wickersham, Tryon (TAMU) Lab",Animal Science,Texas A&M University,NextSeq 2000 P1 XLEAP-SBS Reagent Kit (600 cycles) - Consumables,,0638,WSGI,completed,billing_initialized,each,1672,7/6/26 16:36,7/6/26 16:36,9/21/26 10:14,9/24/26 11:26,9/25/26 03:05,9/24/26 23:59,jun Fan,Molecular Genomics Workspace,MGW-6140671,,,,,74031761,No status set,,Sequencing (NextSeq 2000) - Consumables,N/A,,,,,,3986
MGW-AM-5562,Project Request,561181,Amanda Mahnke,,"Mahnke, Amanda (TAMU) Lab",Neuroscience & Experimental Therapeutics,Texas A&M University,Single Cell QC Trypan Blue - Consumables ,,0638,WSGI,financials_approved,not_ready_to_bill,each,81.24,5/8/26 14:26,5/8/26 14:26,,n/a,n/a,n/a,Sarah Sharpton,Molecular Genomics Workspace,no invoice,,,,,72634568,No status set,,Single Cell-Visuim QC-Isolation - Consumables,N/A,,,,,,3986
MGW-AM-5562,Project Request,561179,Amanda Mahnke,,"Mahnke, Amanda (TAMU) Lab",Neuroscience & Experimental Therapeutics,Texas A&M University,Single Cell QC DeNovix - Consumables,,0638,WSGI,financials_approved,not_ready_to_bill,each,7.78,5/8/26 14:26,5/8/26 14:26,,n/a,n/a,n/a,Sarah Sharpton,Molecular Genomics Workspace,no invoice,,,,,72634572,No status set,,Single Cell-Visuim QC-Isolation - Consumables,N/A,,,,,,3986
MGW-AM-5562,Project Request,561280,Amanda Mahnke,,"Mahnke, Amanda (TAMU) Lab",Neuroscience & Experimental Therapeutics,Texas A&M University,Customer Provided Kit - Parse Single Cell RNASeq - WT - (100K) Cells - Consumables,,0638,WSGI,financials_approved,not_ready_to_bill,each,500,5/8/26 14:27,5/8/26 14:27,,n/a,n/a,n/a,Sarah Sharpton,Molecular Genomics Workspace,no invoice,,,,,72634583,No status set,,Single Cell Library Preparation - Consumables,N/A,,,,,,3986
MGW-AM-5562,Project Request,559373,Amanda Mahnke,,"Mahnke, Amanda (TAMU) Lab",Neuroscience & Experimental Therapeutics,Texas A&M University,4200 TapeStation,,0638,WSGI,financials_approved,not_ready_to_bill,hour,19.2,5/8/26 14:27,5/8/26 14:27,,n/a,n/a,n/a,Sarah Sharpton,Molecular Genomics Workspace,no invoice,,,,,72634612,No status set,,Instrument Charges,N/A,,,,,,3986
MGW-AM-5562,Project Request,559371,Amanda Mahnke,,"Mahnke, Amanda (TAMU) Lab",Neuroscience & Experimental Therapeutics,Texas A&M University,NextSeq 2000 Sequencing System (S/N VH00580),,0638,WSGI,financials_approved,not_ready_to_bill,each,500,5/8/26 14:28,5/8/26 14:28,,n/a,n/a,n/a,Sarah Sharpton,Molecular Genomics Workspace,no invoice,,,,,72634619,No status set,,Instrument Charges,N/A,,,,,,3986
MGW-AM-5562,Project Request,561253,Amanda Mahnke,,"Mahnke, Amanda (TAMU) Lab",Neuroscience & Experimental Therapeutics,Texas A&M University,NextSeq 2000 P3 XLEAP-SBS Reagent Kit (100 cycles) - Consumables,,0638,WSGI,financials_approved,not_ready_to_bill,each,5130.4,5/8/26 14:28,5/8/26 14:28,,n/a,n/a,n/a,Sarah Sharpton,Molecular Genomics Workspace,no invoice,,,,,72634627,No status set,,Sequencing (NextSeq 2000) - Consumables,N/A,,,,,,3986
MGW-AM-5562,Project Request,559377,Amanda Mahnke,,"Mahnke, Amanda (TAMU) Lab",Neuroscience & Experimental Therapeutics,Texas A&M University,Laboratory Technician,,0638,WSGI,financials_approved,not_ready_to_bill,hour,500,5/8/26 14:28,5/8/26 14:28,,n/a,n/a,n/a,Sarah Sharpton,Molecular Genomics Workspace,no invoice,,,,,72634632,No status set,,Laboratory Technician,N/A,,,,,,3986
MGW-AM-5562,Project Request,561152,Amanda Mahnke,,"Mahnke, Amanda (TAMU) Lab",Neuroscience & Experimental Therapeutics,Texas A&M University,QC Core-prepared Library - Consumables,,0638,WSGI,financials_approved,not_ready_to_bill,each,124.4,5/8/26 14:30,5/8/26 14:30,,n/a,n/a,n/a,Sarah Sharpton,Molecular Genomics Workspace,no invoice,,,,,72634672,No status set,,QC - Consumables,N/A,,,,,,3986
MGW-AB-5405,DNA/RNA Qubit Usage (per sample) ,292897,Amelia Brave,Graduate Student,"Straight, Paul (TAMU) Lab",Biochemistry & Biophysics,Texas A&M University,DNA/RNA Qubit Usage (per sample) ,,0638,WSGI,cancelled,cancelled,each,0,1/15/26 15:42,1/15/26 15:42,,n/a,n/a,n/a,Paola Galvan,Molecular Genomics Workspace,no invoice,,,,,69747448,No status set,,Self Service - Qubit,N/A,,,,,,3986
MGW-AB-5405,DNA/RNA Qubit Usage (per sample) ,559377,Amelia Brave,Graduate Student,"Straight, Paul (TAMU) Lab",Biochemistry & Biophysics,Texas A&M University,Laboratory Technician,,0638,WSGI,cancelled,cancelled,hour,0,1/15/26 15:42,1/15/26 15:42,,n/a,n/a,n/a,Paola Galvan,Molecular Genomics Workspace,no invoice,,,,,69747460,No status set,,Laboratory Technician,N/A,,,,,,3986
MGW-AB-5444,Equipment Scheduling,292897,Amelia Brave,Graduate Student,"Straight, Paul (TAMU) Lab",Biochemistry & Biophysics,Texas A&M University,DNA/RNA Qubit Usage (per sample) ,,0638,WSGI,completed,billing_initialized,each,12,1/29/26 10:51,1/29/26 15:07,2/20/26 12:02,2/20/26 12:25,2/21/26 03:00,2/20/26 23:59,Amelia Brave,Molecular Genomics Workspace,MGW-5720444,,,,,70024808,No status set,,Self Service - Qubit,N/A,,,,,,3986
MGW-AB-5444,Equipment Scheduling,292897,Amelia Brave,Graduate Student,"Straight, Paul (TAMU) Lab",Biochemistry & Biophysics,Texas A&M University,DNA/RNA Qubit Usage (per sample) ,,0638,WSGI,completed,billing_initialized,each,12,2/20/26 11:57,1/20/26 10:55,2/20/26 12:02,2/20/26 12:25,2/21/26 03:00,2/20/26 23:59,Paola Galvan,Molecular Genomics Workspace,MGW-5720444,,,,,70600394,No status set,,Self Service - Qubit,N/A,,,,,,3986
MGW-AB-5444,Equipment Scheduling,292907,Amelia Brave,Graduate Student,"Straight, Paul (TAMU) Lab",Biochemistry & Biophysics,Texas A&M University,"Qubit Fluorometer (Life Technologies) (Qubit Fluorometer (Life Technologies)) | Tuesday, January 20",,0638,WSGI,completed,billing_initialized,hour,0,2/20/26 12:02,1/20/26 10:55,2/20/26 12:02,2/20/26 12:25,2/21/26 03:00,2/20/26 23:59,Paola Galvan,Molecular Genomics Workspace,MGW-5720444,,,,,70600648,No status set,,Molecular Biology,Self-Use,,,,,,3986
MGW-AB-5444,Equipment Scheduling,292907,Amelia Brave,Graduate Student,"Straight, Paul (TAMU) Lab",Biochemistry & Biophysics,Texas A&M University,"Qubit Fluorometer (Life Technologies) (Qubit Fluorometer (Life Technologies)) | Thursday, January 29",,0638,WSGI,completed,billing_initialized,hour,0,2/20/26 12:02,1/29/26 15:07,2/20/26 12:02,2/20/26 12:25,2/21/26 03:00,2/20/26 23:59,Paola Galvan,Molecular Genomics Workspace,MGW-5720444,,,,,70600650,No status set,,Molecular Biology,Self-Use,,,,,,3986
MGW-AT-5348,Equipment Scheduling,297787,Amy Tan,Post-Doctoral Fellow,"Strader, Marie (TAMU) Lab",,Texas A&M University,DNA D1000 Usage (per sample),,0638,WSGI,completed,billing_initialized,each,120,11/5/25 15:48,11/5/25 12:52,11/20/25 11:16,11/25/25 10:28,11/26/25 03:00,11/25/25 23:59,Paola Galvan,Molecular Genomics Workspace,MGW-5554531,,,,,68185730,No status set,,Self Service - TapeStation/Bioanalyzer,N/A,,,,,,3986
MGW-AT-5348,Equipment Scheduling,295966,Amy Tan,Post-Doctoral Fellow,"Strader, Marie (TAMU) Lab",,Texas A&M University,"Tape Station (Agilent) (Tape Station (Agilent)) | Wednesday, November 05",,0638,WSGI,completed,billing_initialized,hour,0,11/20/25 11:16,11/5/25 12:52,11/20/25 11:16,11/25/25 10:28,11/26/25 03:00,11/25/25 23:59,Paola Galvan,Molecular Genomics Workspace,MGW-5554531,,,,,68558793,No status set,,Molecular Biology,Self-Use,,,,,,3986
MGW-AT-5414,Equipment Scheduling,297787,Amy Tan,Post-Doctoral Fellow,"Strader, Marie (TAMU) Lab",,Texas A&M University,DNA D1000 Usage (per sample),,0638,WSGI,completed,billing_initialized,each,64.8,12/19/25 13:05,12/19/25 10:20,1/28/26 10:48,1/28/26 11:03,1/29/26 03:00,1/28/26 23:59,Paola Galvan,Molecular Genomics Workspace,MGW-5668381,,,,,69264516,No status set,,Self Service - TapeStation/Bioanalyzer,N/A,,,,,,3986
MGW-AT-5414,Equipment Scheduling,295966,Amy Tan,Post-Doctoral Fellow,"Strader, Marie (TAMU) Lab",,Texas A&M University,"Tape Station (Agilent) (Tape Station (Agilent)) | Friday, December 19",,0638,WSGI,completed,billing_initialized,hour,51,1/28/26 10:48,12/19/25 10:20,1/28/26 10:48,1/28/26 11:03,1/29/26 03:00,1/28/26 23:59,Paola Galvan,Molecular Genomics Workspace,MGW-5668381,,,,,69986639,No status set,,Molecular Biology,Self-Use,,,,,,3986
MGW-AT-5502,Equipment Scheduling,297787,Amy Tan,Post-Doctoral Fellow,"Strader, Marie (TAMU) Lab",,Texas A&M University,DNA D1000 Usage (per sample),,0638,WSGI,completed,billing_initialized,each,64.8,3/9/26 12:05,3/10/26 11:12,3/26/26 13:47,3/26/26 14:02,3/27/26 03:00,3/26/26 23:59,Amy Tan,Molecular Genomics Workspace,MGW-5788684,,,,,71049067,No status set,,Self Service - TapeStation/Bioanalyzer,N/A,,,,,,3986
MGW-AT-5502,Equipment Scheduling,297786,Amy Tan,Post-Doctoral Fellow,"Strader, Marie (TAMU) Lab",,Texas A&M University,Genomic  DNA Usage (per sample),,0638,WSGI,completed,billing_initialized,each,81.6,3/9/26 12:05,3/10/26 11:12,3/26/26 13:47,3/26/26 14:02,3/27/26 03:00,3/26/26 23:59,Amy Tan,Molecular Genomics Workspace,MGW-5788684,,,,,71049084,No status set,,Self Service - TapeStation/Bioanalyzer,N/A,,,,,,3986
MGW-AT-5502,Equipment Scheduling,295966,Amy Tan,Post-Doctoral Fellow,"Strader, Marie (TAMU) Lab",,Texas A&M University,"Tape Station (Agilent) (Tape Station (Agilent)) | Tuesday, March 10",,0638,WSGI,completed,billing_initialized,hour,55,3/26/26 13:47,3/10/26 11:12,3/26/26 13:47,3/26/26 14:02,3/27/26 03:00,3/26/26 23:59,Paola Galvan,Molecular Genomics Workspace,MGW-5788684,,,,,71476675,No status set,,Molecular Biology,Self-Use,,,,,,3986
MGW-AT-5699,Equipment Scheduling,297792,Amy Tan,Post-Doctoral Fellow,"Strader, Marie (TAMU) Lab",,Texas A&M University,RNA Standard  Usage (per sample) - Consumables,,0638,WSGI,completed,billing_initialized,each,132,7/28/26 16:52,7/29/26 09:48,8/20/26 12:08,8/24/26 15:43,8/25/26 03:05,8/24/26 23:59,Amy Tan,Molecular Genomics Workspace,MGW-6084218,,,,,74530057,No status set,,Self Service - TapeStation/Bioanalyzer,N/A,,,,,,3986
MGW-AT-5699,Equipment Scheduling,297788,Amy Tan,Post-Doctoral Fellow,"Strader, Marie (TAMU) Lab",,Texas A&M University,DNA D5000  Usage (per sample) - Consumables,,0638,WSGI,completed,billing_initialized,each,17.4,7/28/26 16:53,7/29/26 09:48,8/20/26 12:08,8/24/26 15:43,8/25/26 03:05,8/24/26 23:59,Amy Tan,Molecular Genomics Workspace,MGW-6084218,,,,,74530085,No status set,,Self Service - TapeStation/Bioanalyzer,N/A,,,,,,3986
MGW-AT-5699,Equipment Scheduling,561952,Amy Tan,Post-Doctoral Fellow,"Strader, Marie (TAMU) Lab",,Texas A&M University,D5000 Ladder (1-15 samples) - Consumables,,0638,WSGI,completed,billing_initialized,each,11.3,7/28/26 16:53,7/29/26 09:48,8/20/26 12:08,8/24/26 15:43,8/25/26 03:05,8/24/26 23:59,Amy Tan,Molecular Genomics Workspace,MGW-6084218,,,,,74530086,No status set,,Self Service - TapeStation/Bioanalyzer,N/A,,,,,,3986
MGW-AT-5706,Equipment Scheduling,297787,Amy Tan,Post-Doctoral Fellow,"Strader, Marie (TAMU) Lab",,Texas A&M University,DNA D1000 Usage (per sample) - Consumables,,0638,WSGI,completed,billing_initialized,each,21.6,8/3/26 18:26,8/4/26 09:44,8/20/26 12:11,8/24/26 15:43,8/25/26 03:05,8/24/26 23:59,Amy Tan,Molecular Genomics Workspace,MGW-6084218,,,,,74700125,No status set,,Self Service - TapeStation/Bioanalyzer,N/A,,,,,,3986
MGW-AT-5706,Equipment Scheduling,297787,Amy Tan,Post-Doctoral Fellow,"Strader, Marie (TAMU) Lab",,Texas A&M University,DNA D1000 Usage (per sample) - Consumables,,0638,WSGI,completed,billing_initialized,each,21.6,8/11/26 16:45,8/12/26 14:29,8/20/26 12:11,8/24/26 15:43,8/25/26 03:05,8/24/26 23:59,Amy Tan,Molecular Genomics Workspace,MGW-6084218,,,,,74915030,No status set,,Self Service - TapeStation/Bioanalyzer,N/A,,,,,,3986
MGW-AT-5699,Equipment Scheduling,295966,Amy Tan,Post-Doctoral Fellow,"Strader, Marie (TAMU) Lab",,Texas A&M University,"Tape Station (Agilent) (Tape Station (Agilent)) | Wednesday, July 29",,0638,WSGI,completed,billing_initialized,hour,60,8/20/26 12:08,7/29/26 09:48,8/20/26 12:08,8/24/26 15:43,8/25/26 03:05,8/24/26 23:59,Paola Galvan,Molecular Genomics Workspace,MGW-6084218,,,,,75111636,No status set,,Molecular Biology,Self-Use,,,,,,3986
MGW-AT-5706,Equipment Scheduling,295966,Amy Tan,Post-Doctoral Fellow,"Strader, Marie (TAMU) Lab",,Texas A&M University,"Tape Station (Agilent) (Tape Station (Agilent)) | Tuesday, August 04",,0638,WSGI,completed,billing_initialized,hour,35,8/20/26 12:11,8/4/26 09:44,8/20/26 12:11,8/24/26 15:43,8/25/26 03:05,8/24/26 23:59,Paola Galvan,Molecular Genomics Workspace,MGW-6084218,,,,,75111787,No status set,,Molecular Biology,Self-Use,,,,,,3986
MGW-AT-5706,Equipment Scheduling,295966,Amy Tan,Post-Doctoral Fellow,"Strader, Marie (TAMU) Lab",,Texas A&M University,"Tape Station (Agilent) (Tape Station (Agilent)) | Wednesday, August 12",,0638,WSGI,completed,billing_initialized,hour,32,8/20/26 12:11,8/12/26 14:29,8/20/26 12:11,8/24/26 15:43,8/25/26 03:05,8/24/26 23:59,Paola Galvan,Molecular Genomics Workspace,MGW-6084218,,,,,75111815,No status set,,Molecular Biology,Self-Use,,,,,,3986
MGW-AT-5358,QC RNA  (per sample),504608,Andreea Trache,,"Trache, Andreea (TAMU) Lab",Medical Physiology,Texas A&M University,QC RNA  (per sample),,0638,WSGI,completed,billing_initialized,each,27.3,11/20/25 14:08,11/20/25 14:08,2/20/26 11:33,2/20/26 12:25,2/21/26 03:00,2/20/26 23:59,Paola Galvan,Molecular Genomics Workspace,MGW-5720434,,,,,68567322,No status set,,Full Service - DNA/RNA QC,N/A,,,,,,3986
MGW-ABP-5280,PacBio-Revio HiFi Whole Genome library prep,543492,Andres Barboza Pereira,,"Blackmon, Heath (TAMU) Lab",Biology,Texas A&M University,PacBio-Revio HiFi Whole Genome library prep,,0638,WSGI,completed,billing_initialized,each,1500,9/30/25 20:23,9/30/25 20:23,2/20/26 11:18,2/20/26 12:24,2/21/26 03:00,2/20/26 23:59,jun Fan,Molecular Genomics Workspace,MGW-5720425,,,,,67195223,No status set,,Uncategorized - New in Progress,N/A,,,,,,3986
MGW-ABP-5280,PacBio-Revio HiFi Whole Genome library prep,543493,Andres Barboza Pereira,,"Blackmon, Heath (TAMU) Lab",Biology,Texas A&M University,PacBio-Revio SMRTcell sequencing,,0638,WSGI,completed,billing_initialized,each,4425,9/30/25 20:23,9/30/25 20:23,2/20/26 11:18,2/20/26 12:24,2/21/26 03:00,2/20/26 23:59,jun Fan,Molecular Genomics Workspace,MGW-5720425,,,,,67195227,No status set,,Uncategorized - New in Progress,N/A,,,,,,3986
MGW-ABP-5280,PacBio-Revio HiFi Whole Genome library prep,539475,Andres Barboza Pereira,,"Blackmon, Heath (TAMU) Lab",Biology,Texas A&M University,Monarch (NEB) HMW DNA Isolation (per sample),,0638,WSGI,completed,billing_initialized,each,1180,9/30/25 20:24,9/30/25 20:24,2/20/26 11:18,2/20/26 12:24,2/21/26 03:00,2/20/26 23:59,jun Fan,Molecular Genomics Workspace,MGW-5720425,,,,,67195238,No status set,,Full Service - Oxford Nanopore Library Prep & Sequencing,N/A,,,,,,3986
MGW-AB-5530,"RNeasy Plus Universal RNA Isolation, 25 or more samples (per sample)",538877,Angela Bordin,Principal Investigator,"Bordin, Angela (TAMU) Lab",Large Animal Clinical Sciences,Texas A&M University,"RNeasy Plus Universal RNA Isolation, 25 or more samples (per sample)",,0638,WSGI,cancelled,cancelled,each,0,10/29/25 11:57,10/29/25 11:57,,n/a,n/a,n/a,jun Fan,Molecular Genomics Workspace,no invoice,,,,,67939600,No status set,,Full Service - DNA/RNA isolation,N/A,,,,,,3986
MGW-AB-5530,"RNeasy Plus Universal RNA Isolation, 25 or more samples (per sample)",504610,Angela Bordin,Principal Investigator,"Bordin, Angela (TAMU) Lab",Large Animal Clinical Sciences,Texas A&M University,Illumina Stranded mRNA (Ligation) Library Preparation (per sample),,0638,WSGI,cancelled,cancelled,each,0,10/29/25 11:57,10/29/25 11:57,,n/a,n/a,n/a,jun Fan,Molecular Genomics Workspace,no invoice,,,,,67939658,No status set,,Full Service - RNA Library Preparation for Illumina NGS,N/A,,,,,,3986
MGW-AB-5530,"RNeasy Plus Universal RNA Isolation, 25 or more samples (per sample)",504608,Angela Bordin,Principal Investigator,"Bordin, Angela (TAMU) Lab",Large Animal Clinical Sciences,Texas A&M University,QC RNA  (per sample),,0638,WSGI,cancelled,cancelled,each,0,10/29/25 11:57,10/29/25 11:57,,n/a,n/a,n/a,jun Fan,Molecular Genomics Workspace,no invoice,,,,,67939670,No status set,,Full Service - DNA/RNA QC,N/A,,,,,,3986
MGW-AB-5530,"RNeasy Plus Universal RNA Isolation, 25 or more samples (per sample)",534534,Angela Bordin,Principal Investigator,"Bordin, Angela (TAMU) Lab",Large Animal Clinical Sciences,Texas A&M University,Sequencing - P3-XLEAP - 200 cycle (~1B reads),,0638,WSGI,cancelled,cancelled,each,0,10/29/25 11:58,10/29/25 11:58,,n/a,n/a,n/a,jun Fan,Molecular Genomics Workspace,no invoice,,,,,67939696,No status set,,Full Service - Sequencing (NextSeq 2000),N/A,,,,,,3986
MGW-AW-5551,Project Request,561152,Ann Wehman,,"Wehman, Ann (TAMU) Lab",,Texas A&M University,QC Core-prepared Library,,0638,WSGI,completed,billing_initialized,each,155.5,4/28/26 16:22,4/28/26 16:22,5/26/26 10:22,5/27/26 16:32,5/28/26 03:00,5/27/26 23:59,jun Fan,Molecular Genomics Workspace,MGW-5910825,,,,,72307689,No status set,,QC - Consumables,N/A,,,,,,3986
MGW-AW-5551,Project Request,561152,Ann Wehman,,"Wehman, Ann (TAMU) Lab",,Texas A&M University,QC Core-prepared Library,,0638,WSGI,completed,billing_initialized,each,155.5,4/28/26 16:22,4/28/26 16:22,5/26/26 10:22,5/27/26 16:32,5/28/26 03:00,5/27/26 23:59,jun Fan,Molecular Genomics Workspace,MGW-5910825,,,,,72307690,No status set,,QC - Consumables,N/A,,,,,,3986
MGW-AW-5551,Project Request,561151,Ann Wehman,,"Wehman, Ann (TAMU) Lab",,Texas A&M University,QC RNA,,0638,WSGI,completed,billing_initialized,each,88.5,4/28/26 16:22,4/28/26 16:22,5/26/26 10:22,5/27/26 16:32,5/28/26 03:00,5/27/26 23:59,jun Fan,Molecular Genomics Workspace,MGW-5910825,,,,,72307697,No status set,,QC - Consumables,N/A,,,,,,3986
MGW-AW-5551,Project Request,561151,Ann Wehman,,"Wehman, Ann (TAMU) Lab",,Texas A&M University,QC RNA,,0638,WSGI,completed,billing_initialized,each,88.5,4/28/26 16:22,4/28/26 16:22,5/26/26 10:22,5/27/26 16:32,5/28/26 03:00,5/27/26 23:59,jun Fan,Molecular Genomics Workspace,MGW-5910825,,,,,72307699,No status set,,QC - Consumables,N/A,,,,,,3986
MGW-AW-5551,Project Request,564573,Ann Wehman,,"Wehman, Ann (TAMU) Lab",,Texas A&M University,Wathmaker mRNAseq library,,0638,WSGI,completed,billing_initialized,each,536.3,4/28/26 16:22,4/28/26 16:22,5/26/26 10:22,5/27/26 16:32,5/28/26 03:00,5/27/26 23:59,jun Fan,Molecular Genomics Workspace,MGW-5910825,,,,,72307716,No status set,,RNA Library Preparation - Consumables,N/A,,,,,,3986
MGW-AW-5551,Project Request,564573,Ann Wehman,,"Wehman, Ann (TAMU) Lab",,Texas A&M University,Wathmaker mRNAseq library,,0638,WSGI,completed,billing_initialized,each,536.3,4/28/26 16:22,4/28/26 16:22,5/26/26 10:22,5/27/26 16:32,5/28/26 03:00,5/27/26 23:59,jun Fan,Molecular Genomics Workspace,MGW-5910825,,,,,72307718,No status set,,RNA Library Preparation - Consumables,N/A,,,,,,3986
MGW-AW-5551,Project Request,561160,Ann Wehman,,"Wehman, Ann (TAMU) Lab",,Texas A&M University,Qiagen Rneasy Plus Universeral RNA Isolation,,0638,WSGI,completed,billing_initialized,each,197.8,4/28/26 16:22,4/28/26 16:22,5/26/26 10:22,5/27/26 16:32,5/28/26 03:00,5/27/26 23:59,jun Fan,Molecular Genomics Workspace,MGW-5910825,,,,,72307771,No status set,,DNA-RNA-Isolation - Consumable,N/A,,,,,,3986
MGW-AW-5551,Project Request,561160,Ann Wehman,,"Wehman, Ann (TAMU) Lab",,Texas A&M University,Qiagen Rneasy Plus Universeral RNA Isolation,,0638,WSGI,completed,billing_initialized,each,197.8,4/28/26 16:22,4/28/26 16:22,5/26/26 10:22,5/27/26 16:32,5/28/26 03:00,5/27/26 23:59,jun Fan,Molecular Genomics Workspace,MGW-5910825,,,,,72307773,No status set,,DNA-RNA-Isolation - Consumable,N/A,,,,,,3986
MGW-AW-5551,Project Request,559377,Ann Wehman,,"Wehman, Ann (TAMU) Lab",,Texas A&M University,Laboratory Technician,"The laboratory charge for RNA extraction, RNA QC, and library preparation and QC.",0638,WSGI,completed,billing_initialized,hour,375,4/28/26 16:23,4/28/26 16:23,5/26/26 10:22,5/27/26 16:32,5/28/26 03:00,5/27/26 23:59,jun Fan,Molecular Genomics Workspace,MGW-5910825,,,,,72307807,No status set,,Laboratory Technician,N/A,,,,,,3986
MGW-AW-5551,Project Request,559377,Ann Wehman,,"Wehman, Ann (TAMU) Lab",,Texas A&M University,Laboratory Technician,"The laboratory charge for RNA extraction, RNA QC, and library preparation and QC.",0638,WSGI,completed,billing_initialized,hour,375,4/28/26 16:23,4/28/26 16:23,5/26/26 10:22,5/27/26 16:32,5/28/26 03:00,5/27/26 23:59,jun Fan,Molecular Genomics Workspace,MGW-5910825,,,,,72307810,No status set,,Laboratory Technician,N/A,,,,,,3986
MGW-AW-5551,Project Request,559377,Ann Wehman,,"Wehman, Ann (TAMU) Lab",,Texas A&M University,Laboratory Technician,The laboratory charge for setting up the sequencing run.,0638,WSGI,completed,billing_initialized,hour,8.25,4/28/26 16:23,4/28/26 16:23,5/26/26 10:22,5/27/26 16:32,5/28/26 03:00,5/27/26 23:59,jun Fan,Molecular Genomics Workspace,MGW-5910825,,,,,72307816,No status set,,Laboratory Technician,N/A,,,,,,3986
MGW-AW-5551,Project Request,559377,Ann Wehman,,"Wehman, Ann (TAMU) Lab",,Texas A&M University,Laboratory Technician,The laboratory charge for setting up the sequencing run.,0638,WSGI,completed,billing_initialized,hour,8.25,4/28/26 16:23,4/28/26 16:23,5/26/26 10:22,5/27/26 16:32,5/28/26 03:00,5/27/26 23:59,jun Fan,Molecular Genomics Workspace,MGW-5910825,,,,,72307818,No status set,,Laboratory Technician,N/A,,,,,,3986
MGW-AW-5551,Project Request,559373,Ann Wehman,,"Wehman, Ann (TAMU) Lab",,Texas A&M University,4200 TapeStation,,0638,WSGI,completed,billing_initialized,hour,24,4/28/26 16:23,4/28/26 16:23,5/26/26 10:22,5/27/26 16:32,5/28/26 03:00,5/27/26 23:59,jun Fan,Molecular Genomics Workspace,MGW-5910825,,,,,72307827,No status set,,Instrument Charges,N/A,,,,,,3986
MGW-AW-5551,Project Request,559373,Ann Wehman,,"Wehman, Ann (TAMU) Lab",,Texas A&M University,4200 TapeStation,,0638,WSGI,completed,billing_initialized,hour,24,4/28/26 16:23,4/28/26 16:23,5/26/26 10:22,5/27/26 16:32,5/28/26 03:00,5/27/26 23:59,jun Fan,Molecular Genomics Workspace,MGW-5910825,,,,,72307829,No status set,,Instrument Charges,N/A,,,,,,3986
MGW-AW-5551,Project Request,559371,Ann Wehman,,"Wehman, Ann (TAMU) Lab",,Texas A&M University,NextSeq 2000 Sequencing System (S/N VH00580),,0638,WSGI,completed,billing_initialized,each,125,4/28/26 16:23,4/28/26 16:23,5/26/26 10:22,5/27/26 16:32,5/28/26 03:00,5/27/26 23:59,jun Fan,Molecular Genomics Workspace,MGW-5910825,,,,,72307846,No status set,,Instrument Charges,N/A,,,,,,3986
MGW-AW-5551,Project Request,559371,Ann Wehman,,"Wehman, Ann (TAMU) Lab",,Texas A&M University,NextSeq 2000 Sequencing System (S/N VH00580),,0638,WSGI,completed,billing_initialized,each,125,4/28/26 16:23,4/28/26 16:23,5/26/26 10:22,5/27/26 16:32,5/28/26 03:00,5/27/26 23:59,jun Fan,Molecular Genomics Workspace,MGW-5910825,,,,,72307848,No status set,,Instrument Charges,N/A,,,,,,3986
MGW-AW-5551,Project Request,561246,Ann Wehman,,"Wehman, Ann (TAMU) Lab",,Texas A&M University,NextSeq 2000 P2 XLEAP-SBS Reagent Kit (200 cycles),,0638,WSGI,completed,billing_initialized,each,1129.15,4/28/26 16:24,4/28/26 16:24,5/26/26 10:22,5/27/26 16:32,5/28/26 03:00,5/27/26 23:59,jun Fan,Molecular Genomics Workspace,MGW-5910825,,,,,72307952,No status set,,Sequencing (NextSeq 2000) - Consumables,N/A,,,,,,3986
MGW-AW-5551,Project Request,561246,Ann Wehman,,"Wehman, Ann (TAMU) Lab",,Texas A&M University,NextSeq 2000 P2 XLEAP-SBS Reagent Kit (200 cycles),,0638,WSGI,completed,billing_initialized,each,1129.15,4/28/26 16:24,4/28/26 16:24,5/26/26 10:22,5/27/26 16:32,5/28/26 03:00,5/27/26 23:59,jun Fan,Molecular Genomics Workspace,MGW-5910825,,,,,72307954,No status set,,Sequencing (NextSeq 2000) - Consumables,N/A,,,,,,3986
MGW-AB-5326,QX200 ddPCR Usage (per set of 8 samples),397981,Anna Busbee,Graduate Student,"Samuel, James (TAMU) Lab",Microbial Pathogenesis and Immunology,Texas A&M University,QX200 ddPCR Usage (per set of 8 samples),,0638,WSGI,completed,billing_initialized,each,88,11/6/25 10:15,11/6/25 10:15,11/24/25 10:17,11/25/25 10:28,11/26/25 03:00,11/25/25 23:59,Paola Galvan,Molecular Genomics Workspace,MGW-5554532,,,,,68203540,No status set,,Self Service - QX200 ddPCR,N/A,,,,,,3986
MGW-AB-5354,Equipment Scheduling,397981,Anna Busbee,Graduate Student,"Samuel, James (TAMU) Lab",Microbial Pathogenesis and Immunology,Texas A&M University,QX200 ddPCR Usage (per set of 8 samples),,0638,WSGI,completed,billing_initialized,each,352,11/7/25 09:28,11/10/25 08:00,11/20/25 12:00,11/25/25 10:28,11/26/25 03:00,11/25/25 23:59,Anna Busbee,Molecular Genomics Workspace,MGW-5554532,,,,,68242225,No status set,,Self Service - QX200 ddPCR,N/A,,,,,,3986
MGW-AB-5354,Equipment Scheduling,296365,Anna Busbee,Graduate Student,"Samuel, James (TAMU) Lab",Microbial Pathogenesis and Immunology,Texas A&M University,"QX200 Droplet Digital PCR System (Bio-Rad) (ddPCR system) | Monday, November 10",,0638,WSGI,completed,billing_initialized,hour,0,11/20/25 12:00,11/10/25 08:00,11/20/25 12:00,11/25/25 10:28,11/26/25 03:00,11/25/25 23:59,Paola Galvan,Molecular Genomics Workspace,MGW-5554532,,,,,68561200,No status set,,Molecular Biology,Self Use,,,,,,3986
MGW-AN-5547,Project Request,559373,Annie Newell-Fugate,Principal Investigator,"Newell-Fugate, Annie (TAMU) Lab",Vet Med - Physiology & Pharmacology,Texas A&M University,4200 TapeStation,,0638,WSGI,cancelled,cancelled,hour,0,4/27/26 17:36,4/27/26 17:36,,n/a,n/a,n/a,jun Fan,Molecular Genomics Workspace,no invoice,,,,,72267948,No status set,,Instrument Charges,N/A,,,,,,3986
MGW-AN-5547,Project Request,559371,Annie Newell-Fugate,Principal Investigator,"Newell-Fugate, Annie (TAMU) Lab",Vet Med - Physiology & Pharmacology,Texas A&M University,NextSeq 2000 Sequencing System (S/N VH00580),,0638,WSGI,cancelled,cancelled,each,0,4/27/26 17:37,4/27/26 17:37,,n/a,n/a,n/a,jun Fan,Molecular Genomics Workspace,no invoice,,,,,72267952,No status set,,Instrument Charges,N/A,,,,,,3986
MGW-AN-5547,Project Request,559377,Annie Newell-Fugate,Principal Investigator,"Newell-Fugate, Annie (TAMU) Lab",Vet Med - Physiology & Pharmacology,Texas A&M University,Laboratory Technician,"The labor hours cover RNA QC, RNA-seq library preparation, and library QC.",0638,WSGI,cancelled,cancelled,hour,0,4/27/26 17:37,4/27/26 17:37,,n/a,n/a,n/a,jun Fan,Molecular Genomics Workspace,no invoice,,,,,72267957,No status set,,Laboratory Technician,N/A,,,,,,3986
MGW-AN-5547,Project Request,559377,Annie Newell-Fugate,Principal Investigator,"Newell-Fugate, Annie (TAMU) Lab",Vet Med - Physiology & Pharmacology,Texas A&M University,Laboratory Technician,The laboratory charge for setting up the sequencing run.,0638,WSGI,cancelled,cancelled,hour,0,4/27/26 17:37,4/27/26 17:37,,n/a,n/a,n/a,jun Fan,Molecular Genomics Workspace,no invoice,,,,,72267958,No status set,,Laboratory Technician,N/A,,,,,,3986
MGW-AN-5547,Project Request,561152,Annie Newell-Fugate,Principal Investigator,"Newell-Fugate, Annie (TAMU) Lab",Vet Med - Physiology & Pharmacology,Texas A&M University,QC Core-prepared Library,,0638,WSGI,cancelled,cancelled,each,0,4/27/26 17:37,4/27/26 17:37,,n/a,n/a,n/a,jun Fan,Molecular Genomics Workspace,no invoice,,,,,72267961,No status set,,QC - Consumables,N/A,,,,,,3986
MGW-AN-5547,Project Request,561151,Annie Newell-Fugate,Principal Investigator,"Newell-Fugate, Annie (TAMU) Lab",Vet Med - Physiology & Pharmacology,Texas A&M University,QC RNA,,0638,WSGI,cancelled,cancelled,each,0,4/27/26 17:37,4/27/26 17:37,,n/a,n/a,n/a,jun Fan,Molecular Genomics Workspace,no invoice,,,,,72267963,No status set,,QC - Consumables,N/A,,,,,,3986
MGW-AN-5547,Project Request,564573,Annie Newell-Fugate,Principal Investigator,"Newell-Fugate, Annie (TAMU) Lab",Vet Med - Physiology & Pharmacology,Texas A&M University,Wathmaker mRNAseq library,,0638,WSGI,cancelled,cancelled,each,0,4/27/26 17:37,4/27/26 17:37,,n/a,n/a,n/a,jun Fan,Molecular Genomics Workspace,no invoice,,,,,72267967,No status set,,RNA Library Preparation - Consumables,N/A,,,,,,3986
MGW-AN-5547,Project Request,561264,Annie Newell-Fugate,Principal Investigator,"Newell-Fugate, Annie (TAMU) Lab",Vet Med - Physiology & Pharmacology,Texas A&M University,NextSeq 2000 P4 XLEAP-SBS Reagent Kit (200 cycles),,0638,WSGI,cancelled,cancelled,each,0,4/27/26 17:38,4/27/26 17:38,,n/a,n/a,n/a,jun Fan,Molecular Genomics Workspace,no invoice,,,,,72267970,No status set,,Sequencing (NextSeq 2000) - Consumables,N/A,,,,,,3986
MGW-AN-5621,Project Request,561151,Annie Newell-Fugate,Principal Investigator,"Newell-Fugate, Annie (TAMU) Lab",Vet Med - Physiology & Pharmacology,Texas A&M University,QC RNA - Consumables,,0638,WSGI,completed,billing_initialized,each,35.4,6/29/26 15:42,6/29/26 15:42,8/12/26 15:34,8/24/26 15:43,8/25/26 03:05,8/24/26 23:59,Paola Galvan,Molecular Genomics Workspace,MGW-6084209,,,,,73833457,No status set,,QC - Consumables,N/A,,,,,,3986
MGW-AN-5621,Project Request,559373,Annie Newell-Fugate,Principal Investigator,"Newell-Fugate, Annie (TAMU) Lab",Vet Med - Physiology & Pharmacology,Texas A&M University,4200 TapeStation,,0638,WSGI,completed,billing_initialized,hour,4.8,6/29/26 15:42,6/29/26 15:42,8/12/26 15:34,8/24/26 15:43,8/25/26 03:05,8/24/26 23:59,Paola Galvan,Molecular Genomics Workspace,MGW-6084209,,,,,73833485,No status set,,Instrument Charges,N/A,,,,,,3986
MGW-AN-5621,Project Request,559377,Annie Newell-Fugate,Principal Investigator,"Newell-Fugate, Annie (TAMU) Lab",Vet Med - Physiology & Pharmacology,Texas A&M University,Laboratory Technician,,0638,WSGI,completed,billing_initialized,hour,25,6/29/26 15:42,6/29/26 15:42,8/12/26 15:34,8/24/26 15:43,8/25/26 03:05,8/24/26 23:59,Paola Galvan,Molecular Genomics Workspace,MGW-6084209,,,,,73833499,No status set,,Laboratory Technician,N/A,,,,,,3986
MGW-AN-5676,Project Request,561151,Annie Newell-Fugate,Principal Investigator,"Newell-Fugate, Annie (TAMU) Lab",Vet Med - Physiology & Pharmacology,Texas A&M University,QC RNA - Consumables,,0638,WSGI,completed,billing_initialized,each,26.55,8/3/26 11:11,8/3/26 11:11,8/12/26 15:35,8/24/26 15:43,8/25/26 03:05,8/24/26 23:59,Paola Galvan,Molecular Genomics Workspace,MGW-6084209,,,,,74671794,No status set,,QC - Consumables,N/A,,,,,,3986
MGW-AN-5676,Project Request,559373,Annie Newell-Fugate,Principal Investigator,"Newell-Fugate, Annie (TAMU) Lab",Vet Med - Physiology & Pharmacology,Texas A&M University,4200 TapeStation,,0638,WSGI,completed,billing_initialized,hour,3.6,8/3/26 11:11,8/3/26 11:11,8/12/26 15:35,8/24/26 15:43,8/25/26 03:05,8/24/26 23:59,Paola Galvan,Molecular Genomics Workspace,MGW-6084209,,,,,74671877,No status set,,Instrument Charges,N/A,,,,,,3986
MGW-AN-5676,Project Request,559377,Annie Newell-Fugate,Principal Investigator,"Newell-Fugate, Annie (TAMU) Lab",Vet Med - Physiology & Pharmacology,Texas A&M University,Laboratory Technician,,0638,WSGI,completed,billing_initialized,hour,25,8/3/26 11:11,8/3/26 11:11,8/12/26 15:35,8/24/26 15:43,8/25/26 03:05,8/24/26 23:59,Paola Galvan,Molecular Genomics Workspace,MGW-6084209,,,,,74671901,No status set,,Laboratory Technician,N/A,,,,,,3986
MGW-AN-5685,Project Request,561151,Annie Newell-Fugate,Principal Investigator,"Newell-Fugate, Annie (TAMU) Lab",Vet Med - Physiology & Pharmacology,Texas A&M University,QC RNA - Consumables,,0638,WSGI,completed,billing_initialized,each,26.55,8/6/26 13:18,8/6/26 13:18,8/12/26 15:35,8/24/26 15:43,8/25/26 03:05,8/24/26 23:59,Paola Galvan,Molecular Genomics Workspace,MGW-6084209,,,,,74799968,No status set,,QC - Consumables,N/A,,,,,,3986
MGW-AN-5685,Project Request,559373,Annie Newell-Fugate,Principal Investigator,"Newell-Fugate, Annie (TAMU) Lab",Vet Med - Physiology & Pharmacology,Texas A&M University,4200 TapeStation,,0638,WSGI,completed,billing_initialized,hour,3.6,8/6/26 13:18,8/6/26 13:18,8/12/26 15:35,8/24/26 15:43,8/25/26 03:05,8/24/26 23:59,Paola Galvan,Molecular Genomics Workspace,MGW-6084209,,,,,74799983,No status set,,Instrument Charges,N/A,,,,,,3986
MGW-AN-5685,Project Request,559377,Annie Newell-Fugate,Principal Investigator,"Newell-Fugate, Annie (TAMU) Lab",Vet Med - Physiology & Pharmacology,Texas A&M University,Laboratory Technician,,0638,WSGI,completed,billing_initialized,hour,25,8/6/26 13:19,8/6/26 13:19,8/12/26 15:35,8/24/26 15:43,8/25/26 03:05,8/24/26 23:59,Paola Galvan,Molecular Genomics Workspace,MGW-6084209,,,,,74799994,No status set,,Laboratory Technician,N/A,,,,,,3986
MGW-ARO-5340,Equipment Scheduling,292911,Arafat Rahman Oany,Graduate Student,"Safe, Stephen (TAMU) Lab",Vet Med - Physiology & Pharmacology,Texas A&M University,"GentleMACS Octo Dissociator (Miltenyi) (GentleMACS Octo Dissociator (Miltenyi)) | Thursday, October 30",,0638,WSGI,completed,billing_initialized,hour,25.65,11/20/25 11:13,10/30/25 08:00,11/20/25 11:13,11/25/25 10:28,11/26/25 03:00,11/25/25 23:59,Paola Galvan,Molecular Genomics Workspace,MGW-5554537,,,,,68558703,No status set,,Cell Biology,Self-Use,,,,,,3986
MGW-ARO-5340,Equipment Scheduling,292911,Arafat Rahman Oany,Graduate Student,"Safe, Stephen (TAMU) Lab",Vet Med - Physiology & Pharmacology,Texas A&M University,"GentleMACS Octo Dissociator (Miltenyi) (GentleMACS Octo Dissociator (Miltenyi)) | Friday, October 31",,0638,WSGI,completed,billing_initialized,hour,25.65,11/20/25 11:14,10/31/25 08:00,11/20/25 11:14,11/25/25 10:28,11/26/25 03:00,11/25/25 23:59,Paola Galvan,Molecular Genomics Workspace,MGW-5554537,,,,,68558717,No status set,,Cell Biology,Self-Use,,,,,,3986
MGW-ARO-5342,Equipment Scheduling,292911,Arafat Rahman Oany,Graduate Student,"Safe, Stephen (TAMU) Lab",Vet Med - Physiology & Pharmacology,Texas A&M University,"GentleMACS Octo Dissociator (Miltenyi) (GentleMACS Octo Dissociator (Miltenyi)) | Monday, November 03",,0638,WSGI,completed,billing_initialized,hour,25.65,11/20/25 11:14,11/3/25 08:00,11/20/25 11:14,11/25/25 10:28,11/26/25 03:00,11/25/25 23:59,Paola Galvan,Molecular Genomics Workspace,MGW-5554537,,,,,68558718,No status set,,Cell Biology,Self-Use,,,,,,3986
MGW-ARO-5342,Equipment Scheduling,292911,Arafat Rahman Oany,Graduate Student,"Safe, Stephen (TAMU) Lab",Vet Med - Physiology & Pharmacology,Texas A&M University,"GentleMACS Octo Dissociator (Miltenyi) (GentleMACS Octo Dissociator (Miltenyi)) | Tuesday, November 04",,0638,WSGI,completed,billing_initialized,hour,25.65,11/20/25 11:14,11/4/25 08:00,11/20/25 11:14,11/25/25 10:28,11/26/25 03:00,11/25/25 23:59,Paola Galvan,Molecular Genomics Workspace,MGW-5554537,,,,,68558720,No status set,,Cell Biology,Self-Use,,,,,,3986
MGW-AR-5394,Project Request,561151,Artem Rogovsky,Principal Investigator,"Rogovsky, Artem (MSU) Lab",,Michigan State University,QC RNA,,0638,WSGI,completed,billing_initialized,each,643.7,1/6/26 11:02,1/6/26 11:02,4/23/26 12:38,4/24/26 16:20,4/25/26 03:00,4/24/26 23:59,jun Fan,Molecular Genomics Workspace,MGW-5846972,,,,,69492919,No status set,,QC - Consumables,N/A,,,,,,3986
MGW-AR-5394,Project Request,561173,Artem Rogovsky,Principal Investigator,"Rogovsky, Artem (MSU) Lab",,Michigan State University,"Illumina Stranded mRNA Prep, Ligation",,0638,WSGI,completed,billing_initialized,each,4305,1/6/26 11:03,1/6/26 11:03,4/23/26 12:38,4/24/26 16:20,4/25/26 03:00,4/24/26 23:59,jun Fan,Molecular Genomics Workspace,MGW-5846972,,,,,69492993,No status set,,RNA Library Preparation - Consumables,N/A,,,,,,3986
MGW-AR-5394,Project Request,561264,Artem Rogovsky,Principal Investigator,"Rogovsky, Artem (MSU) Lab",,Michigan State University,NextSeq 2000 P4 XLEAP-SBS Reagent Kit (200 cycles),,0638,WSGI,completed,billing_initialized,each,4466.3,1/6/26 11:10,1/6/26 11:10,4/23/26 12:38,4/24/26 16:20,4/25/26 03:00,4/24/26 23:59,jun Fan,Molecular Genomics Workspace,MGW-5846972,,,,,69493404,No status set,,Sequencing (NextSeq 2000) - Consumables,N/A,,,,,,3986
MGW-AR-5478,Project Request,560903,Artem Rogovsky,Principal Investigator,"Rogovsky, Artem (MSU) Lab",,Michigan State University,QC DNA,,0638,WSGI,completed,billing_initialized,each,35.6,3/19/26 14:41,3/19/26 14:41,4/23/26 13:05,4/24/26 16:21,4/25/26 03:00,4/24/26 23:59,jun Fan,Molecular Genomics Workspace,MGW-5846984,,,,,71312484,No status set,,QC - Consumables,N/A,,,,,,3986
MGW-AR-5478,Project Request,567462,Artem Rogovsky,Principal Investigator,"Rogovsky, Artem (MSU) Lab",,Michigan State University,PromethION flow cell,,0638,WSGI,completed,billing_initialized,each,1550,3/19/26 14:43,3/19/26 14:43,4/23/26 13:05,4/24/26 16:20,4/25/26 03:00,4/24/26 23:59,jun Fan,Molecular Genomics Workspace,MGW-5846972,,,,,71312613,No status set,,ONT Flow Cell - Consumable ,N/A,,,,,,3986
MGW-AR-5478,Project Request,567463,Artem Rogovsky,Principal Investigator,"Rogovsky, Artem (MSU) Lab",,Michigan State University,ONT-Rapid sequencing,,0638,WSGI,completed,billing_initialized,each,250,3/19/26 14:48,3/19/26 14:48,4/23/26 13:05,4/24/26 16:20,4/25/26 03:00,4/24/26 23:59,jun Fan,Molecular Genomics Workspace,MGW-5846972,,,,,71312768,No status set,,ONT-Consumable,N/A,,,,,,3986
MGW-AW-5517,Illumina DNA Prep (M) Tagmentation kit,561171,Aruna Weerasooriya,,"Weerasooriya, Aruna (TAMU) Lab",,Texas A&M University,Illumina DNA Prep (M) Tagmentation kit,,0638,WSGI,cancelled,cancelled,each,0,12/11/25 12:02,12/11/25 12:02,,n/a,n/a,n/a,jun Fan,Molecular Genomics Workspace,no invoice,,,,,69071793,No status set,,DNA Library Preparation - Consumables,N/A,,,,,,3986
MGW-AM-5349,Equipment Scheduling,292905,Audrey McElroy,,"McElroy, Audrey (TAMU) Lab",Poultry Science,Texas A&M University,"CFX Real-Time System (Bio-Rad) - REYN (CFX384 Real-Time System (Bio-Rad) GNK) | Wednesday, November 05",Dr. Farnell,0638,WSGI,completed,billing_initialized,hour,15.03,11/20/25 11:16,11/5/25 16:16,11/20/25 11:16,11/25/25 10:28,11/26/25 03:00,11/25/25 23:59,Paola Galvan,Molecular Genomics Workspace,MGW-5554541,,,,,68558801,No status set,,Molecular Biology,Self-Use,,,,,,3986
MGW-AM-5349,Equipment Scheduling,292905,Audrey McElroy,,"McElroy, Audrey (TAMU) Lab",Poultry Science,Texas A&M University,"CFX Real-Time System (Bio-Rad) - REYN (CFX384 Real-Time System (Bio-Rad) GNK) | Wednesday, November 19",,0638,WSGI,completed,billing_initialized,hour,11,11/24/25 10:24,11/19/25 16:15,11/24/25 10:24,11/25/25 10:28,11/26/25 03:00,11/25/25 23:59,Paola Galvan,Molecular Genomics Workspace,MGW-5554541,,,,,68618801,No status set,,Molecular Biology,Self-Use,,,,,,3986
MGW-BH-5258,TapeStation DNA D1000 (full service; per sample),292889,Baoye He,,"He, Baoye (TAMU) Lab",,Texas A&M University,TapeStation DNA D1000 (full service; per sample),The number might change once the actual samples arrive.,0638,WSGI,completed,billing_initialized,each,64,9/24/25 10:04,9/24/25 10:04,10/27/25 10:20,10/28/25 16:51,10/31/25 03:00,10/28/25 23:59,jun Fan,Molecular Genomics Workspace,MGW-5492173,,,,,67007606,No status set,,Full Service - DNA/RNA QC,N/A,,,,,,3986
MGW-BH-5258,TapeStation DNA D1000 (full service; per sample),464185,Baoye He,,"He, Baoye (TAMU) Lab",,Texas A&M University,qPCR Setup (per run),,0638,WSGI,completed,billing_initialized,each,40,9/24/25 10:04,9/24/25 10:04,10/27/25 10:20,10/28/25 16:51,10/31/25 03:00,10/28/25 23:59,jun Fan,Molecular Genomics Workspace,MGW-5492173,,,,,67007625,No status set,,Full Service - Reverse transcription & Real-time PCR,N/A,,,,,,3986
MGW-BH-5258,TapeStation DNA D1000 (full service; per sample),464186,Baoye He,,"He, Baoye (TAMU) Lab",,Texas A&M University,"qPCR Reaction, SYBR Green Chemistry (per reaction)",The number might change once the actual samples arrive.,0638,WSGI,completed,billing_initialized,each,18.8,9/24/25 10:04,9/24/25 10:04,10/27/25 10:20,10/28/25 16:51,10/31/25 03:00,10/28/25 23:59,jun Fan,Molecular Genomics Workspace,MGW-5492173,,,,,67007627,No status set,,Full Service - Reverse transcription & Real-time PCR,N/A,,,,,,3986
MGW-BH-5258,TapeStation DNA D1000 (full service; per sample),533141,Baoye He,,"He, Baoye (TAMU) Lab",,Texas A&M University,Sequencing - P1-XLEAP - 100 cycle (~100M reads),,0638,WSGI,completed,billing_initialized,each,885,9/24/25 10:05,9/24/25 10:05,10/27/25 10:20,10/28/25 16:51,10/31/25 03:00,10/28/25 23:59,jun Fan,Molecular Genomics Workspace,MGW-5492173,,,,,67007653,No status set,,Full Service - Sequencing (NextSeq 2000),N/A,,,,,,3986
MGW-BH-5475,Project Request,561153,Baoye He,,"He, Baoye (TAMU) Lab",,Texas A&M University,QC Client-prepared Library,,0638,WSGI,completed,billing_initialized,each,125.12,3/16/26 15:14,3/16/26 15:14,4/23/26 12:41,4/24/26 16:21,4/25/26 03:00,4/24/26 23:59,jun Fan,Molecular Genomics Workspace,MGW-5846983,,,,,71220577,No status set,,QC - Consumables,N/A,,,,,,3986
MGW-BH-5475,Project Request,559373,Baoye He,,"He, Baoye (TAMU) Lab",,Texas A&M University,4200 TapeStation,,0638,WSGI,completed,billing_initialized,hour,9.6,3/16/26 15:14,3/16/26 15:14,4/23/26 12:41,4/24/26 16:21,4/25/26 03:00,4/24/26 23:59,jun Fan,Molecular Genomics Workspace,MGW-5846983,,,,,71220580,No status set,,Instrument Charges,N/A,,,,,,3986
MGW-BH-5475,Project Request,559371,Baoye He,,"He, Baoye (TAMU) Lab",,Texas A&M University,NextSeq 2000 Sequencing System (S/N VH00580),,0638,WSGI,completed,billing_initialized,each,250,3/16/26 15:14,3/16/26 15:14,4/23/26 12:41,4/24/26 16:21,4/25/26 03:00,4/24/26 23:59,jun Fan,Molecular Genomics Workspace,MGW-5846983,,,,,71220590,No status set,,Instrument Charges,N/A,,,,,,3986
MGW-BH-5475,Project Request,561245,Baoye He,,"He, Baoye (TAMU) Lab",,Texas A&M University,NextSeq 2000 P2 XLEAP-SBS Reagent Kit (100 cycles),,0638,WSGI,completed,billing_initialized,each,1201.2,3/16/26 15:15,3/16/26 15:15,4/23/26 12:41,4/24/26 16:21,4/25/26 03:00,4/24/26 23:59,jun Fan,Molecular Genomics Workspace,MGW-5846983,,,,,71220604,No status set,,Sequencing (NextSeq 2000) - Consumables,N/A,,,,,,3986
MGW-BH-5475,Project Request,559377,Baoye He,,"He, Baoye (TAMU) Lab",,Texas A&M University,Laboratory Technician,,0638,WSGI,completed,billing_initialized,hour,16.5,3/16/26 15:17,3/16/26 15:17,4/23/26 12:41,4/24/26 16:21,4/25/26 03:00,4/24/26 23:59,jun Fan,Molecular Genomics Workspace,MGW-5846983,,,,,71220693,No status set,,Laboratory Technician,N/A,,,,,,3986
MGW-BD-5298,Monarch (NEB) HMW DNA Isolation (per sample),539475,Brian Davis,Principal Investigator,"Davis, Brian (TAMU) Lab",,Texas A&M University,Monarch (NEB) HMW DNA Isolation (per sample),,0638,WSGI,completed,billing_initialized,each,1180,10/22/25 14:31,10/22/25 14:31,2/20/26 11:11,2/20/26 12:25,2/21/26 03:00,2/20/26 23:59,jun Fan,Molecular Genomics Workspace,MGW-5720430,,,,,67739469,No status set,,Full Service - Oxford Nanopore Library Prep & Sequencing,N/A,,,,,,3986
MGW-BD-5432,Training Request,564525,Brian Davis,Principal Investigator,"Davis, Brian (TAMU) Lab",,Texas A&M University,Monarch HMW DNA Isolation,,0638,WSGI,cancelled,cancelled,each,0,2/4/26 13:30,2/4/26 13:30,,n/a,n/a,n/a,jun Fan,Molecular Genomics Workspace,no invoice,,,,,70211316,No status set,,DNA-RNA-Isolation - Consumable,N/A,,,,,,3986
MGW-BD-5432,Training Request,561169,Brian Davis,Principal Investigator,"Davis, Brian (TAMU) Lab",,Texas A&M University,Dovetail Genome Assemby Omni-C Full Solution,,0638,WSGI,cancelled,cancelled,each,0,2/4/26 13:30,2/4/26 13:30,,n/a,n/a,n/a,jun Fan,Molecular Genomics Workspace,no invoice,,,,,70211348,No status set,,DNA Library Preparation - Consumables,N/A,,,,,,3986
MGW-BD-5432,Training Request,564524,Brian Davis,Principal Investigator,"Davis, Brian (TAMU) Lab",,Texas A&M University,PacBio-Revio HiFi Whole Genome library ,,0638,WSGI,cancelled,cancelled,each,0,2/4/26 13:31,2/4/26 13:31,,n/a,n/a,n/a,jun Fan,Molecular Genomics Workspace,no invoice,,,,,70211373,No status set,,PacBio Consumables,N/A,,,,,,3986
MGW-BD-5432,Training Request,563404,Brian Davis,Principal Investigator,"Davis, Brian (TAMU) Lab",,Texas A&M University,PacBio-Revio SMRTcell sequencing ,,0638,WSGI,cancelled,cancelled,each,0,2/4/26 13:31,2/4/26 13:31,,n/a,n/a,n/a,jun Fan,Molecular Genomics Workspace,no invoice,,,,,70211381,No status set,,PacBio Consumables,N/A,,,,,,3986
MGW-BD-5432,Training Request,563704,Brian Davis,Principal Investigator,"Davis, Brian (TAMU) Lab",,Texas A&M University,Blue Pippen,,0638,WSGI,cancelled,cancelled,each,0,2/4/26 13:31,2/4/26 13:31,,n/a,n/a,n/a,jun Fan,Molecular Genomics Workspace,no invoice,,,,,70211404,No status set,,Instrument Charges,N/A,,,,,,3986
MGW-BD-5432,Training Request,563414,Brian Davis,Principal Investigator,"Davis, Brian (TAMU) Lab",,Texas A&M University,Femto Pulse ,,0638,WSGI,cancelled,cancelled,each,0,2/4/26 13:31,2/4/26 13:31,,n/a,n/a,n/a,jun Fan,Molecular Genomics Workspace,no invoice,,,,,70211407,No status set,,Instrument Charges,N/A,,,,,,3986
MGW-BD-5432,Training Request,559371,Brian Davis,Principal Investigator,"Davis, Brian (TAMU) Lab",,Texas A&M University,NextSeq 2000 Sequencing System (S/N VH00580),,0638,WSGI,cancelled,cancelled,each,0,2/4/26 13:31,2/4/26 13:31,,n/a,n/a,n/a,jun Fan,Molecular Genomics Workspace,no invoice,,,,,70211413,No status set,,Instrument Charges,N/A,,,,,,3986
MGW-BD-5432,Training Request,559381,Brian Davis,Principal Investigator,"Davis, Brian (TAMU) Lab",,Texas A&M University,PacBio Revio,,0638,WSGI,cancelled,cancelled,hour,0,2/4/26 13:31,2/4/26 13:31,,n/a,n/a,n/a,jun Fan,Molecular Genomics Workspace,no invoice,,,,,70211416,No status set,,Instrument Charges,N/A,,,,,,3986
MGW-BD-5432,Training Request,561258,Brian Davis,Principal Investigator,"Davis, Brian (TAMU) Lab",,Texas A&M University,NextSeq 2000 P3 XLEAP-SBS Reagent Kit (300 cycles),,0638,WSGI,cancelled,cancelled,each,0,2/4/26 13:32,2/4/26 13:32,,n/a,n/a,n/a,jun Fan,Molecular Genomics Workspace,no invoice,,,,,70211447,No status set,,Sequencing (NextSeq 2000) - Consumables,N/A,,,,,,3986
MGW-BD-5432,Training Request,559377,Brian Davis,Principal Investigator,"Davis, Brian (TAMU) Lab",,Texas A&M University,Laboratory Technician,,0638,WSGI,cancelled,cancelled,hour,0,2/4/26 13:41,2/4/26 13:41,,n/a,n/a,n/a,jun Fan,Molecular Genomics Workspace,no invoice,,,,,70212099,No status set,,Laboratory Technician,N/A,,,,,,3986
MGW-BD-5432,Training Request,560903,Brian Davis,Principal Investigator,"Davis, Brian (TAMU) Lab",,Texas A&M University,QC DNA,,0638,WSGI,cancelled,cancelled,each,0,2/4/26 13:43,2/4/26 13:43,,n/a,n/a,n/a,jun Fan,Molecular Genomics Workspace,no invoice,,,,,70212268,No status set,,QC - Consumables,N/A,,,,,,3986
MGW-BD-5432,Training Request,559373,Brian Davis,Principal Investigator,"Davis, Brian (TAMU) Lab",,Texas A&M University,4200 TapeStation,,0638,WSGI,cancelled,cancelled,hour,0,2/4/26 13:45,2/4/26 13:45,,n/a,n/a,n/a,jun Fan,Molecular Genomics Workspace,no invoice,,,,,70212412,No status set,,Instrument Charges,N/A,,,,,,3986
MGW-BD-5468,Project Request,564627,Brian Davis,Principal Investigator,"Davis, Brian (TAMU) Lab",,Texas A&M University,PacBio HMW gDNA extraction and QC,,0638,WSGI,completed,billing_initialized,each,936.15,3/4/26 13:28,3/4/26 13:28,8/17/26 10:43,8/24/26 15:42,8/25/26 03:05,8/24/26 23:59,jun Fan,Molecular Genomics Workspace,MGW-6084202,,,,,70939507,No status set,,PacBio Consumables,N/A,,,,,,3986
MGW-BD-5468,Project Request,564627,Brian Davis,Principal Investigator,"Davis, Brian (TAMU) Lab",,Texas A&M University,PacBio HMW gDNA extraction and QC,,0638,WSGI,completed,billing_initialized,each,936.15,3/4/26 13:28,3/4/26 13:28,8/17/26 10:43,8/24/26 15:42,8/25/26 03:05,8/24/26 23:59,jun Fan,Molecular Genomics Workspace,MGW-6084202,,,,,70939508,No status set,,PacBio Consumables,N/A,,,,,,3986
MGW-BD-5468,Project Request,564627,Brian Davis,Principal Investigator,"Davis, Brian (TAMU) Lab",,Texas A&M University,PacBio HMW gDNA extraction and QC,,0638,WSGI,completed,billing_initialized,each,936.15,3/4/26 13:28,3/4/26 13:28,8/17/26 10:43,8/24/26 15:42,8/25/26 03:05,8/24/26 23:59,jun Fan,Molecular Genomics Workspace,MGW-6084202,,,,,70939509,No status set,,PacBio Consumables,N/A,,,,,,3986
MGW-BD-5468,Project Request,564627,Brian Davis,Principal Investigator,"Davis, Brian (TAMU) Lab",,Texas A&M University,PacBio HMW gDNA extraction and QC,,0638,WSGI,completed,billing_initialized,each,936.13,3/4/26 13:28,3/4/26 13:28,8/17/26 10:43,8/24/26 15:42,8/25/26 03:05,8/24/26 23:59,jun Fan,Molecular Genomics Workspace,MGW-6084202,,,,,70939510,No status set,,PacBio Consumables,N/A,,,,,,3986
MGW-BD-5468,Project Request,564524,Brian Davis,Principal Investigator,"Davis, Brian (TAMU) Lab",,Texas A&M University,PacBio-Revio HiFi Whole Genome library ,,0638,WSGI,completed,billing_initialized,each,1750,3/4/26 13:28,3/4/26 13:28,8/17/26 10:43,8/24/26 15:42,8/25/26 03:05,8/24/26 23:59,jun Fan,Molecular Genomics Workspace,MGW-6084202,,,,,70939513,No status set,,PacBio Consumables,N/A,,,,,,3986
MGW-BD-5468,Project Request,564524,Brian Davis,Principal Investigator,"Davis, Brian (TAMU) Lab",,Texas A&M University,PacBio-Revio HiFi Whole Genome library ,,0638,WSGI,completed,billing_initialized,each,1750,3/4/26 13:28,3/4/26 13:28,8/17/26 10:43,8/24/26 15:42,8/25/26 03:05,8/24/26 23:59,jun Fan,Molecular Genomics Workspace,MGW-6084202,,,,,70939515,No status set,,PacBio Consumables,N/A,,,,,,3986
MGW-BD-5468,Project Request,564524,Brian Davis,Principal Investigator,"Davis, Brian (TAMU) Lab",,Texas A&M University,PacBio-Revio HiFi Whole Genome library ,,0638,WSGI,completed,billing_initialized,each,1750,3/4/26 13:28,3/4/26 13:28,8/17/26 10:43,8/24/26 15:42,8/25/26 03:05,8/24/26 23:59,jun Fan,Molecular Genomics Workspace,MGW-6084202,,,,,70939516,No status set,,PacBio Consumables,N/A,,,,,,3986
MGW-BD-5468,Project Request,564524,Brian Davis,Principal Investigator,"Davis, Brian (TAMU) Lab",,Texas A&M University,PacBio-Revio HiFi Whole Genome library ,,0638,WSGI,completed,billing_initialized,each,1750,3/4/26 13:28,3/4/26 13:28,8/17/26 10:43,8/24/26 15:42,8/25/26 03:05,8/24/26 23:59,jun Fan,Molecular Genomics Workspace,MGW-6084202,,,,,70939517,No status set,,PacBio Consumables,N/A,,,,,,3986
MGW-BD-5468,Project Request,563404,Brian Davis,Principal Investigator,"Davis, Brian (TAMU) Lab",,Texas A&M University,PacBio-Revio SMRTcell sequencing ,,0638,WSGI,completed,billing_initialized,each,3815,3/4/26 13:28,3/4/26 13:28,8/17/26 10:43,8/24/26 15:42,8/25/26 03:05,8/24/26 23:59,jun Fan,Molecular Genomics Workspace,MGW-6084202,,,,,70939519,No status set,,PacBio Consumables,N/A,,,,,,3986
MGW-BD-5468,Project Request,563404,Brian Davis,Principal Investigator,"Davis, Brian (TAMU) Lab",,Texas A&M University,PacBio-Revio SMRTcell sequencing ,,0638,WSGI,completed,billing_initialized,each,3815,3/4/26 13:28,3/4/26 13:28,8/17/26 10:43,8/24/26 15:42,8/25/26 03:05,8/24/26 23:59,jun Fan,Molecular Genomics Workspace,MGW-6084202,,,,,70939520,No status set,,PacBio Consumables,N/A,,,,,,3986
MGW-BD-5468,Project Request,563404,Brian Davis,Principal Investigator,"Davis, Brian (TAMU) Lab",,Texas A&M University,PacBio-Revio SMRTcell sequencing ,,0638,WSGI,completed,billing_initialized,each,3815,3/4/26 13:28,3/4/26 13:28,8/17/26 10:43,8/24/26 15:42,8/25/26 03:05,8/24/26 23:59,jun Fan,Molecular Genomics Workspace,MGW-6084202,,,,,70939521,No status set,,PacBio Consumables,N/A,,,,,,3986
MGW-BD-5468,Project Request,563404,Brian Davis,Principal Investigator,"Davis, Brian (TAMU) Lab",,Texas A&M University,PacBio-Revio SMRTcell sequencing ,,0638,WSGI,completed,billing_initialized,each,3815,3/4/26 13:28,3/4/26 13:28,8/17/26 10:43,8/24/26 15:42,8/25/26 03:05,8/24/26 23:59,jun Fan,Molecular Genomics Workspace,MGW-6084202,,,,,70939522,No status set,,PacBio Consumables,N/A,,,,,,3986
MGW-BD-5468,Project Request,559381,Brian Davis,Principal Investigator,"Davis, Brian (TAMU) Lab",,Texas A&M University,PacBio Revio,"The cost is $12 per hour per SMRT Cell run. Each tray contains four flow cells; therefore, the total cost is $48 per hour for a full tray run.",0638,WSGI,completed,billing_initialized,hour,1008,3/4/26 13:29,3/4/26 13:29,8/17/26 10:43,8/24/26 15:42,8/25/26 03:05,8/24/26 23:59,jun Fan,Molecular Genomics Workspace,MGW-6084202,,,,,70939596,No status set,,Instrument Charges,N/A,,,,,,3986
MGW-BD-5468,Project Request,559381,Brian Davis,Principal Investigator,"Davis, Brian (TAMU) Lab",,Texas A&M University,PacBio Revio,"The cost is $12 per hour per SMRT Cell run. Each tray contains four flow cells; therefore, the total cost is $48 per hour for a full tray run.",0638,WSGI,completed,billing_initialized,hour,1008,3/4/26 13:29,3/4/26 13:29,8/17/26 10:43,8/24/26 15:42,8/25/26 03:05,8/24/26 23:59,jun Fan,Molecular Genomics Workspace,MGW-6084202,,,,,70939597,No status set,,Instrument Charges,N/A,,,,,,3986
MGW-BD-5468,Project Request,559381,Brian Davis,Principal Investigator,"Davis, Brian (TAMU) Lab",,Texas A&M University,PacBio Revio,"The cost is $12 per hour per SMRT Cell run. Each tray contains four flow cells; therefore, the total cost is $48 per hour for a full tray run.",0638,WSGI,completed,billing_initialized,hour,1008,3/4/26 13:29,3/4/26 13:29,8/17/26 10:43,8/24/26 15:42,8/25/26 03:05,8/24/26 23:59,jun Fan,Molecular Genomics Workspace,MGW-6084202,,,,,70939598,No status set,,Instrument Charges,N/A,,,,,,3986
MGW-BD-5468,Project Request,559381,Brian Davis,Principal Investigator,"Davis, Brian (TAMU) Lab",,Texas A&M University,PacBio Revio,"The cost is $12 per hour per SMRT Cell run. Each tray contains four flow cells; therefore, the total cost is $48 per hour for a full tray run.",0638,WSGI,completed,billing_initialized,hour,1008,3/4/26 13:29,3/4/26 13:29,8/17/26 10:43,8/24/26 15:42,8/25/26 03:05,8/24/26 23:59,jun Fan,Molecular Genomics Workspace,MGW-6084202,,,,,70939599,No status set,,Instrument Charges,N/A,,,,,,3986
MGW-BD-5468,Project Request,559377,Brian Davis,Principal Investigator,"Davis, Brian (TAMU) Lab",,Texas A&M University,Laboratory Technician,Labor charge for 12 SMRT cells' sequencing run loading,0638,WSGI,completed,billing_initialized,hour,21.88,3/4/26 13:30,3/4/26 13:30,8/17/26 10:43,8/24/26 15:42,8/25/26 03:05,8/24/26 23:59,jun Fan,Molecular Genomics Workspace,MGW-6084202,,,,,70939635,No status set,,Laboratory Technician,N/A,,,,,,3986
MGW-BD-5468,Project Request,559377,Brian Davis,Principal Investigator,"Davis, Brian (TAMU) Lab",,Texas A&M University,Laboratory Technician,Labor charge for 12 SMRT cells' sequencing run loading,0638,WSGI,completed,billing_initialized,hour,21.88,3/4/26 13:30,3/4/26 13:30,8/17/26 10:43,8/24/26 15:42,8/25/26 03:05,8/24/26 23:59,jun Fan,Molecular Genomics Workspace,MGW-6084202,,,,,70939639,No status set,,Laboratory Technician,N/A,,,,,,3986
MGW-BD-5468,Project Request,559377,Brian Davis,Principal Investigator,"Davis, Brian (TAMU) Lab",,Texas A&M University,Laboratory Technician,Labor charge for 12 SMRT cells' sequencing run loading,0638,WSGI,completed,billing_initialized,hour,21.88,3/4/26 13:30,3/4/26 13:30,8/17/26 10:43,8/24/26 15:42,8/25/26 03:05,8/24/26 23:59,jun Fan,Molecular Genomics Workspace,MGW-6084202,,,,,70939640,No status set,,Laboratory Technician,N/A,,,,,,3986
MGW-BD-5468,Project Request,559377,Brian Davis,Principal Investigator,"Davis, Brian (TAMU) Lab",,Texas A&M University,Laboratory Technician,Labor charge for 12 SMRT cells' sequencing run loading,0638,WSGI,completed,billing_initialized,hour,21.86,3/4/26 13:30,3/4/26 13:30,8/17/26 10:43,8/24/26 15:42,8/25/26 03:05,8/24/26 23:59,jun Fan,Molecular Genomics Workspace,MGW-6084202,,,,,70939642,No status set,,Laboratory Technician,N/A,,,,,,3986
MGW-BD-5468,Project Request,566152,Brian Davis,Principal Investigator,"Davis, Brian (TAMU) Lab",,Texas A&M University,HiC library preparation,,0638,WSGI,completed,billing_initialized,each,375.92,3/4/26 13:30,3/4/26 13:30,8/17/26 10:43,8/24/26 15:42,8/25/26 03:05,8/24/26 23:59,jun Fan,Molecular Genomics Workspace,MGW-6084202,,,,,70939673,No status set,,DNA Library Preparation - Consumables,N/A,,,,,,3986
MGW-BD-5468,Project Request,566152,Brian Davis,Principal Investigator,"Davis, Brian (TAMU) Lab",,Texas A&M University,HiC library preparation,,0638,WSGI,completed,billing_initialized,each,375.92,3/4/26 13:30,3/4/26 13:30,8/17/26 10:43,8/24/26 15:42,8/25/26 03:05,8/24/26 23:59,jun Fan,Molecular Genomics Workspace,MGW-6084202,,,,,70939675,No status set,,DNA Library Preparation - Consumables,N/A,,,,,,3986
MGW-BD-5468,Project Request,566152,Brian Davis,Principal Investigator,"Davis, Brian (TAMU) Lab",,Texas A&M University,HiC library preparation,,0638,WSGI,completed,billing_initialized,each,375.92,3/4/26 13:30,3/4/26 13:30,8/17/26 10:43,8/24/26 15:42,8/25/26 03:05,8/24/26 23:59,jun Fan,Molecular Genomics Workspace,MGW-6084202,,,,,70939676,No status set,,DNA Library Preparation - Consumables,N/A,,,,,,3986
MGW-BD-5468,Project Request,566152,Brian Davis,Principal Investigator,"Davis, Brian (TAMU) Lab",,Texas A&M University,HiC library preparation,,0638,WSGI,completed,billing_initialized,each,375.92,3/4/26 13:30,3/4/26 13:30,8/17/26 10:43,8/24/26 15:42,8/25/26 03:05,8/24/26 23:59,jun Fan,Molecular Genomics Workspace,MGW-6084202,,,,,70939677,No status set,,DNA Library Preparation - Consumables,N/A,,,,,,3986
MGW-BD-5468,Project Request,559377,Brian Davis,Principal Investigator,"Davis, Brian (TAMU) Lab",,Texas A&M University,Laboratory Technician,Labor charge for two HiC library preparation.,0638,WSGI,completed,billing_initialized,hour,312.5,3/4/26 13:31,3/4/26 13:31,8/17/26 10:43,8/24/26 15:42,8/25/26 03:05,8/24/26 23:59,jun Fan,Molecular Genomics Workspace,MGW-6084202,,,,,70939719,No status set,,Laboratory Technician,N/A,,,,,,3986
MGW-BD-5468,Project Request,559377,Brian Davis,Principal Investigator,"Davis, Brian (TAMU) Lab",,Texas A&M University,Laboratory Technician,Labor charge for two HiC library preparation.,0638,WSGI,completed,billing_initialized,hour,312.5,3/4/26 13:31,3/4/26 13:31,8/17/26 10:43,8/24/26 15:42,8/25/26 03:05,8/24/26 23:59,jun Fan,Molecular Genomics Workspace,MGW-6084202,,,,,70939720,No status set,,Laboratory Technician,N/A,,,,,,3986
MGW-BD-5468,Project Request,559377,Brian Davis,Principal Investigator,"Davis, Brian (TAMU) Lab",,Texas A&M University,Laboratory Technician,Labor charge for two HiC library preparation.,0638,WSGI,completed,billing_initialized,hour,312.5,3/4/26 13:31,3/4/26 13:31,8/17/26 10:43,8/24/26 15:42,8/25/26 03:05,8/24/26 23:59,jun Fan,Molecular Genomics Workspace,MGW-6084202,,,,,70939721,No status set,,Laboratory Technician,N/A,,,,,,3986
MGW-BD-5468,Project Request,559377,Brian Davis,Principal Investigator,"Davis, Brian (TAMU) Lab",,Texas A&M University,Laboratory Technician,Labor charge for two HiC library preparation.,0638,WSGI,completed,billing_initialized,hour,312.5,3/4/26 13:31,3/4/26 13:31,8/17/26 10:43,8/24/26 15:42,8/25/26 03:05,8/24/26 23:59,jun Fan,Molecular Genomics Workspace,MGW-6084202,,,,,70939722,No status set,,Laboratory Technician,N/A,,,,,,3986
MGW-BD-5468,Project Request,559373,Brian Davis,Principal Investigator,"Davis, Brian (TAMU) Lab",,Texas A&M University,4200 TapeStation,,0638,WSGI,completed,billing_initialized,hour,1.8,3/4/26 13:31,3/4/26 13:31,8/17/26 10:43,8/24/26 15:42,8/25/26 03:05,8/24/26 23:59,jun Fan,Molecular Genomics Workspace,MGW-6084202,,,,,70939731,No status set,,Instrument Charges,N/A,,,,,,3986
MGW-BD-5468,Project Request,559373,Brian Davis,Principal Investigator,"Davis, Brian (TAMU) Lab",,Texas A&M University,4200 TapeStation,,0638,WSGI,completed,billing_initialized,hour,1.8,3/4/26 13:31,3/4/26 13:31,8/17/26 10:43,8/24/26 15:42,8/25/26 03:05,8/24/26 23:59,jun Fan,Molecular Genomics Workspace,MGW-6084202,,,,,70939733,No status set,,Instrument Charges,N/A,,,,,,3986
MGW-BD-5468,Project Request,559373,Brian Davis,Principal Investigator,"Davis, Brian (TAMU) Lab",,Texas A&M University,4200 TapeStation,,0638,WSGI,completed,billing_initialized,hour,1.8,3/4/26 13:31,3/4/26 13:31,8/17/26 10:43,8/24/26 15:42,8/25/26 03:05,8/24/26 23:59,jun Fan,Molecular Genomics Workspace,MGW-6084202,,,,,70939734,No status set,,Instrument Charges,N/A,,,,,,3986
MGW-BD-5468,Project Request,559373,Brian Davis,Principal Investigator,"Davis, Brian (TAMU) Lab",,Texas A&M University,4200 TapeStation,,0638,WSGI,completed,billing_initialized,hour,1.8,3/4/26 13:31,3/4/26 13:31,8/17/26 10:43,8/24/26 15:42,8/25/26 03:05,8/24/26 23:59,jun Fan,Molecular Genomics Workspace,MGW-6084202,,,,,70939737,No status set,,Instrument Charges,N/A,,,,,,3986
MGW-BD-5468,Project Request,561152,Brian Davis,Principal Investigator,"Davis, Brian (TAMU) Lab",,Texas A&M University,QC Core-prepared Library,,0638,WSGI,completed,billing_initialized,each,7.78,3/4/26 13:41,3/4/26 13:41,8/17/26 10:43,8/24/26 15:42,8/25/26 03:05,8/24/26 23:59,jun Fan,Molecular Genomics Workspace,MGW-6084202,,,,,70940359,No status set,,QC - Consumables,N/A,,,,,,3986
MGW-BD-5468,Project Request,561152,Brian Davis,Principal Investigator,"Davis, Brian (TAMU) Lab",,Texas A&M University,QC Core-prepared Library,,0638,WSGI,completed,billing_initialized,each,7.78,3/4/26 13:41,3/4/26 13:41,8/17/26 10:43,8/24/26 15:42,8/25/26 03:05,8/24/26 23:59,jun Fan,Molecular Genomics Workspace,MGW-6084202,,,,,70940362,No status set,,QC - Consumables,N/A,,,,,,3986
MGW-BD-5468,Project Request,561152,Brian Davis,Principal Investigator,"Davis, Brian (TAMU) Lab",,Texas A&M University,QC Core-prepared Library,,0638,WSGI,completed,billing_initialized,each,7.78,3/4/26 13:41,3/4/26 13:41,8/17/26 10:43,8/24/26 15:42,8/25/26 03:05,8/24/26 23:59,jun Fan,Molecular Genomics Workspace,MGW-6084202,,,,,70940363,No status set,,QC - Consumables,N/A,,,,,,3986
MGW-BD-5468,Project Request,561152,Brian Davis,Principal Investigator,"Davis, Brian (TAMU) Lab",,Texas A&M University,QC Core-prepared Library,,0638,WSGI,completed,billing_initialized,each,7.76,3/4/26 13:41,3/4/26 13:41,8/17/26 10:43,8/24/26 15:42,8/25/26 03:05,8/24/26 23:59,jun Fan,Molecular Genomics Workspace,MGW-6084202,,,,,70940364,No status set,,QC - Consumables,N/A,,,,,,3986
MGW-BD-5468,Project Request,559371,Brian Davis,Principal Investigator,"Davis, Brian (TAMU) Lab",,Texas A&M University,NextSeq 2000 Sequencing System (S/N VH00580),,0638,WSGI,completed,billing_initialized,each,62.5,3/4/26 13:42,3/4/26 13:42,8/17/26 10:43,8/24/26 15:42,8/25/26 03:05,8/24/26 23:59,jun Fan,Molecular Genomics Workspace,MGW-6084202,,,,,70940470,No status set,,Instrument Charges,N/A,,,,,,3986
MGW-BD-5468,Project Request,559371,Brian Davis,Principal Investigator,"Davis, Brian (TAMU) Lab",,Texas A&M University,NextSeq 2000 Sequencing System (S/N VH00580),,0638,WSGI,completed,billing_initialized,each,62.5,3/4/26 13:42,3/4/26 13:42,8/17/26 10:43,8/24/26 15:42,8/25/26 03:05,8/24/26 23:59,jun Fan,Molecular Genomics Workspace,MGW-6084202,,,,,70940471,No status set,,Instrument Charges,N/A,,,,,,3986
MGW-BD-5468,Project Request,559371,Brian Davis,Principal Investigator,"Davis, Brian (TAMU) Lab",,Texas A&M University,NextSeq 2000 Sequencing System (S/N VH00580),,0638,WSGI,completed,billing_initialized,each,62.5,3/4/26 13:42,3/4/26 13:42,8/17/26 10:43,8/24/26 15:42,8/25/26 03:05,8/24/26 23:59,jun Fan,Molecular Genomics Workspace,MGW-6084202,,,,,70940472,No status set,,Instrument Charges,N/A,,,,,,3986
MGW-BD-5468,Project Request,559371,Brian Davis,Principal Investigator,"Davis, Brian (TAMU) Lab",,Texas A&M University,NextSeq 2000 Sequencing System (S/N VH00580),,0638,WSGI,completed,billing_initialized,each,62.5,3/4/26 13:42,3/4/26 13:42,8/17/26 10:43,8/24/26 15:42,8/25/26 03:05,8/24/26 23:59,jun Fan,Molecular Genomics Workspace,MGW-6084202,,,,,70940473,No status set,,Instrument Charges,N/A,,,,,,3986
MGW-BD-5468,Project Request,561258,Brian Davis,Principal Investigator,"Davis, Brian (TAMU) Lab",,Texas A&M University,NextSeq 2000 P3 XLEAP-SBS Reagent Kit (300 cycles),,0638,WSGI,completed,billing_initialized,each,1183.88,3/4/26 13:43,3/4/26 13:43,8/17/26 10:43,8/24/26 15:42,8/25/26 03:05,8/24/26 23:59,jun Fan,Molecular Genomics Workspace,MGW-6084202,,,,,70940505,No status set,,Sequencing (NextSeq 2000) - Consumables,N/A,,,,,,3986
MGW-BD-5468,Project Request,561258,Brian Davis,Principal Investigator,"Davis, Brian (TAMU) Lab",,Texas A&M University,NextSeq 2000 P3 XLEAP-SBS Reagent Kit (300 cycles),,0638,WSGI,completed,billing_initialized,each,1183.88,3/4/26 13:43,3/4/26 13:43,8/17/26 10:43,8/24/26 15:42,8/25/26 03:05,8/24/26 23:59,jun Fan,Molecular Genomics Workspace,MGW-6084202,,,,,70940509,No status set,,Sequencing (NextSeq 2000) - Consumables,N/A,,,,,,3986
MGW-BD-5468,Project Request,561258,Brian Davis,Principal Investigator,"Davis, Brian (TAMU) Lab",,Texas A&M University,NextSeq 2000 P3 XLEAP-SBS Reagent Kit (300 cycles),,0638,WSGI,completed,billing_initialized,each,1183.88,3/4/26 13:43,3/4/26 13:43,8/17/26 10:43,8/24/26 15:42,8/25/26 03:05,8/24/26 23:59,jun Fan,Molecular Genomics Workspace,MGW-6084202,,,,,70940510,No status set,,Sequencing (NextSeq 2000) - Consumables,N/A,,,,,,3986
MGW-BD-5468,Project Request,561258,Brian Davis,Principal Investigator,"Davis, Brian (TAMU) Lab",,Texas A&M University,NextSeq 2000 P3 XLEAP-SBS Reagent Kit (300 cycles),,0638,WSGI,completed,billing_initialized,each,1183.86,3/4/26 13:43,3/4/26 13:43,8/17/26 10:43,8/24/26 15:42,8/25/26 03:05,8/24/26 23:59,jun Fan,Molecular Genomics Workspace,MGW-6084202,,,,,70940511,No status set,,Sequencing (NextSeq 2000) - Consumables,N/A,,,,,,3986
MGW-BD-5468,Project Request,559377,Brian Davis,Principal Investigator,"Davis, Brian (TAMU) Lab",,Texas A&M University,Laboratory Technician,,0638,WSGI,completed,billing_initialized,hour,4.13,3/4/26 13:43,3/4/26 13:43,8/17/26 10:43,8/24/26 15:42,8/25/26 03:05,8/24/26 23:59,jun Fan,Molecular Genomics Workspace,MGW-6084202,,,,,70940515,No status set,,Laboratory Technician,N/A,,,,,,3986
MGW-BD-5468,Project Request,559377,Brian Davis,Principal Investigator,"Davis, Brian (TAMU) Lab",,Texas A&M University,Laboratory Technician,,0638,WSGI,completed,billing_initialized,hour,4.13,3/4/26 13:43,3/4/26 13:43,8/17/26 10:43,8/24/26 15:42,8/25/26 03:05,8/24/26 23:59,jun Fan,Molecular Genomics Workspace,MGW-6084202,,,,,70940517,No status set,,Laboratory Technician,N/A,,,,,,3986
MGW-BD-5468,Project Request,559377,Brian Davis,Principal Investigator,"Davis, Brian (TAMU) Lab",,Texas A&M University,Laboratory Technician,,0638,WSGI,completed,billing_initialized,hour,4.13,3/4/26 13:43,3/4/26 13:43,8/17/26 10:43,8/24/26 15:42,8/25/26 03:05,8/24/26 23:59,jun Fan,Molecular Genomics Workspace,MGW-6084202,,,,,70940518,No status set,,Laboratory Technician,N/A,,,,,,3986
MGW-BD-5468,Project Request,559377,Brian Davis,Principal Investigator,"Davis, Brian (TAMU) Lab",,Texas A&M University,Laboratory Technician,,0638,WSGI,completed,billing_initialized,hour,4.11,3/4/26 13:43,3/4/26 13:43,8/17/26 10:43,8/24/26 15:42,8/25/26 03:05,8/24/26 23:59,jun Fan,Molecular Genomics Workspace,MGW-6084202,,,,,70940519,No status set,,Laboratory Technician,N/A,,,,,,3986
MGW-BD-5483,Project Request,562479,Brian Davis,Principal Investigator,"Davis, Brian (TAMU) Lab",,Texas A&M University,Miltenyi Nuclei Isolation from Frozen Tissue,,0638,WSGI,financials_approved,not_ready_to_bill,each,824.32,3/26/26 13:27,3/26/26 13:27,,n/a,n/a,n/a,Sarah Sharpton,Molecular Genomics Workspace,no invoice,,,,,71475763,No status set,,Single Cell-Visuim QC-Isolation - Consumables,N/A,,,,,,3986
MGW-BD-5483,Project Request,561181,Brian Davis,Principal Investigator,"Davis, Brian (TAMU) Lab",,Texas A&M University,Single Cell QC Trypan Blue ,,0638,WSGI,financials_approved,not_ready_to_bill,each,54.16,3/26/26 13:27,3/26/26 13:27,,n/a,n/a,n/a,Sarah Sharpton,Molecular Genomics Workspace,no invoice,,,,,71475768,No status set,,Single Cell-Visuim QC-Isolation - Consumables,N/A,,,,,,3986
MGW-BD-5483,Project Request,561179,Brian Davis,Principal Investigator,"Davis, Brian (TAMU) Lab",,Texas A&M University,Single Cell QC DeNovix,,0638,WSGI,financials_approved,not_ready_to_bill,each,31.12,3/26/26 13:27,3/26/26 13:27,,n/a,n/a,n/a,Sarah Sharpton,Molecular Genomics Workspace,no invoice,,,,,71475771,No status set,,Single Cell-Visuim QC-Isolation - Consumables,N/A,,,,,,3986
MGW-BD-5483,Project Request,561268,Brian Davis,Principal Investigator,"Davis, Brian (TAMU) Lab",,Texas A&M University,Chromium GEM-X Single Cell 3' Chip Kit v4,,0638,WSGI,financials_approved,not_ready_to_bill,each,343.75,3/26/26 13:27,3/26/26 13:27,,n/a,n/a,n/a,Sarah Sharpton,Molecular Genomics Workspace,no invoice,,,,,71475789,No status set,,Single Cell Library Preparation - Consumables,N/A,,,,,,3986
MGW-BD-5483,Project Request,561266,Brian Davis,Principal Investigator,"Davis, Brian (TAMU) Lab",,Texas A&M University,Chromium GEM-X Single Cell 3ʹ Kit v4,,0638,WSGI,financials_approved,not_ready_to_bill,each,7427.8,3/26/26 13:27,3/26/26 13:27,,n/a,n/a,n/a,Sarah Sharpton,Molecular Genomics Workspace,no invoice,,,,,71475791,No status set,,Single Cell Library Preparation - Consumables,N/A,,,,,,3986
MGW-BD-5483,Project Request,561272,Brian Davis,Principal Investigator,"Davis, Brian (TAMU) Lab",,Texas A&M University,Chromium Next GEM  Multiome ATAC + GEX Chip J ,,0638,WSGI,financials_approved,not_ready_to_bill,each,341,3/26/26 13:28,3/26/26 13:28,,n/a,n/a,n/a,Sarah Sharpton,Molecular Genomics Workspace,no invoice,,,,,71475844,No status set,,Single Cell Library Preparation - Consumables,N/A,,,,,,3986
MGW-BD-5483,Project Request,561271,Brian Davis,Principal Investigator,"Davis, Brian (TAMU) Lab",,Texas A&M University,Chromium Next GEM Single Cell Multiome ATAC + GEX Reagent Bundle,,0638,WSGI,financials_approved,not_ready_to_bill,each,10624,3/26/26 13:29,3/26/26 13:29,,n/a,n/a,n/a,Sarah Sharpton,Molecular Genomics Workspace,no invoice,,,,,71475853,No status set,,Single Cell Library Preparation - Consumables,N/A,,,,,,3986
MGW-BD-5483,Project Request,563702,Brian Davis,Principal Investigator,"Davis, Brian (TAMU) Lab",,Texas A&M University,Nikon Microscope,,0638,WSGI,financials_approved,not_ready_to_bill,each,50,3/26/26 13:29,3/26/26 13:29,,n/a,n/a,n/a,Sarah Sharpton,Molecular Genomics Workspace,no invoice,,,,,71475871,No status set,,Instrument Charges,N/A,,,,,,3986
MGW-BD-5483,Project Request,559389,Brian Davis,Principal Investigator,"Davis, Brian (TAMU) Lab",,Texas A&M University,Chromium iX/X,,0638,WSGI,financials_approved,not_ready_to_bill,hour,117,3/26/26 13:30,3/26/26 13:30,,n/a,n/a,n/a,Sarah Sharpton,Molecular Genomics Workspace,no invoice,,,,,71475884,No status set,,Instrument Charges,N/A,,,,,,3986
MGW-BD-5483,Project Request,559373,Brian Davis,Principal Investigator,"Davis, Brian (TAMU) Lab",,Texas A&M University,4200 TapeStation,,0638,WSGI,financials_approved,not_ready_to_bill,hour,24,3/26/26 13:31,3/26/26 13:31,,n/a,n/a,n/a,Sarah Sharpton,Molecular Genomics Workspace,no invoice,,,,,71475963,No status set,,Instrument Charges,N/A,,,,,,3986
MGW-BD-5483,Project Request,559371,Brian Davis,Principal Investigator,"Davis, Brian (TAMU) Lab",,Texas A&M University,NextSeq 2000 Sequencing System (S/N VH00580),,0638,WSGI,financials_approved,not_ready_to_bill,each,750,3/26/26 13:32,3/26/26 13:32,,n/a,n/a,n/a,Sarah Sharpton,Molecular Genomics Workspace,no invoice,,,,,71475976,No status set,,Instrument Charges,N/A,,,,,,3986
MGW-BD-5483,Project Request,561152,Brian Davis,Principal Investigator,"Davis, Brian (TAMU) Lab",,Texas A&M University,QC Core-prepared Library,,0638,WSGI,financials_approved,not_ready_to_bill,each,186.6,3/26/26 13:32,3/26/26 13:32,,n/a,n/a,n/a,Sarah Sharpton,Molecular Genomics Workspace,no invoice,,,,,71476001,No status set,,QC - Consumables,N/A,,,,,,3986
MGW-BD-5483,Project Request,561262,Brian Davis,Principal Investigator,"Davis, Brian (TAMU) Lab",,Texas A&M University,NextSeq 2000 P4 XLEAP-SBS Reagent Kit (100 cycles),,0638,WSGI,financials_approved,not_ready_to_bill,each,8910,3/26/26 13:33,3/26/26 13:33,,n/a,n/a,n/a,Sarah Sharpton,Molecular Genomics Workspace,no invoice,,,,,71476016,No status set,,Sequencing (NextSeq 2000) - Consumables,N/A,,,,,,3986
MGW-BD-5483,Project Request,559377,Brian Davis,Principal Investigator,"Davis, Brian (TAMU) Lab",,Texas A&M University,Laboratory Technician,,0638,WSGI,financials_approved,not_ready_to_bill,hour,1500,3/26/26 13:38,3/26/26 13:38,,n/a,n/a,n/a,Sarah Sharpton,Molecular Genomics Workspace,no invoice,,,,,71476204,No status set,,Laboratory Technician,N/A,,,,,,3986
MGW-BD-5523,Project Request,561151,Brian Davis,Principal Investigator,"Davis, Brian (TAMU) Lab",,Texas A&M University,QC RNA,The number might change once the actual samples arrive.,0638,WSGI,completed,billing_initialized,each,389.4,4/20/26 20:32,4/20/26 20:32,7/27/26 10:11,7/27/26 14:09,7/28/26 03:05,7/27/26 23:59,jun Fan,Molecular Genomics Workspace,MGW-6028616,,,,,72118313,No status set,,QC - Consumables,N/A,,,,,,3986
MGW-BD-5523,Project Request,561152,Brian Davis,Principal Investigator,"Davis, Brian (TAMU) Lab",,Texas A&M University,QC Core-prepared Library,,0638,WSGI,completed,billing_initialized,each,684.2,4/20/26 20:32,4/20/26 20:32,7/27/26 10:11,7/27/26 14:09,7/28/26 03:05,7/27/26 23:59,jun Fan,Molecular Genomics Workspace,MGW-6028616,,,,,72118316,No status set,,QC - Consumables,N/A,,,,,,3986
MGW-BD-5523,Project Request,564573,Brian Davis,Principal Investigator,"Davis, Brian (TAMU) Lab",,Texas A&M University,Wathmaker mRNAseq library,,0638,WSGI,completed,billing_initialized,each,2359.72,4/20/26 20:33,4/20/26 20:33,7/27/26 10:11,7/27/26 14:09,7/28/26 03:05,7/27/26 23:59,jun Fan,Molecular Genomics Workspace,MGW-6028616,,,,,72118323,No status set,,RNA Library Preparation - Consumables,N/A,,,,,,3986
MGW-BD-5523,Project Request,559373,Brian Davis,Principal Investigator,"Davis, Brian (TAMU) Lab",,Texas A&M University,4200 TapeStation,,0638,WSGI,completed,billing_initialized,hour,52.8,4/20/26 20:33,4/20/26 20:33,7/27/26 10:11,7/27/26 14:09,7/28/26 03:05,7/27/26 23:59,jun Fan,Molecular Genomics Workspace,MGW-6028616,,,,,72118326,No status set,,Instrument Charges,N/A,,,,,,3986
MGW-BD-5523,Project Request,559371,Brian Davis,Principal Investigator,"Davis, Brian (TAMU) Lab",,Texas A&M University,NextSeq 2000 Sequencing System (S/N VH00580),,0638,WSGI,completed,billing_initialized,each,250,4/20/26 20:33,4/20/26 20:33,7/27/26 10:12,7/27/26 14:09,7/28/26 03:05,7/27/26 23:59,jun Fan,Molecular Genomics Workspace,MGW-6028616,,,,,72118328,No status set,,Instrument Charges,N/A,,,,,,3986
MGW-BD-5523,Project Request,561256,Brian Davis,Principal Investigator,"Davis, Brian (TAMU) Lab",,Texas A&M University,NextSeq 2000 P3 XLEAP-SBS Reagent Kit (200 cycles),,0638,WSGI,completed,billing_initialized,each,3551.9,4/20/26 20:33,4/20/26 20:33,7/27/26 10:11,7/27/26 14:09,7/28/26 03:05,7/27/26 23:59,jun Fan,Molecular Genomics Workspace,MGW-6028616,,,,,72118337,No status set,,Sequencing (NextSeq 2000) - Consumables,N/A,,,,,,3986
MGW-BD-5523,Project Request,559377,Brian Davis,Principal Investigator,"Davis, Brian (TAMU) Lab",,Texas A&M University,Laboratory Technician,,0638,WSGI,completed,billing_initialized,hour,750,4/20/26 20:33,4/20/26 20:33,7/27/26 10:11,7/27/26 14:09,7/28/26 03:05,7/27/26 23:59,jun Fan,Molecular Genomics Workspace,MGW-6028616,,,,,72118341,No status set,,Laboratory Technician,N/A,,,,,,3986
MGW-BD-5523,Project Request,559377,Brian Davis,Principal Investigator,"Davis, Brian (TAMU) Lab",,Texas A&M University,Laboratory Technician,,0638,WSGI,completed,billing_initialized,hour,16.5,4/20/26 20:35,4/20/26 20:35,7/27/26 10:12,7/27/26 14:09,7/28/26 03:05,7/27/26 23:59,jun Fan,Molecular Genomics Workspace,MGW-6028616,,,,,72118370,No status set,,Laboratory Technician,N/A,,,,,,3986
MGW-BD-5523,Project Request,561160,Brian Davis,Principal Investigator,"Davis, Brian (TAMU) Lab",,Texas A&M University,Qiagen Rneasy Plus Universeral RNA Isolation,,0638,WSGI,completed,billing_initialized,each,870.32,4/23/26 13:32,4/23/26 13:32,7/27/26 10:11,7/27/26 14:09,7/28/26 03:05,7/27/26 23:59,jun Fan,Molecular Genomics Workspace,MGW-6028616,,,,,72193721,No status set,,DNA-RNA-Isolation - Consumable,N/A,,,,,,3986
MGW-BD-5527,Project Request,564627,Brian Davis,Principal Investigator,"Davis, Brian (TAMU) Lab",,Texas A&M University,PacBio HMW gDNA extraction and QC,,0638,WSGI,financials_approved,not_ready_to_bill,each,4279.52,4/23/26 13:50,4/23/26 13:50,,n/a,n/a,n/a,jun Fan,Molecular Genomics Workspace,no invoice,,,,,72194371,No status set,,PacBio Consumables,N/A,,,,,,3986
MGW-BD-5527,Project Request,564524,Brian Davis,Principal Investigator,"Davis, Brian (TAMU) Lab",,Texas A&M University,PacBio-Revio HiFi Whole Genome library ,,0638,WSGI,financials_approved,not_ready_to_bill,each,8500,4/23/26 13:50,4/23/26 13:50,,n/a,n/a,n/a,jun Fan,Molecular Genomics Workspace,no invoice,,,,,72194373,No status set,,PacBio Consumables,N/A,,,,,,3986
MGW-BD-5527,Project Request,563404,Brian Davis,Principal Investigator,"Davis, Brian (TAMU) Lab",,Texas A&M University,PacBio-Revio SMRTcell sequencing ,,0638,WSGI,financials_approved,not_ready_to_bill,each,18530,4/23/26 13:50,4/23/26 13:50,,n/a,n/a,n/a,jun Fan,Molecular Genomics Workspace,no invoice,,,,,72194375,No status set,,PacBio Consumables,N/A,,,,,,3986
MGW-BD-5527,Project Request,559377,Brian Davis,Principal Investigator,"Davis, Brian (TAMU) Lab",,Texas A&M University,Laboratory Technician,,0638,WSGI,financials_approved,not_ready_to_bill,hour,250,4/23/26 13:51,4/23/26 13:51,,n/a,n/a,n/a,jun Fan,Molecular Genomics Workspace,no invoice,,,,,72194396,No status set,,Laboratory Technician,N/A,,,,,,3986
MGW-BD-5527,Project Request,563704,Brian Davis,Principal Investigator,"Davis, Brian (TAMU) Lab",,Texas A&M University,Blue Pippen,,0638,WSGI,financials_approved,not_ready_to_bill,each,134.64,4/23/26 13:51,4/23/26 13:51,,n/a,n/a,n/a,jun Fan,Molecular Genomics Workspace,no invoice,,,,,72194404,No status set,,Instrument Charges,N/A,,,,,,3986
MGW-BD-5527,Project Request,563414,Brian Davis,Principal Investigator,"Davis, Brian (TAMU) Lab",,Texas A&M University,Femto Pulse ,,0638,WSGI,financials_approved,not_ready_to_bill,each,27.24,4/23/26 13:51,4/23/26 13:51,,n/a,n/a,n/a,jun Fan,Molecular Genomics Workspace,no invoice,,,,,72194407,No status set,,Instrument Charges,N/A,,,,,,3986
MGW-BD-5527,Project Request,559381,Brian Davis,Principal Investigator,"Davis, Brian (TAMU) Lab",,Texas A&M University,PacBio Revio,,0638,WSGI,financials_approved,not_ready_to_bill,hour,5040,4/23/26 13:51,4/23/26 13:51,,n/a,n/a,n/a,jun Fan,Molecular Genomics Workspace,no invoice,,,,,72194409,No status set,,Instrument Charges,N/A,,,,,,3986
MGW-BD-5548,Project Request,563704,Brian Davis,Principal Investigator,"Davis, Brian (TAMU) Lab",,Texas A&M University,Blue Pippen,,0638,WSGI,completed,billing_initialized,each,79.2,4/28/26 15:28,4/28/26 15:28,6/22/26 10:20,7/27/26 14:09,7/28/26 03:05,7/27/26 23:59,jun Fan,Molecular Genomics Workspace,MGW-6028617,,,,,72303968,No status set,,Instrument Charges,N/A,,,,,,3986
MGW-BD-5548,Project Request,563414,Brian Davis,Principal Investigator,"Davis, Brian (TAMU) Lab",,Texas A&M University,Femto Pulse ,,0638,WSGI,completed,billing_initialized,each,13.62,4/28/26 15:28,4/28/26 15:28,6/22/26 10:20,7/27/26 14:09,7/28/26 03:05,7/27/26 23:59,jun Fan,Molecular Genomics Workspace,MGW-6028617,,,,,72303980,No status set,,Instrument Charges,N/A,,,,,,3986
MGW-BD-5548,Project Request,559381,Brian Davis,Principal Investigator,"Davis, Brian (TAMU) Lab",,Texas A&M University,PacBio Revio,,0638,WSGI,completed,billing_initialized,hour,1200,4/28/26 15:29,4/28/26 15:29,6/22/26 10:20,7/27/26 14:09,7/28/26 03:05,7/27/26 23:59,jun Fan,Molecular Genomics Workspace,MGW-6028617,,,,,72304005,No status set,,Instrument Charges,N/A,,,,,,3986
MGW-BD-5548,Project Request,564524,Brian Davis,Principal Investigator,"Davis, Brian (TAMU) Lab",,Texas A&M University,PacBio-Revio HiFi Whole Genome library ,,0638,WSGI,completed,billing_initialized,each,3000,4/28/26 15:29,4/28/26 15:29,6/22/26 10:20,7/27/26 14:09,7/28/26 03:05,7/27/26 23:59,jun Fan,Molecular Genomics Workspace,MGW-6028617,,,,,72304072,No status set,,PacBio Consumables,N/A,,,,,,3986
MGW-BD-5548,Project Request,563404,Brian Davis,Principal Investigator,"Davis, Brian (TAMU) Lab",,Texas A&M University,PacBio-Revio SMRTcell sequencing ,,0638,WSGI,completed,billing_initialized,each,4360,4/28/26 15:29,4/28/26 15:29,6/22/26 10:20,7/27/26 14:09,7/28/26 03:05,7/27/26 23:59,jun Fan,Molecular Genomics Workspace,MGW-6028617,,,,,72304076,No status set,,PacBio Consumables,N/A,,,,,,3986
MGW-BD-5548,Project Request,559377,Brian Davis,Principal Investigator,"Davis, Brian (TAMU) Lab",,Texas A&M University,Laboratory Technician,,0638,WSGI,completed,billing_initialized,hour,50,4/28/26 15:38,4/28/26 15:38,6/22/26 10:20,7/27/26 14:09,7/28/26 03:05,7/27/26 23:59,jun Fan,Molecular Genomics Workspace,MGW-6028617,,,,,72304958,No status set,,Laboratory Technician,N/A,,,,,,3986
MGW-BD-5549,Project Request,563704,Brian Davis,Principal Investigator,"Davis, Brian (TAMU) Lab",,Texas A&M University,Blue Pippen,,0638,WSGI,completed,billing_initialized,each,52.8,4/28/26 15:44,4/28/26 15:44,9/23/26 14:01,9/24/26 11:26,9/25/26 03:05,9/24/26 23:59,jun Fan,Molecular Genomics Workspace,MGW-6140666,,,,,72305516,No status set,,Instrument Charges,N/A,,,,,,3986
MGW-BD-5549,Project Request,563414,Brian Davis,Principal Investigator,"Davis, Brian (TAMU) Lab",,Texas A&M University,Femto Pulse ,,0638,WSGI,completed,billing_initialized,each,13.62,4/28/26 15:44,4/28/26 15:44,9/23/26 14:01,9/24/26 11:26,9/25/26 03:05,9/24/26 23:59,jun Fan,Molecular Genomics Workspace,MGW-6140666,,,,,72305526,No status set,,Instrument Charges,N/A,,,,,,3986
MGW-BD-5549,Project Request,559371,Brian Davis,Principal Investigator,"Davis, Brian (TAMU) Lab",,Texas A&M University,NextSeq 2000 Sequencing System (S/N VH00580),,0638,WSGI,completed,billing_initialized,each,250,4/28/26 15:44,4/28/26 15:44,9/23/26 14:01,9/24/26 11:26,9/25/26 03:05,9/24/26 23:59,jun Fan,Molecular Genomics Workspace,MGW-6140666,,,,,72305550,No status set,,Instrument Charges,N/A,,,,,,3986
MGW-BD-5549,Project Request,559373,Brian Davis,Principal Investigator,"Davis, Brian (TAMU) Lab",,Texas A&M University,4200 TapeStation,,0638,WSGI,completed,billing_initialized,hour,3.6,4/28/26 15:44,4/28/26 15:44,9/23/26 14:01,9/24/26 11:26,9/25/26 03:05,9/24/26 23:59,jun Fan,Molecular Genomics Workspace,MGW-6140666,,,,,72305562,No status set,,Instrument Charges,N/A,,,,,,3986
MGW-BD-5549,Project Request,559381,Brian Davis,Principal Investigator,"Davis, Brian (TAMU) Lab",,Texas A&M University,PacBio Revio,,0638,WSGI,completed,billing_initialized,hour,360,4/28/26 15:44,4/28/26 15:44,9/23/26 14:01,9/24/26 11:26,9/25/26 03:05,9/24/26 23:59,jun Fan,Molecular Genomics Workspace,MGW-6140666,,,,,72305580,No status set,,Instrument Charges,N/A,,,,,,3986
MGW-BD-5549,Project Request,561169,Brian Davis,Principal Investigator,"Davis, Brian (TAMU) Lab",,Texas A&M University,Dovetail Genome Assemby Omni-C Full Solution,,0638,WSGI,completed,billing_initialized,each,678.44,4/28/26 15:45,4/28/26 15:45,9/23/26 14:01,9/24/26 11:26,9/25/26 03:05,9/24/26 23:59,jun Fan,Molecular Genomics Workspace,MGW-6140666,,,,,72305623,No status set,,DNA Library Preparation - Consumables,N/A,,,,,,3986
MGW-BD-5549,Project Request,559377,Brian Davis,Principal Investigator,"Davis, Brian (TAMU) Lab",,Texas A&M University,Laboratory Technician,,0638,WSGI,completed,billing_initialized,hour,600,4/28/26 15:45,4/28/26 15:45,9/23/26 14:01,9/24/26 11:26,9/25/26 03:05,9/24/26 23:59,jun Fan,Molecular Genomics Workspace,MGW-6140666,,,,,72305646,No status set,,Laboratory Technician,N/A,,,,,,3986
MGW-BD-5549,Project Request,559377,Brian Davis,Principal Investigator,"Davis, Brian (TAMU) Lab",,Texas A&M University,Laboratory Technician,,0638,WSGI,completed,billing_initialized,hour,16.5,4/28/26 15:45,4/28/26 15:45,9/23/26 14:02,9/24/26 11:26,9/25/26 03:05,9/24/26 23:59,jun Fan,Molecular Genomics Workspace,MGW-6140666,,,,,72305649,No status set,,Laboratory Technician,N/A,,,,,,3986
MGW-BD-5549,Project Request,559377,Brian Davis,Principal Investigator,"Davis, Brian (TAMU) Lab",,Texas A&M University,Laboratory Technician,,0638,WSGI,completed,billing_initialized,hour,300,4/28/26 15:45,4/28/26 15:45,9/23/26 14:02,9/24/26 11:26,9/25/26 03:05,9/24/26 23:59,jun Fan,Molecular Genomics Workspace,MGW-6140666,,,,,72305659,No status set,,Laboratory Technician,N/A,,,,,,3986
MGW-BD-5549,Project Request,562240,Brian Davis,Principal Investigator,"Davis, Brian (TAMU) Lab",,Texas A&M University,PromethION Flow Cell ,,0638,WSGI,completed,billing_initialized,each,3283.5,4/28/26 15:45,4/28/26 15:45,9/23/26 14:02,9/24/26 11:26,9/25/26 03:05,9/24/26 23:59,jun Fan,Molecular Genomics Workspace,MGW-6140666,,,,,72305670,No status set,,ONT Flow Cell - Consumable ,N/A,,,,,,3986
MGW-BD-5549,Project Request,564524,Brian Davis,Principal Investigator,"Davis, Brian (TAMU) Lab",,Texas A&M University,PacBio-Revio HiFi Whole Genome library ,,0638,WSGI,completed,billing_initialized,each,500,4/28/26 15:46,4/28/26 15:46,9/23/26 14:01,9/24/26 11:26,9/25/26 03:05,9/24/26 23:59,jun Fan,Molecular Genomics Workspace,MGW-6140666,,,,,72305715,No status set,,PacBio Consumables,N/A,,,,,,3986
MGW-BD-5549,Project Request,563404,Brian Davis,Principal Investigator,"Davis, Brian (TAMU) Lab",,Texas A&M University,PacBio-Revio SMRTcell sequencing ,,0638,WSGI,completed,billing_initialized,each,1090,4/28/26 15:46,4/28/26 15:46,9/23/26 14:01,9/24/26 11:26,9/25/26 03:05,9/24/26 23:59,jun Fan,Molecular Genomics Workspace,MGW-6140666,,,,,72305721,No status set,,PacBio Consumables,N/A,,,,,,3986
MGW-BD-5549,Project Request,564630,Brian Davis,Principal Investigator,"Davis, Brian (TAMU) Lab",,Texas A&M University,ONT Ultra-long library preparation,,0638,WSGI,completed,billing_initialized,each,620,4/28/26 15:46,4/28/26 15:46,9/23/26 14:02,9/24/26 11:26,9/25/26 03:05,9/24/26 23:59,jun Fan,Molecular Genomics Workspace,MGW-6140666,,,,,72305760,No status set,,ONT-Consumable,N/A,,,,,,3986
MGW-BD-5549,Project Request,561249,Brian Davis,Principal Investigator,"Davis, Brian (TAMU) Lab",,Texas A&M University,NextSeq 2000 P2 XLEAP-SBS Reagent Kit (300 cycles),,0638,WSGI,completed,billing_initialized,each,2994.2,4/28/26 15:48,4/28/26 15:48,9/23/26 14:01,9/24/26 11:26,9/25/26 03:05,9/24/26 23:59,jun Fan,Molecular Genomics Workspace,MGW-6140666,,,,,72305959,No status set,,Sequencing (NextSeq 2000) - Consumables,N/A,,,,,,3986
MGW-BD-5549,Project Request,559380,Brian Davis,Principal Investigator,"Davis, Brian (TAMU) Lab",,Texas A&M University,Oxford Nanopore Gridion,,0638,WSGI,completed,billing_initialized,hour,368.64,4/28/26 15:53,4/28/26 15:53,9/23/26 14:02,9/24/26 11:26,9/25/26 03:05,9/24/26 23:59,jun Fan,Molecular Genomics Workspace,MGW-6140666,,,,,72306360,No status set,,Instrument Charges,N/A,,,,,,3986
MGW-BD-5549,Project Request,564525,Brian Davis,Principal Investigator,"Davis, Brian (TAMU) Lab",,Texas A&M University,Monarch HMW DNA Isolation,,0638,WSGI,completed,billing_initialized,each,600,4/28/26 16:15,4/28/26 16:15,9/23/26 14:02,9/24/26 11:26,9/25/26 03:05,9/24/26 23:59,jun Fan,Molecular Genomics Workspace,MGW-6140666,,,,,72307407,No status set,,DNA-RNA-Isolation - Consumable,N/A,,,,,,3986
MGW-BD-5549,Project Request,564627,Brian Davis,Principal Investigator,"Davis, Brian (TAMU) Lab",,Texas A&M University,PacBio HMW gDNA extraction and QC,,0638,WSGI,completed,billing_initialized,each,267.47,4/28/26 16:15,4/28/26 16:15,9/23/26 14:01,9/24/26 11:26,9/25/26 03:05,9/24/26 23:59,jun Fan,Molecular Genomics Workspace,MGW-6140666,,,,,72307413,No status set,,PacBio Consumables,N/A,,,,,,3986
MGW-BD-5560,Project Request,564629,Brian Davis,Principal Investigator,"Davis, Brian (TAMU) Lab",,Texas A&M University,ONT Ultra-long HMW gDNA extraction and QC,"The reagent charge covers two llama samples, with each sample undergoing extraction twice.",0638,WSGI,completed,billing_initialized,each,1052.28,5/5/26 16:26,5/5/26 16:26,7/27/26 10:13,7/27/26 14:09,7/28/26 03:05,7/27/26 23:59,jun Fan,Molecular Genomics Workspace,MGW-6028618,,,,,72543712,No status set,,ONT-Consumable,N/A,,,,,,3986
MGW-BD-5560,Project Request,564630,Brian Davis,Principal Investigator,"Davis, Brian (TAMU) Lab",,Texas A&M University,ONT Ultra-long library preparation,"The reagent charge is for ONT-UL library preparation, with each sample undergoing UL preparation twice.",0638,WSGI,completed,billing_initialized,each,1240,5/5/26 16:26,5/5/26 16:26,7/27/26 10:13,7/27/26 14:09,7/28/26 03:05,7/27/26 23:59,jun Fan,Molecular Genomics Workspace,MGW-6028618,,,,,72543714,No status set,,ONT-Consumable,N/A,,,,,,3986
MGW-BD-5560,Project Request,562240,Brian Davis,Principal Investigator,"Davis, Brian (TAMU) Lab",,Texas A&M University,PromethION Flow Cell ,An estimate of four PromethION flow cells per sample.,0638,WSGI,completed,billing_initialized,each,8756,5/5/26 16:26,5/5/26 16:26,7/27/26 10:13,7/27/26 14:09,7/28/26 03:05,7/27/26 23:59,jun Fan,Molecular Genomics Workspace,MGW-6028618,,,,,72543716,No status set,,ONT Flow Cell - Consumable ,N/A,,,,,,3986
MGW-BD-5560,Project Request,559380,Brian Davis,Principal Investigator,"Davis, Brian (TAMU) Lab",,Texas A&M University,Oxford Nanopore Gridion,,0638,WSGI,completed,billing_initialized,hour,737.28,5/5/26 16:27,5/5/26 16:27,7/27/26 10:13,7/27/26 14:09,7/28/26 03:05,7/27/26 23:59,jun Fan,Molecular Genomics Workspace,MGW-6028618,,,,,72543721,No status set,,Instrument Charges,N/A,,,,,,3986
MGW-BD-5560,Project Request,563414,Brian Davis,Principal Investigator,"Davis, Brian (TAMU) Lab",,Texas A&M University,Femto Pulse ,,0638,WSGI,completed,billing_initialized,each,13.62,5/5/26 16:27,5/5/26 16:27,7/27/26 10:13,7/27/26 14:09,7/28/26 03:05,7/27/26 23:59,jun Fan,Molecular Genomics Workspace,MGW-6028618,,,,,72543724,No status set,,Instrument Charges,N/A,,,,,,3986
MGW-BD-5560,Project Request,561156,Brian Davis,Principal Investigator,"Davis, Brian (TAMU) Lab",,Texas A&M University,QC Femto Pluse,The reagent charge covers the assessment of HMW gDNA quality for two llama samples.,0638,WSGI,completed,billing_initialized,each,81.62,5/5/26 16:28,5/5/26 16:28,7/27/26 10:13,7/27/26 14:09,7/28/26 03:05,7/27/26 23:59,jun Fan,Molecular Genomics Workspace,MGW-6028618,,,,,72543743,No status set,,QC - Consumables,N/A,,,,,,3986
MGW-BD-5560,Project Request,559377,Brian Davis,Principal Investigator,"Davis, Brian (TAMU) Lab",,Texas A&M University,Laboratory Technician,,0638,WSGI,completed,billing_initialized,hour,500,5/5/26 16:29,5/5/26 16:29,7/27/26 10:13,7/27/26 14:09,7/28/26 03:05,7/27/26 23:59,jun Fan,Molecular Genomics Workspace,MGW-6028618,,,,,72543834,No status set,,Laboratory Technician,N/A,,,,,,3986
MGW-BD-5573,Project Request,564627,Brian Davis,Principal Investigator,"Davis, Brian (TAMU) Lab",,Texas A&M University,PacBio HMW gDNA extraction and QC - Consumables,,0638,WSGI,proposed,not_ready_to_bill,each,802.41,5/18/26 09:53,5/18/26 09:53,,n/a,n/a,n/a,jun Fan,Molecular Genomics Workspace,no invoice,,,,,72806909,No status set,,PacBio Consumables,N/A,,,,,,3986
MGW-BD-5573,Project Request,563404,Brian Davis,Principal Investigator,"Davis, Brian (TAMU) Lab",,Texas A&M University,PacBio-Revio SMRTcell sequencing - Consumables ,,0638,WSGI,proposed,not_ready_to_bill,each,3270,5/18/26 09:53,5/18/26 09:53,,n/a,n/a,n/a,jun Fan,Molecular Genomics Workspace,no invoice,,,,,72806921,No status set,,PacBio Consumables,N/A,,,,,,3986
MGW-BD-5573,Project Request,564524,Brian Davis,Principal Investigator,"Davis, Brian (TAMU) Lab",,Texas A&M University,PacBio-Revio HiFi Whole Genome library - Consumables ,,0638,WSGI,proposed,not_ready_to_bill,each,1500,5/18/26 09:53,5/18/26 09:53,,n/a,n/a,n/a,jun Fan,Molecular Genomics Workspace,no invoice,,,,,72806932,No status set,,PacBio Consumables,N/A,,,,,,3986
MGW-BD-5573,Project Request,563704,Brian Davis,Principal Investigator,"Davis, Brian (TAMU) Lab",,Texas A&M University,Blue Pippen,,0638,WSGI,proposed,not_ready_to_bill,each,31.68,5/18/26 09:53,5/18/26 09:53,,n/a,n/a,n/a,jun Fan,Molecular Genomics Workspace,no invoice,,,,,72806949,No status set,,Instrument Charges,N/A,,,,,,3986
MGW-BD-5573,Project Request,563414,Brian Davis,Principal Investigator,"Davis, Brian (TAMU) Lab",,Texas A&M University,Femto Pulse ,,0638,WSGI,proposed,not_ready_to_bill,each,13.62,5/18/26 09:53,5/18/26 09:53,,n/a,n/a,n/a,jun Fan,Molecular Genomics Workspace,no invoice,,,,,72806962,No status set,,Instrument Charges,N/A,,,,,,3986
MGW-BD-5573,Project Request,559381,Brian Davis,Principal Investigator,"Davis, Brian (TAMU) Lab",,Texas A&M University,PacBio Revio,,0638,WSGI,proposed,not_ready_to_bill,hour,912,5/18/26 09:53,5/18/26 09:53,,n/a,n/a,n/a,jun Fan,Molecular Genomics Workspace,no invoice,,,,,72806970,No status set,,Instrument Charges,N/A,,,,,,3986
MGW-BD-5573,Project Request,559377,Brian Davis,Principal Investigator,"Davis, Brian (TAMU) Lab",,Texas A&M University,Laboratory Technician,,0638,WSGI,proposed,not_ready_to_bill,hour,25,5/18/26 10:55,5/18/26 10:55,,n/a,n/a,n/a,jun Fan,Molecular Genomics Workspace,no invoice,,,,,72810921,No status set,,Laboratory Technician,N/A,,,,,,3986
MGW-BD-5573,Project Request,561169,Brian Davis,Principal Investigator,"Davis, Brian (TAMU) Lab",,Texas A&M University,Dovetail Genome Assemby Omni-C Full Solution - Consumables,,0638,WSGI,proposed,not_ready_to_bill,each,2035.32,5/18/26 15:18,5/18/26 15:18,,n/a,n/a,n/a,jun Fan,Molecular Genomics Workspace,no invoice,,,,,72826652,No status set,,DNA Library Preparation - Consumables,N/A,,,,,,3986
MGW-BD-5573,Project Request,559373,Brian Davis,Principal Investigator,"Davis, Brian (TAMU) Lab",,Texas A&M University,4200 TapeStation,,0638,WSGI,proposed,not_ready_to_bill,hour,10.8,5/18/26 15:18,5/18/26 15:18,,n/a,n/a,n/a,jun Fan,Molecular Genomics Workspace,no invoice,,,,,72826659,No status set,,Instrument Charges,N/A,,,,,,3986
MGW-BD-5573,Project Request,559371,Brian Davis,Principal Investigator,"Davis, Brian (TAMU) Lab",,Texas A&M University,NextSeq 2000 Sequencing System (S/N VH00580),,0638,WSGI,proposed,not_ready_to_bill,each,250,5/18/26 15:18,5/18/26 15:18,,n/a,n/a,n/a,jun Fan,Molecular Genomics Workspace,no invoice,,,,,72826663,No status set,,Instrument Charges,N/A,,,,,,3986
MGW-BD-5573,Project Request,561258,Brian Davis,Principal Investigator,"Davis, Brian (TAMU) Lab",,Texas A&M University,NextSeq 2000 P3 XLEAP-SBS Reagent Kit (300 cycles) - Consumables,,0638,WSGI,proposed,not_ready_to_bill,each,4735.5,5/18/26 15:19,5/18/26 15:19,,n/a,n/a,n/a,jun Fan,Molecular Genomics Workspace,no invoice,,,,,72826671,No status set,,Sequencing (NextSeq 2000) - Consumables,N/A,,,,,,3986
MGW-BD-5573,Project Request,559377,Brian Davis,Principal Investigator,"Davis, Brian (TAMU) Lab",,Texas A&M University,Laboratory Technician,,0638,WSGI,proposed,not_ready_to_bill,hour,1500,5/18/26 15:19,5/18/26 15:19,,n/a,n/a,n/a,jun Fan,Molecular Genomics Workspace,no invoice,,,,,72826672,No status set,,Laboratory Technician,N/A,,,,,,3986
MGW-BD-5573,Project Request,561152,Brian Davis,Principal Investigator,"Davis, Brian (TAMU) Lab",,Texas A&M University,QC Core-prepared Library - Consumables,,0638,WSGI,proposed,not_ready_to_bill,each,46.65,5/18/26 15:20,5/18/26 15:20,,n/a,n/a,n/a,jun Fan,Molecular Genomics Workspace,no invoice,,,,,72826752,No status set,,QC - Consumables,N/A,,,,,,3986
MGW-BD-5574,Project Request,563414,Brian Davis,Principal Investigator,"Davis, Brian (TAMU) Lab",,Texas A&M University,Femto Pulse ,,0638,WSGI,completed,billing_initialized,each,13.62,5/18/26 16:03,5/18/26 16:03,7/27/26 10:13,7/27/26 14:09,7/28/26 03:05,7/27/26 23:59,jun Fan,Molecular Genomics Workspace,MGW-6028616,,,,,72829210,No status set,,Instrument Charges,N/A,,,,,,3986
MGW-BD-5574,Project Request,563704,Brian Davis,Principal Investigator,"Davis, Brian (TAMU) Lab",,Texas A&M University,Blue Pippen,,0638,WSGI,completed,billing_initialized,each,52.8,5/18/26 16:03,5/18/26 16:03,7/27/26 10:13,7/27/26 14:09,7/28/26 03:05,7/27/26 23:59,jun Fan,Molecular Genomics Workspace,MGW-6028616,,,,,72829220,No status set,,Instrument Charges,N/A,,,,,,3986
MGW-BD-5574,Project Request,559377,Brian Davis,Principal Investigator,"Davis, Brian (TAMU) Lab",,Texas A&M University,Laboratory Technician,,0638,WSGI,completed,billing_initialized,hour,16.5,5/18/26 16:04,5/18/26 16:04,7/27/26 10:13,7/27/26 14:09,7/28/26 03:05,7/27/26 23:59,jun Fan,Molecular Genomics Workspace,MGW-6028616,,,,,72829235,No status set,,Laboratory Technician,N/A,,,,,,3986
MGW-BD-5574,Project Request,564627,Brian Davis,Principal Investigator,"Davis, Brian (TAMU) Lab",,Texas A&M University,PacBio HMW gDNA extraction and QC - Consumables,,0638,WSGI,completed,billing_initialized,each,267.47,5/18/26 16:05,5/18/26 16:05,7/27/26 10:13,7/27/26 14:09,7/28/26 03:05,7/27/26 23:59,jun Fan,Molecular Genomics Workspace,MGW-6028616,,,,,72829256,No status set,,PacBio Consumables,N/A,,,,,,3986
MGW-BD-5574,Project Request,564524,Brian Davis,Principal Investigator,"Davis, Brian (TAMU) Lab",,Texas A&M University,PacBio-Revio HiFi Whole Genome library - Consumables ,,0638,WSGI,completed,billing_initialized,each,500,5/18/26 16:05,5/18/26 16:05,7/27/26 10:13,7/27/26 14:09,7/28/26 03:05,7/27/26 23:59,jun Fan,Molecular Genomics Workspace,MGW-6028616,,,,,72829257,No status set,,PacBio Consumables,N/A,,,,,,3986
MGW-BD-5574,Project Request,563404,Brian Davis,Principal Investigator,"Davis, Brian (TAMU) Lab",,Texas A&M University,PacBio-Revio SMRTcell sequencing - Consumables ,,0638,WSGI,completed,billing_initialized,each,1090,5/18/26 16:05,5/18/26 16:05,7/27/26 10:13,7/27/26 14:09,7/28/26 03:05,7/27/26 23:59,jun Fan,Molecular Genomics Workspace,MGW-6028616,,,,,72829265,No status set,,PacBio Consumables,N/A,,,,,,3986
MGW-BD-5574,Project Request,559381,Brian Davis,Principal Investigator,"Davis, Brian (TAMU) Lab",,Texas A&M University,PacBio Revio,,0638,WSGI,completed,billing_initialized,hour,360,5/18/26 16:20,5/18/26 16:20,7/27/26 10:13,7/27/26 14:09,7/28/26 03:05,7/27/26 23:59,jun Fan,Molecular Genomics Workspace,MGW-6028616,,,,,72829858,No status set,,Instrument Charges,N/A,,,,,,3986
MGW-BD-5573,Project Request,559377,Brian Davis,Principal Investigator,"Davis, Brian (TAMU) Lab",,Texas A&M University,Laboratory Technician,,0638,WSGI,proposed,not_ready_to_bill,hour,16.5,5/19/26 09:20,5/19/26 09:20,,n/a,n/a,n/a,jun Fan,Molecular Genomics Workspace,no invoice,,,,,72837821,No status set,,Laboratory Technician,N/A,,,,,,3986
MGW-BD-5638,Project Request,564627,Brian Davis,Principal Investigator,"Davis, Brian (TAMU) Lab",,Texas A&M University,PacBio HMW gDNA extraction and QC - Consumables,,0638,WSGI,proposed,not_ready_to_bill,each,802.41,7/14/26 11:18,7/14/26 11:18,,n/a,n/a,n/a,jun Fan,Molecular Genomics Workspace,no invoice,,,,,74206172,No status set,,PacBio Consumables,N/A,,,,,,3986
MGW-BD-5694,Project Request,559377,Brian Davis,Principal Investigator,"Davis, Brian (TAMU) Lab",,Texas A&M University,Laboratory Technician,"The labor hours are for the Fiber-seq portion of the project, covering 8 samples.",0638,WSGI,financials_approved,not_ready_to_bill,hour,1000,8/17/26 15:26,8/17/26 15:26,,n/a,n/a,n/a,jun Fan,Molecular Genomics Workspace,no invoice,,,,,75039559,No status set,,Laboratory Technician,N/A,,,,,,3986
MGW-BD-5694,Project Request,561181,Brian Davis,Principal Investigator,"Davis, Brian (TAMU) Lab",,Texas A&M University,Single Cell QC Trypan Blue - Consumables ,,0638,WSGI,financials_approved,not_ready_to_bill,each,54.16,8/17/26 15:27,8/17/26 15:27,,n/a,n/a,n/a,jun Fan,Molecular Genomics Workspace,no invoice,,,,,75039605,No status set,,Single Cell-Visuim QC-Isolation - Consumables,N/A,,,,,,3986
MGW-BD-5694,Project Request,564524,Brian Davis,Principal Investigator,"Davis, Brian (TAMU) Lab",,Texas A&M University,PacBio-Revio HiFi Whole Genome library - Consumables ,,0638,WSGI,financials_approved,not_ready_to_bill,each,4000,8/17/26 15:27,8/17/26 15:27,,n/a,n/a,n/a,jun Fan,Molecular Genomics Workspace,no invoice,,,,,75039626,No status set,,PacBio Consumables,N/A,,,,,,3986
MGW-BD-5694,Project Request,563404,Brian Davis,Principal Investigator,"Davis, Brian (TAMU) Lab",,Texas A&M University,PacBio-Revio SMRTcell sequencing - Consumables ,,0638,WSGI,financials_approved,not_ready_to_bill,each,8720,8/17/26 15:28,8/17/26 15:28,,n/a,n/a,n/a,jun Fan,Molecular Genomics Workspace,no invoice,,,,,75039637,No status set,,PacBio Consumables,N/A,,,,,,3986
MGW-BD-5694,Project Request,563704,Brian Davis,Principal Investigator,"Davis, Brian (TAMU) Lab",,Texas A&M University,Blue Pippen,,0638,WSGI,financials_approved,not_ready_to_bill,each,84.48,8/17/26 15:28,8/17/26 15:28,,n/a,n/a,n/a,jun Fan,Molecular Genomics Workspace,no invoice,,,,,75039659,No status set,,Instrument Charges,N/A,,,,,,3986
MGW-BD-5694,Project Request,563414,Brian Davis,Principal Investigator,"Davis, Brian (TAMU) Lab",,Texas A&M University,Femto Pulse ,,0638,WSGI,financials_approved,not_ready_to_bill,each,6.81,8/17/26 15:28,8/17/26 15:28,,n/a,n/a,n/a,jun Fan,Molecular Genomics Workspace,no invoice,,,,,75039665,No status set,,Instrument Charges,N/A,,,,,,3986
MGW-BD-5694,Project Request,559381,Brian Davis,Principal Investigator,"Davis, Brian (TAMU) Lab",,Texas A&M University,PacBio Revio,,0638,WSGI,financials_approved,not_ready_to_bill,hour,2400,8/17/26 15:28,8/17/26 15:28,,n/a,n/a,n/a,jun Fan,Molecular Genomics Workspace,no invoice,,,,,75039668,No status set,,Instrument Charges,N/A,,,,,,3986
MGW-CH-5508,Illumina Stranded mRNA (Ligation) Library Preparation (per sample),504610,Camilo Hernandez-Aviles,Principal Investigator,"Hernandez Aviles, Juan Camilo (TAMU) Lab",,Texas A&M University,Illumina Stranded mRNA (Ligation) Library Preparation (per sample),,0638,WSGI,cancelled,cancelled,each,0,9/30/25 09:42,9/30/25 09:42,,n/a,n/a,n/a,Paola Galvan,Molecular Genomics Workspace,no invoice,,,,,67159226,No status set,,Full Service - RNA Library Preparation for Illumina NGS,N/A,,,,,,3986
MGW-CH-5508,Illumina Stranded mRNA (Ligation) Library Preparation (per sample),538876,Camilo Hernandez-Aviles,Principal Investigator,"Hernandez Aviles, Juan Camilo (TAMU) Lab",,Texas A&M University,"RNeasy Plus Universal RNA Isolation, 1-24 samples (per sample)",,0638,WSGI,cancelled,cancelled,each,0,9/30/25 09:42,9/30/25 09:42,,n/a,n/a,n/a,Paola Galvan,Molecular Genomics Workspace,no invoice,,,,,67159289,No status set,,Full Service - DNA/RNA isolation,N/A,,,,,,3986
MGW-CH-5508,Illumina Stranded mRNA (Ligation) Library Preparation (per sample),504608,Camilo Hernandez-Aviles,Principal Investigator,"Hernandez Aviles, Juan Camilo (TAMU) Lab",,Texas A&M University,QC RNA  (per sample),,0638,WSGI,cancelled,cancelled,each,0,9/30/25 09:43,9/30/25 09:43,,n/a,n/a,n/a,Paola Galvan,Molecular Genomics Workspace,no invoice,,,,,67159304,No status set,,Full Service - DNA/RNA QC,N/A,,,,,,3986
MGW-CH-5508,Illumina Stranded mRNA (Ligation) Library Preparation (per sample),534534,Camilo Hernandez-Aviles,Principal Investigator,"Hernandez Aviles, Juan Camilo (TAMU) Lab",,Texas A&M University,Sequencing - P3-XLEAP - 200 cycle (~1B reads),,0638,WSGI,cancelled,cancelled,each,0,9/30/25 11:23,9/30/25 11:23,,n/a,n/a,n/a,Paola Galvan,Molecular Genomics Workspace,no invoice,,,,,67166493,No status set,,Full Service - Sequencing (NextSeq 2000),N/A,,,,,,3986
MGW-CH-5450,Equipment Scheduling,297788,Carolyn Herrera,,"Sorg, Joseph (TAMU) Lab",Biology,Texas A&M University,DNA D5000  Usage (per sample),,0638,WSGI,completed,billing_initialized,each,17.4,1/29/26 11:15,1/29/26 15:50,2/20/26 12:04,2/20/26 12:25,2/21/26 03:00,2/20/26 23:59,Carolyn Herrera,Molecular Genomics Workspace,MGW-5720445,,,,,70026195,No status set,,Self Service - TapeStation/Bioanalyzer,N/A,,,,,,3986
MGW-CH-5450,Equipment Scheduling,561952,Carolyn Herrera,,"Sorg, Joseph (TAMU) Lab",Biology,Texas A&M University,D5000 Ladder (1-15 samples),,0638,WSGI,completed,billing_initialized,each,11.3,1/29/26 16:02,1/29/26 15:50,2/20/26 12:04,2/20/26 12:25,2/21/26 03:00,2/20/26 23:59,Paola Galvan,Molecular Genomics Workspace,MGW-5720445,,,,,70041593,No status set,,Self Service - TapeStation/Bioanalyzer,N/A,,,,,,3986
MGW-CH-5450,Equipment Scheduling,295966,Carolyn Herrera,,"Sorg, Joseph (TAMU) Lab",Biology,Texas A&M University,"Tape Station (Agilent) (Tape Station (Agilent)) | Thursday, January 29",,0638,WSGI,completed,billing_initialized,hour,10,2/20/26 12:04,1/29/26 15:50,2/20/26 12:04,2/20/26 12:25,2/21/26 03:00,2/20/26 23:59,Paola Galvan,Molecular Genomics Workspace,MGW-5720445,,,,,70600712,No status set,,Molecular Biology,Self-Use,,,,,,3986
MGW-CH-5492,Equipment Scheduling,297788,Carolyn Herrera,,"Sorg, Joseph (TAMU) Lab",Biology,Texas A&M University,DNA D5000  Usage (per sample),,0638,WSGI,completed,billing_initialized,each,17.4,2/26/26 10:38,2/27/26 11:16,3/26/26 13:37,3/26/26 14:02,3/27/26 03:00,3/26/26 23:59,Carolyn Herrera,Molecular Genomics Workspace,MGW-5788681,,,,,70736997,No status set,,Self Service - TapeStation/Bioanalyzer,N/A,,,,,,3986
MGW-CH-5492,Equipment Scheduling,295966,Carolyn Herrera,,"Sorg, Joseph (TAMU) Lab",Biology,Texas A&M University,"Tape Station (Agilent) (Tape Station (Agilent)) | Friday, February 27",,0638,WSGI,completed,billing_initialized,hour,11,3/26/26 13:37,2/27/26 11:16,3/26/26 13:37,3/26/26 14:02,3/27/26 03:00,3/26/26 23:59,Paola Galvan,Molecular Genomics Workspace,MGW-5788681,,,,,71476185,No status set,,Molecular Biology,Self-Use,,,,,,3986
MGW-CH-5705,Equipment Scheduling,297788,Carolyn Herrera,,"Sorg, Joseph (TAMU) Lab",Biology,Texas A&M University,DNA D5000  Usage (per sample) - Consumables,,0638,WSGI,completed,billing_initialized,each,23.2,8/3/26 10:40,8/3/26 16:47,8/20/26 12:11,8/24/26 15:43,8/25/26 03:05,8/24/26 23:59,Carolyn Herrera,Molecular Genomics Workspace,MGW-6084220,,,,,74668612,No status set,,Self Service - TapeStation/Bioanalyzer,N/A,,,,,,3986
MGW-CH-5705,Equipment Scheduling,561952,Carolyn Herrera,,"Sorg, Joseph (TAMU) Lab",Biology,Texas A&M University,D5000 Ladder (1-15 samples) - Consumables,,0638,WSGI,completed,billing_initialized,each,11.3,8/3/26 10:40,8/3/26 16:47,8/20/26 12:11,8/24/26 15:43,8/25/26 03:05,8/24/26 23:59,Carolyn Herrera,Molecular Genomics Workspace,MGW-6084220,,,,,74668624,No status set,,Self Service - TapeStation/Bioanalyzer,N/A,,,,,,3986
MGW-CH-5705,Equipment Scheduling,295966,Carolyn Herrera,,"Sorg, Joseph (TAMU) Lab",Biology,Texas A&M University,"Tape Station (Agilent) (Tape Station (Agilent)) | Monday, August 03",,0638,WSGI,completed,billing_initialized,hour,26,8/20/26 12:10,8/3/26 16:47,8/20/26 12:10,8/24/26 15:43,8/25/26 03:05,8/24/26 23:59,Paola Galvan,Molecular Genomics Workspace,MGW-6084220,,,,,75111773,No status set,,Molecular Biology,Self-Use,,,,,,3986
MGW-CG-5247,Sequencing - P3-XLEAP - 100 cycle (~1B reads),296348,Cedric Geoffroy,Principal Investigator,"Geoffroy, Cedric (TAMU) Lab",Neuroscience & Experimental Therapeutics,Texas A&M University,DNA/RNA Qubit (full service; per sample),,0638,WSGI,completed,billing_initialized,each,10.65,9/17/25 09:20,9/17/25 09:20,12/15/25 10:21,12/18/25 16:34,12/19/25 03:00,12/18/25 23:59,jun Fan,Molecular Genomics Workspace,MGW-5607168,,,,,66844981,No status set,,Full Service - DNA/RNA QC,N/A,,,,,,3986
MGW-CG-5247,Sequencing - P3-XLEAP - 100 cycle (~1B reads),506490,Cedric Geoffroy,Principal Investigator,"Geoffroy, Cedric (TAMU) Lab",Neuroscience & Experimental Therapeutics,Texas A&M University,KAPA library quantification (first library),,0638,WSGI,completed,billing_initialized,each,95,9/17/25 09:20,9/17/25 09:20,12/15/25 10:21,12/18/25 16:34,12/19/25 03:00,12/18/25 23:59,jun Fan,Molecular Genomics Workspace,MGW-5607168,,,,,66845031,No status set,,Full Service - Other Library Preparation,N/A,,,,,,3986
MGW-CG-5247,Sequencing - P3-XLEAP - 100 cycle (~1B reads),539458,Cedric Geoffroy,Principal Investigator,"Geoffroy, Cedric (TAMU) Lab",Neuroscience & Experimental Therapeutics,Texas A&M University,KAPA library quantification (each additional library),,0638,WSGI,completed,billing_initialized,each,13.5,9/17/25 09:20,9/17/25 09:20,12/15/25 10:21,12/18/25 16:34,12/19/25 03:00,12/18/25 23:59,jun Fan,Molecular Genomics Workspace,MGW-5607168,,,,,66845033,No status set,,Full Service - Other Library Preparation,N/A,,,,,,3986
MGW-CG-5247,Sequencing - P3-XLEAP - 100 cycle (~1B reads),534527,Cedric Geoffroy,Principal Investigator,"Geoffroy, Cedric (TAMU) Lab",Neuroscience & Experimental Therapeutics,Texas A&M University,Sequencing - P2-XLEAP - 100 cycle (~400M reads),,0638,WSGI,completed,billing_initialized,each,1310,9/22/25 14:21,9/22/25 14:21,12/15/25 10:21,12/18/25 16:34,12/19/25 03:00,12/18/25 23:59,jun Fan,Molecular Genomics Workspace,MGW-5607168,,,,,66958335,No status set,,Full Service - Sequencing (NextSeq 2000),N/A,,,,,,3986
MGW-CW-5235,QC DNA (per sample),534527,Charli Worth,Graduate Student,"Taube, Joseph (BU) Lab",,Baylor University,Sequencing - P2-XLEAP - 100 cycle (~400M reads),,0638,WSGI,completed,billing_initialized,each,1505,9/8/25 13:16,9/8/25 13:16,1/28/26 10:31,7/10/26 15:30,7/11/26 03:00,7/31/26 23:59,jun Fan,Molecular Genomics Workspace,MGW-6011145,,,,,66617331,No status set,,Full Service - Sequencing (NextSeq 2000),N/A,,,,,,3986
MGW-CW-5235,QC DNA (per sample),307585,Charli Worth,Graduate Student,"Taube, Joseph (BU) Lab",,Baylor University,Bioinformatics Service (per hour),,0638,WSGI,completed,billing_initialized,hour,80,9/8/25 13:17,9/8/25 13:17,1/28/26 10:31,7/10/26 15:30,7/11/26 03:00,7/31/26 23:59,jun Fan,Molecular Genomics Workspace,MGW-6011145,,,,,66617355,No status set,,Full Service - Bioinformatics,N/A,,,,,,3986
MGW-CW-5235,QC DNA (per sample),464185,Charli Worth,Graduate Student,"Taube, Joseph (BU) Lab",,Baylor University,qPCR Setup (per run),,0638,WSGI,completed,billing_initialized,each,46,9/8/25 13:17,9/8/25 13:17,1/28/26 10:31,7/10/26 15:30,7/11/26 03:00,7/31/26 23:59,jun Fan,Molecular Genomics Workspace,MGW-6011145,,,,,66617388,No status set,,Full Service - Reverse transcription & Real-time PCR,N/A,,,,,,3986
MGW-CW-5235,QC DNA (per sample),464186,Charli Worth,Graduate Student,"Taube, Joseph (BU) Lab",,Baylor University,"qPCR Reaction, SYBR Green Chemistry (per reaction)",,0638,WSGI,completed,billing_initialized,each,64.8,9/8/25 13:17,9/8/25 13:17,1/28/26 10:31,7/10/26 15:30,7/11/26 03:00,7/31/26 23:59,jun Fan,Molecular Genomics Workspace,MGW-6011145,,,,,66617392,No status set,,Full Service - Reverse transcription & Real-time PCR,N/A,,,,,,3986
MGW-CW-5235,QC DNA (per sample),296348,Charli Worth,Graduate Student,"Taube, Joseph (BU) Lab",,Baylor University,DNA/RNA Qubit (full service; per sample),,0638,WSGI,completed,billing_initialized,each,96,9/8/25 13:24,9/8/25 13:24,1/28/26 10:31,7/10/26 15:30,7/11/26 03:00,7/31/26 23:59,jun Fan,Molecular Genomics Workspace,MGW-6011145,,,,,66617853,No status set,,Full Service - DNA/RNA QC,N/A,,,,,,3986
MGW-CW-5235,QC DNA (per sample),292889,Charli Worth,Graduate Student,"Taube, Joseph (BU) Lab",,Baylor University,TapeStation DNA D1000 (full service; per sample),,0638,WSGI,completed,billing_initialized,each,9.2,9/8/25 13:29,9/8/25 13:29,1/28/26 10:31,7/10/26 15:30,7/11/26 03:00,7/31/26 23:59,jun Fan,Molecular Genomics Workspace,MGW-6011145,,,,,66618059,No status set,,Full Service - DNA/RNA QC,N/A,,,,,,3986
MGW-CH-5482,Project Request,561151,Charlotte Heide,Graduate Student,"Cirillo, Jeffrey (TAMU) Lab",Microbial Pathogenesis and Immunology,Texas A&M University,QC RNA,,0638,WSGI,completed,billing_initialized,each,17.7,3/24/26 13:33,3/24/26 13:33,4/23/26 12:41,4/24/26 16:21,4/25/26 03:00,4/24/26 23:59,jun Fan,Molecular Genomics Workspace,MGW-5846986,,,,,71410349,No status set,,QC - Consumables,N/A,,,,,,3986
MGW-CH-5482,Project Request,561161,Charlotte Heide,Graduate Student,"Cirillo, Jeffrey (TAMU) Lab",Microbial Pathogenesis and Immunology,Texas A&M University,Qiagen Rneasy Mini Kit ,,0638,WSGI,completed,billing_initialized,each,33.28,3/24/26 13:37,3/24/26 13:37,4/23/26 12:41,4/24/26 16:21,4/25/26 03:00,4/24/26 23:59,jun Fan,Molecular Genomics Workspace,MGW-5846986,,,,,71410582,No status set,,DNA-RNA-Isolation - Consumable,N/A,,,,,,3986
MGW-CH-5482,Project Request,559377,Charlotte Heide,Graduate Student,"Cirillo, Jeffrey (TAMU) Lab",Microbial Pathogenesis and Immunology,Texas A&M University,Laboratory Technician,,0638,WSGI,completed,billing_initialized,hour,40,3/24/26 13:37,3/24/26 13:37,4/23/26 12:41,4/24/26 16:21,4/25/26 03:00,4/24/26 23:59,jun Fan,Molecular Genomics Workspace,MGW-5846986,,,,,71410630,No status set,,Laboratory Technician,N/A,,,,,,3986
MGW-CT-5686,Training Request,297792,Chelsea Thorn,,"Criscione, Charles (TAU) Lab",Biology,Texas A&M University,RNA Standard  Usage (per sample) - Consumables,,0638,WSGI,completed,billing_initialized,each,16.5,8/6/26 14:40,8/6/26 14:40,8/12/26 15:35,8/24/26 15:43,8/25/26 03:05,8/24/26 23:59,Paola Galvan,Molecular Genomics Workspace,MGW-6084221,,,,,74803552,No status set,,Self Service - TapeStation/Bioanalyzer,N/A,,,,,,3986
MGW-CT-5686,Training Request,559373,Chelsea Thorn,,"Criscione, Charles (TAU) Lab",Biology,Texas A&M University,4200 TapeStation,,0638,WSGI,completed,billing_initialized,hour,3.6,8/6/26 14:40,8/6/26 14:40,8/12/26 15:35,8/24/26 15:43,8/25/26 03:05,8/24/26 23:59,Paola Galvan,Molecular Genomics Workspace,MGW-6084221,,,,,74803564,No status set,,Instrument Charges,N/A,,,,,,3986
MGW-CT-5686,Training Request,559377,Chelsea Thorn,,"Criscione, Charles (TAU) Lab",Biology,Texas A&M University,Laboratory Technician,,0638,WSGI,completed,billing_initialized,hour,25,8/6/26 14:41,8/6/26 14:41,8/12/26 15:35,8/24/26 15:43,8/25/26 03:05,8/24/26 23:59,Paola Galvan,Molecular Genomics Workspace,MGW-6084221,,,,,74803573,No status set,,Laboratory Technician,N/A,,,,,,3986
MGW-CW-5286,RNA Standard  Usage (per sample),297792,Cheng Wu,,"Sachs, Matthew (TAMU) Lab",Biology,Texas A&M University,RNA Standard  Usage (per sample),,0638,WSGI,completed,billing_initialized,each,56.4,10/9/25 13:01,10/9/25 13:01,10/22/25 14:12,10/28/25 16:51,10/31/25 03:00,10/28/25 23:59,Paola Galvan,Molecular Genomics Workspace,MGW-5492182,,,,,67452367,No status set,,Self Service - TapeStation/Bioanalyzer,N/A,,,,,,3986
MGW-CW-5286,RNA Standard  Usage (per sample),292897,Cheng Wu,,"Sachs, Matthew (TAMU) Lab",Biology,Texas A&M University,DNA/RNA Qubit Usage (per sample) ,,0638,WSGI,completed,billing_initialized,each,17.4,10/10/25 14:05,10/10/25 14:05,10/22/25 14:12,10/28/25 16:51,10/31/25 03:00,10/28/25 23:59,Paola Galvan,Molecular Genomics Workspace,MGW-5492182,,,,,67484783,No status set,,Self Service - Qubit,N/A,,,,,,3986
MGW-CSW-5245,Countess Assay (full service; per sample),504633,Chia Shan Wu,Research Assistant Professor,"Wu, Chia Shan (TAMU) Lab",,Texas A&M University,Countess Assay (full service; per sample),,0638,WSGI,completed,billing_initialized,each,102.4,9/15/25 11:59,9/15/25 11:59,10/27/25 10:15,10/28/25 16:51,10/31/25 03:00,10/28/25 23:59,Sarah Sharpton,Molecular Genomics Workspace,MGW-5492167,,,,,66781669,No status set,,Full Service - Cell Counting & Viability,N/A,,,,,,3986
MGW-CSW-5245,Countess Assay (full service; per sample),552611,Chia Shan Wu,Research Assistant Professor,"Wu, Chia Shan (TAMU) Lab",,Texas A&M University,Parse Single Cell RNASeq -- WT (100K) cells,,0638,WSGI,completed,billing_initialized,each,1700,9/15/25 12:00,9/15/25 12:00,10/27/25 10:15,10/28/25 16:51,10/31/25 03:00,10/28/25 23:59,Sarah Sharpton,Molecular Genomics Workspace,MGW-5492167,,,,,66781705,No status set,,Full Service - Single Cell Library Preparation ,N/A,,,,,,3986
MGW-CSW-5245,Countess Assay (full service; per sample),534532,Chia Shan Wu,Research Assistant Professor,"Wu, Chia Shan (TAMU) Lab",,Texas A&M University,Sequencing - P3-XLEAP - 100 cycle (~1B reads),,0638,WSGI,completed,billing_initialized,each,5490,9/15/25 12:12,9/15/25 12:12,10/27/25 10:15,10/28/25 16:51,10/31/25 03:00,10/28/25 23:59,Sarah Sharpton,Molecular Genomics Workspace,MGW-5492167,,,,,66782289,No status set,,Full Service - Sequencing (NextSeq 2000),N/A,,,,,,3986
MGW-CJT-5563,Project Request,561160,Christina James Thomas,Graduate Student,"Song, Jianxun (TAMU) Lab",Microbial Pathogenesis and Immunology,Texas A&M University,Qiagen Rneasy Plus Universeral RNA Isolation - Consumables,,0638,WSGI,completed,billing_initialized,each,197.8,5/9/26 11:28,5/9/26 11:28,6/22/26 10:13,6/25/26 11:44,7/6/26 17:14,6/25/26 23:59,jun Fan,Molecular Genomics Workspace,MGW-5970364,,,,,72645656,No status set,,DNA-RNA-Isolation - Consumable,N/A,,,,,,3986
MGW-CJT-5563,Project Request,561152,Christina James Thomas,Graduate Student,"Song, Jianxun (TAMU) Lab",Microbial Pathogenesis and Immunology,Texas A&M University,QC Core-prepared Library - Consumables,,0638,WSGI,completed,billing_initialized,each,155.5,5/9/26 11:28,5/9/26 11:28,6/22/26 10:13,6/25/26 11:44,7/6/26 17:14,6/25/26 23:59,jun Fan,Molecular Genomics Workspace,MGW-5970364,,,,,72645658,No status set,,QC - Consumables,N/A,,,,,,3986
MGW-CJT-5563,Project Request,561151,Christina James Thomas,Graduate Student,"Song, Jianxun (TAMU) Lab",Microbial Pathogenesis and Immunology,Texas A&M University,QC RNA - Consumables,,0638,WSGI,completed,billing_initialized,each,88.5,5/9/26 11:28,5/9/26 11:28,6/22/26 10:13,6/25/26 11:44,7/6/26 17:14,6/25/26 23:59,jun Fan,Molecular Genomics Workspace,MGW-5970364,,,,,72645659,No status set,,QC - Consumables,N/A,,,,,,3986
MGW-CJT-5563,Project Request,564573,Christina James Thomas,Graduate Student,"Song, Jianxun (TAMU) Lab",Microbial Pathogenesis and Immunology,Texas A&M University,Wathmaker mRNAseq library - Consumables,This number is an estimate and may change once we have the actual data from practice.,0638,WSGI,completed,billing_initialized,each,536.3,5/9/26 11:28,5/9/26 11:28,6/22/26 10:13,6/25/26 11:44,7/6/26 17:14,6/25/26 23:59,jun Fan,Molecular Genomics Workspace,MGW-5970364,,,,,72645660,No status set,,RNA Library Preparation - Consumables,N/A,,,,,,3986
MGW-CJT-5563,Project Request,559377,Christina James Thomas,Graduate Student,"Song, Jianxun (TAMU) Lab",Microbial Pathogenesis and Immunology,Texas A&M University,Laboratory Technician,"The labor hours cover RNA extraction, QC, library preparation.",0638,WSGI,completed,billing_initialized,hour,425,5/9/26 11:29,5/9/26 11:29,6/22/26 10:13,6/25/26 11:44,7/6/26 17:14,6/25/26 23:59,jun Fan,Molecular Genomics Workspace,MGW-5970364,,,,,72645661,No status set,,Laboratory Technician,N/A,,,,,,3986
MGW-CJT-5563,Project Request,559373,Christina James Thomas,Graduate Student,"Song, Jianxun (TAMU) Lab",Microbial Pathogenesis and Immunology,Texas A&M University,4200 TapeStation,,0638,WSGI,completed,billing_initialized,hour,24,5/9/26 11:29,5/9/26 11:29,6/22/26 10:13,6/25/26 11:44,7/6/26 17:14,6/25/26 23:59,jun Fan,Molecular Genomics Workspace,MGW-5970364,,,,,72645662,No status set,,Instrument Charges,N/A,,,,,,3986
MGW-CJT-5563,Project Request,559371,Christina James Thomas,Graduate Student,"Song, Jianxun (TAMU) Lab",Microbial Pathogenesis and Immunology,Texas A&M University,NextSeq 2000 Sequencing System (S/N VH00580),,0638,WSGI,completed,billing_initialized,each,110,5/9/26 11:29,5/9/26 11:29,6/22/26 10:13,6/25/26 11:44,7/6/26 17:14,6/25/26 23:59,jun Fan,Molecular Genomics Workspace,MGW-5970364,,,,,72645663,No status set,,Instrument Charges,N/A,,,,,,3986
MGW-CJT-5563,Project Request,561256,Christina James Thomas,Graduate Student,"Song, Jianxun (TAMU) Lab",Microbial Pathogenesis and Immunology,Texas A&M University,NextSeq 2000 P3 XLEAP-SBS Reagent Kit (200 cycles) - Consumables,,0638,WSGI,completed,billing_initialized,each,1562.84,5/9/26 11:29,5/9/26 11:29,6/22/26 10:13,6/25/26 11:44,7/6/26 17:14,6/25/26 23:59,jun Fan,Molecular Genomics Workspace,MGW-5970364,,,,,72645664,No status set,,Sequencing (NextSeq 2000) - Consumables,N/A,,,,,,3986
MGW-CJT-5563,Project Request,559377,Christina James Thomas,Graduate Student,"Song, Jianxun (TAMU) Lab",Microbial Pathogenesis and Immunology,Texas A&M University,Laboratory Technician,,0638,WSGI,completed,billing_initialized,hour,16.5,5/9/26 11:38,5/9/26 11:38,6/22/26 10:13,6/25/26 11:44,7/6/26 17:14,6/25/26 23:59,jun Fan,Molecular Genomics Workspace,MGW-5970364,,,,,72645691,No status set,,Laboratory Technician,N/A,,,,,,3986
MGW-CJT-5624,Project Request,561180,Christina James Thomas,Graduate Student,"Song, Jianxun (TAMU) Lab",Microbial Pathogenesis and Immunology,Texas A&M University,Single Cell QC Mixi GO II - Consumables,,0638,WSGI,completed,billing_initialized,each,117.32,6/30/26 11:45,6/30/26 11:45,7/27/26 10:21,7/27/26 14:09,7/28/26 03:05,7/27/26 23:59,Sarah Sharpton,Molecular Genomics Workspace,MGW-6028623,,,,,73860605,No status set,,Single Cell-Visuim QC-Isolation - Consumables,N/A,,,,,,3986
MGW-CJT-5624,Project Request,561181,Christina James Thomas,Graduate Student,"Song, Jianxun (TAMU) Lab",Microbial Pathogenesis and Immunology,Texas A&M University,Single Cell QC Trypan Blue - Consumables ,,0638,WSGI,completed,billing_initialized,each,47.39,6/30/26 11:45,6/30/26 11:45,7/27/26 10:21,7/27/26 14:09,7/28/26 03:05,7/27/26 23:59,Sarah Sharpton,Molecular Genomics Workspace,MGW-6028623,,,,,73860613,No status set,,Single Cell-Visuim QC-Isolation - Consumables,N/A,,,,,,3986
MGW-CJT-5624,Project Request,561270,Christina James Thomas,Graduate Student,"Song, Jianxun (TAMU) Lab",Microbial Pathogenesis and Immunology,Texas A&M University,Chromium GEM-X Single Cell 5ʹ Chip Kit v3 - Consumables,,0638,WSGI,completed,billing_initialized,each,1031.25,6/30/26 11:45,6/30/26 11:45,7/27/26 10:21,7/27/26 14:09,7/28/26 03:05,7/27/26 23:59,Sarah Sharpton,Molecular Genomics Workspace,MGW-6028623,,,,,73860629,No status set,,Single Cell Library Preparation - Consumables,N/A,,,,,,3986
MGW-CJT-5624,Project Request,561269,Christina James Thomas,Graduate Student,"Song, Jianxun (TAMU) Lab",Microbial Pathogenesis and Immunology,Texas A&M University,Chromium GEM-X Single Cell 5ʹ Kit v3 - Consumables,,0638,WSGI,completed,billing_initialized,each,11367.3,6/30/26 11:46,6/30/26 11:46,7/27/26 10:21,7/27/26 14:09,7/28/26 03:05,7/27/26 23:59,Sarah Sharpton,Molecular Genomics Workspace,MGW-6028623,,,,,73860678,No status set,,Single Cell Library Preparation - Consumables,N/A,,,,,,3986
MGW-CJT-5624,Project Request,559389,Christina James Thomas,Graduate Student,"Song, Jianxun (TAMU) Lab",Microbial Pathogenesis and Immunology,Texas A&M University,Chromium iX/X,,0638,WSGI,completed,billing_initialized,hour,125,6/30/26 11:47,6/30/26 11:47,7/27/26 10:21,7/27/26 14:09,7/28/26 03:05,7/27/26 23:59,Sarah Sharpton,Molecular Genomics Workspace,MGW-6028623,,,,,73860761,No status set,,Instrument Charges,N/A,,,,,,3986
MGW-CJT-5624,Project Request,559373,Christina James Thomas,Graduate Student,"Song, Jianxun (TAMU) Lab",Microbial Pathogenesis and Immunology,Texas A&M University,4200 TapeStation,,0638,WSGI,completed,billing_initialized,hour,15.6,6/30/26 11:48,6/30/26 11:48,7/27/26 10:21,7/27/26 14:09,7/28/26 03:05,7/27/26 23:59,Sarah Sharpton,Molecular Genomics Workspace,MGW-6028623,,,,,73860783,No status set,,Instrument Charges,N/A,,,,,,3986
MGW-CJT-5624,Project Request,559371,Christina James Thomas,Graduate Student,"Song, Jianxun (TAMU) Lab",Microbial Pathogenesis and Immunology,Texas A&M University,NextSeq 2000 Sequencing System (S/N VH00580),,0638,WSGI,completed,billing_initialized,each,250,6/30/26 11:48,6/30/26 11:48,7/27/26 10:21,7/27/26 14:09,7/28/26 03:05,7/27/26 23:59,Sarah Sharpton,Molecular Genomics Workspace,MGW-6028623,,,,,73860798,No status set,,Instrument Charges,N/A,,,,,,3986
MGW-CJT-5624,Project Request,561152,Christina James Thomas,Graduate Student,"Song, Jianxun (TAMU) Lab",Microbial Pathogenesis and Immunology,Texas A&M University,QC Core-prepared Library - Consumables,,0638,WSGI,completed,billing_initialized,each,93.3,6/30/26 11:48,6/30/26 11:48,7/27/26 10:21,7/27/26 14:09,7/28/26 03:05,7/27/26 23:59,Sarah Sharpton,Molecular Genomics Workspace,MGW-6028623,,,,,73860813,No status set,,QC - Consumables,N/A,,,,,,3986
MGW-CJT-5624,Project Request,559377,Christina James Thomas,Graduate Student,"Song, Jianxun (TAMU) Lab",Microbial Pathogenesis and Immunology,Texas A&M University,Laboratory Technician,,0638,WSGI,completed,billing_initialized,hour,600,6/30/26 11:49,6/30/26 11:49,7/27/26 10:21,7/27/26 14:09,7/28/26 03:05,7/27/26 23:59,Sarah Sharpton,Molecular Genomics Workspace,MGW-6028623,,,,,73860856,No status set,,Laboratory Technician,N/A,,,,,,3986
MGW-CJT-5624,Project Request,561262,Christina James Thomas,Graduate Student,"Song, Jianxun (TAMU) Lab",Microbial Pathogenesis and Immunology,Texas A&M University,NextSeq 2000 P4 XLEAP-SBS Reagent Kit (100 cycles) - Consumables,,0638,WSGI,completed,billing_initialized,each,3059.1,7/23/26 12:13,7/23/26 12:13,7/27/26 10:21,7/27/26 14:09,7/28/26 03:05,7/27/26 23:59,Sarah Sharpton,Molecular Genomics Workspace,MGW-6028631,,,,,74415669,No status set,,Sequencing (NextSeq 2000) - Consumables,N/A,,,,,,3986
MGW-CJT-5624,Project Request,561269,Christina James Thomas,Graduate Student,"Song, Jianxun (TAMU) Lab",Microbial Pathogenesis and Immunology,Texas A&M University,Chromium GEM-X Single Cell 5ʹ Kit v3 - Consumables,Sample 1 (B1) was only processed until cDNA.,0638,WSGI,completed,billing_initialized,each,947.28,7/23/26 12:13,7/23/26 12:13,7/27/26 10:21,7/27/26 14:09,7/28/26 03:05,7/27/26 23:59,Sarah Sharpton,Molecular Genomics Workspace,MGW-6028631,,,,,74415689,No status set,,Single Cell Library Preparation - Consumables,N/A,,,,,,3986
MGW-CW-5260,Equipment Scheduling,297792,Christopher Williams,Graduate Student,"Hagler, Lauren (TAMU) Lab",,Texas A&M University,RNA Standard  Usage (per sample),,0638,WSGI,completed,billing_initialized,each,4.7,9/2/25 10:37,9/2/25 11:21,9/26/25 13:22,9/29/25 16:12,9/30/25 03:00,9/29/25 23:59,Christopher Williams,Molecular Genomics Workspace,MGW-5434218,,,,,66453003,No status set,,Self Service - TapeStation/Bioanalyzer,N/A,,,,,,3986
MGW-CW-5260,Equipment Scheduling,297792,Christopher Williams,Graduate Student,"Hagler, Lauren (TAMU) Lab",,Texas A&M University,RNA Standard  Usage (per sample),,0638,WSGI,completed,billing_initialized,each,9.4,9/15/25 11:59,9/15/25 13:30,9/26/25 13:29,9/29/25 16:12,9/30/25 03:00,9/29/25 23:59,Christopher Williams,Molecular Genomics Workspace,MGW-5434218,,,,,66781694,No status set,,Self Service - TapeStation/Bioanalyzer,N/A,,,,,,3986
MGW-CW-5260,Equipment Scheduling,297793,Christopher Williams,Graduate Student,"Hagler, Lauren (TAMU) Lab",,Texas A&M University,RNA HS Usage (per sample),,0638,WSGI,completed,billing_initialized,each,15.75,9/15/25 12:00,9/15/25 13:30,9/26/25 13:29,9/29/25 16:12,9/30/25 03:00,9/29/25 23:59,Christopher Williams,Molecular Genomics Workspace,MGW-5434218,,,,,66781714,No status set,,Self Service - TapeStation/Bioanalyzer,N/A,,,,,,3986
MGW-CW-5260,Equipment Scheduling,295966,Christopher Williams,Graduate Student,"Hagler, Lauren (TAMU) Lab",,Texas A&M University,"Tape Station (Agilent) (Tape Station (Agilent)) | Tuesday, September 02",,0638,WSGI,completed,billing_initialized,hour,0,9/26/25 13:22,9/2/25 11:21,9/26/25 13:22,9/29/25 16:12,9/30/25 03:00,9/29/25 23:59,Paola Galvan,Molecular Genomics Workspace,MGW-5434218,,,,,67081238,No status set,,Molecular Biology,Self-Use,,,,,,3986
MGW-CW-5260,Equipment Scheduling,295966,Christopher Williams,Graduate Student,"Hagler, Lauren (TAMU) Lab",,Texas A&M University,"Tape Station (Agilent) (Tape Station (Agilent)) | Monday, September 15",,0638,WSGI,completed,billing_initialized,hour,0,9/26/25 13:29,9/15/25 13:30,9/26/25 13:29,9/29/25 16:12,9/30/25 03:00,9/29/25 23:59,Paola Galvan,Molecular Genomics Workspace,MGW-5434218,,,,,67081553,No status set,,Molecular Biology,Self-Use,,,,,,3986
MGW-CW-5260,Equipment Scheduling,297793,Christopher Williams,Graduate Student,"Hagler, Lauren (TAMU) Lab",,Texas A&M University,RNA HS Usage (per sample),,0638,WSGI,completed,billing_initialized,each,21,9/29/25 13:50,9/29/25 14:14,9/29/25 15:29,9/29/25 16:12,9/30/25 03:00,9/29/25 23:59,Christopher Williams,Molecular Genomics Workspace,MGW-5434218,,,,,67134387,No status set,,Self Service - TapeStation/Bioanalyzer,N/A,,,,,,3986
MGW-CW-5260,Equipment Scheduling,295966,Christopher Williams,Graduate Student,"Hagler, Lauren (TAMU) Lab",,Texas A&M University,"Tape Station (Agilent) (Tape Station (Agilent)) | Monday, September 29",,0638,WSGI,completed,billing_initialized,hour,0,9/29/25 15:29,9/29/25 14:14,9/29/25 15:29,9/29/25 16:12,9/30/25 03:00,9/29/25 23:59,Paola Galvan,Molecular Genomics Workspace,MGW-5434218,,,,,67142168,No status set,,Molecular Biology,Self-Use,,,,,,3986
MGW-CW-5305,Equipment Scheduling,297793,Christopher Williams,Graduate Student,"Hagler, Lauren (TAMU) Lab",,Texas A&M University,RNA HS Usage (per sample),,0638,WSGI,completed,billing_initialized,each,10.5,10/1/25 12:56,10/1/25 16:05,10/27/25 10:05,10/28/25 16:51,10/31/25 03:00,10/28/25 23:59,Christopher Williams,Molecular Genomics Workspace,MGW-5492178,,,,,67221347,No status set,,Self Service - TapeStation/Bioanalyzer,N/A,,,,,,3986
MGW-CW-5305,Equipment Scheduling,295966,Christopher Williams,Graduate Student,"Hagler, Lauren (TAMU) Lab",,Texas A&M University,"Tape Station (Agilent) (Tape Station (Agilent)) | Wednesday, October 01",,0638,WSGI,completed,billing_initialized,hour,0,10/27/25 10:05,10/1/25 16:05,10/27/25 10:05,10/28/25 16:51,10/31/25 03:00,10/28/25 23:59,Paola Galvan,Molecular Genomics Workspace,MGW-5492178,,,,,67833498,No status set,,Molecular Biology,Self-Use,,,,,,3986
MGW-CW-5382,Equipment Scheduling,297792,Christopher Williams,Graduate Student,"Hagler, Lauren (TAMU) Lab",,Texas A&M University,RNA Standard  Usage (per sample),,0638,WSGI,completed,billing_initialized,each,14.1,12/1/25 14:22,12/1/25 16:13,12/15/25 15:40,12/18/25 16:34,12/19/25 03:00,12/18/25 23:59,Christopher Williams,Molecular Genomics Workspace,MGW-5607173,,,,,68766297,No status set,,Self Service - TapeStation/Bioanalyzer,N/A,,,,,,3986
MGW-CW-5382,Equipment Scheduling,295966,Christopher Williams,Graduate Student,"Hagler, Lauren (TAMU) Lab",,Texas A&M University,"Tape Station (Agilent) (Tape Station (Agilent)) | Monday, December 01",,0638,WSGI,completed,billing_initialized,hour,34,12/15/25 15:40,12/1/25 16:13,12/15/25 15:40,12/18/25 16:34,12/19/25 03:00,12/18/25 23:59,Paola Galvan,Molecular Genomics Workspace,MGW-5607173,,,,,69158205,No status set,,Molecular Biology,Self-Use,,,,,,3986
MGW-CW-5382,Equipment Scheduling,297793,Christopher Williams,Graduate Student,"Hagler, Lauren (TAMU) Lab",,Texas A&M University,RNA HS Usage (per sample),,0638,WSGI,completed,billing_initialized,each,24,12/22/25 13:27,12/22/25 14:11,1/28/26 10:48,1/28/26 11:03,1/29/26 03:00,1/28/26 23:59,Christopher Williams,Molecular Genomics Workspace,MGW-5668382,,,,,69297882,No status set,,Self Service - TapeStation/Bioanalyzer,N/A,,,,,,3986
MGW-CW-5382,Equipment Scheduling,295966,Christopher Williams,Graduate Student,"Hagler, Lauren (TAMU) Lab",,Texas A&M University,"Tape Station (Agilent) (Tape Station (Agilent)) | Monday, December 22",,0638,WSGI,completed,billing_initialized,hour,13,1/28/26 10:48,12/22/25 14:11,1/28/26 10:48,1/28/26 11:03,1/29/26 03:00,1/28/26 23:59,Paola Galvan,Molecular Genomics Workspace,MGW-5668382,,,,,69986645,No status set,,Molecular Biology,Self-Use,,,,,,3986
MGW-CG-5597,Project Request,561160,Clare Gill,,"Gill, Clare (TAMU) Lab",,Texas A&M University,Qiagen Rneasy Plus Universeral RNA Isolation - Consumables,,0638,WSGI,financials_approved,not_ready_to_bill,each,19.78,6/3/26 14:51,6/3/26 14:51,,n/a,n/a,n/a,jun Fan,Molecular Genomics Workspace,no invoice,,,,,73238843,No status set,,DNA-RNA-Isolation - Consumable,N/A,,,,,,3986
MGW-CG-5597,Project Request,561151,Clare Gill,,"Gill, Clare (TAMU) Lab",,Texas A&M University,QC RNA - Consumables,,0638,WSGI,financials_approved,not_ready_to_bill,each,8.85,6/3/26 14:51,6/3/26 14:51,,n/a,n/a,n/a,jun Fan,Molecular Genomics Workspace,no invoice,,,,,73238859,No status set,,QC - Consumables,N/A,,,,,,3986
MGW-CG-5597,Project Request,573612,Clare Gill,,"Gill, Clare (TAMU) Lab",,Texas A&M University,Customer Provided Kit - Chromium Nuclei Isolation Kit- 1 sample - Consumables,,0638,WSGI,financials_approved,not_ready_to_bill,each,29,6/10/26 15:33,6/10/26 15:33,,n/a,n/a,n/a,Sarah Sharpton,Molecular Genomics Workspace,no invoice,,,,,73415989,No status set,,Single Cell-Visuim QC-Isolation - Consumables,N/A,,,,,,3986
MGW-CG-5597,Project Request,561179,Clare Gill,,"Gill, Clare (TAMU) Lab",,Texas A&M University,Single Cell QC DeNovix - Consumables,,0638,WSGI,financials_approved,not_ready_to_bill,each,7.78,6/10/26 15:34,6/10/26 15:34,,n/a,n/a,n/a,Sarah Sharpton,Molecular Genomics Workspace,no invoice,,,,,73416017,No status set,,Single Cell-Visuim QC-Isolation - Consumables,N/A,,,,,,3986
MGW-CG-5597,Project Request,561181,Clare Gill,,"Gill, Clare (TAMU) Lab",,Texas A&M University,Single Cell QC Trypan Blue - Consumables ,,0638,WSGI,financials_approved,not_ready_to_bill,each,13.54,6/10/26 15:34,6/10/26 15:34,,n/a,n/a,n/a,Sarah Sharpton,Molecular Genomics Workspace,no invoice,,,,,73416021,No status set,,Single Cell-Visuim QC-Isolation - Consumables,N/A,,,,,,3986
MGW-CG-5597,Project Request,559373,Clare Gill,,"Gill, Clare (TAMU) Lab",,Texas A&M University,4200 TapeStation,,0638,WSGI,financials_approved,not_ready_to_bill,hour,1.2,6/11/26 13:02,6/11/26 13:02,,n/a,n/a,n/a,Sarah Sharpton,Molecular Genomics Workspace,no invoice,,,,,73437068,No status set,,Instrument Charges,N/A,,,,,,3986
MGW-CG-5597,Project Request,559377,Clare Gill,,"Gill, Clare (TAMU) Lab",,Texas A&M University,Laboratory Technician,,0638,WSGI,financials_approved,not_ready_to_bill,hour,150,6/11/26 13:05,6/11/26 13:05,,n/a,n/a,n/a,Sarah Sharpton,Molecular Genomics Workspace,no invoice,,,,,73437189,No status set,,Laboratory Technician,N/A,,,,,,3986
MGW-CG-5597,Project Request,563702,Clare Gill,,"Gill, Clare (TAMU) Lab",,Texas A&M University,Nikon Microscope,,0638,WSGI,financials_approved,not_ready_to_bill,each,10,6/11/26 13:06,6/11/26 13:06,,n/a,n/a,n/a,Sarah Sharpton,Molecular Genomics Workspace,no invoice,,,,,73437266,No status set,,Instrument Charges,N/A,,,,,,3986
MGW-CG-5602,Project Request,561160,Clare Gill,,"Gill, Clare (TAMU) Lab",,Texas A&M University,Qiagen Rneasy Plus Universeral RNA Isolation - Consumables,,0638,WSGI,proposed,not_ready_to_bill,each,316.48,6/22/26 12:12,6/22/26 12:12,,n/a,n/a,n/a,Sarah Sharpton,Molecular Genomics Workspace,no invoice,,,,,73638624,No status set,,DNA-RNA-Isolation - Consumable,N/A,,,,,,3986
MGW-CG-5602,Project Request,561151,Clare Gill,,"Gill, Clare (TAMU) Lab",,Texas A&M University,QC RNA - Consumables,,0638,WSGI,proposed,not_ready_to_bill,each,141.6,6/22/26 12:12,6/22/26 12:12,,n/a,n/a,n/a,Sarah Sharpton,Molecular Genomics Workspace,no invoice,,,,,73638631,No status set,,QC - Consumables,N/A,,,,,,3986
MGW-CG-5602,Project Request,559373,Clare Gill,,"Gill, Clare (TAMU) Lab",,Texas A&M University,4200 TapeStation,,0638,WSGI,proposed,not_ready_to_bill,hour,19.2,6/22/26 12:13,6/22/26 12:13,,n/a,n/a,n/a,Sarah Sharpton,Molecular Genomics Workspace,no invoice,,,,,73638672,No status set,,Instrument Charges,N/A,,,,,,3986
MGW-CG-5602,Project Request,567417,Clare Gill,,"Gill, Clare (TAMU) Lab",,Texas A&M University,Visium HD Spatial Gene Expression Customer Provided Kit - Consumables,,0638,WSGI,proposed,not_ready_to_bill,each,1120,6/22/26 12:15,6/22/26 12:15,,n/a,n/a,n/a,Sarah Sharpton,Molecular Genomics Workspace,no invoice,,,,,73638772,No status set,,Visium Spatial - Consumables ,N/A,,,,,,3986
MGW-CG-5602,Project Request,561262,Clare Gill,,"Gill, Clare (TAMU) Lab",,Texas A&M University,NextSeq 2000 P4 XLEAP-SBS Reagent Kit (100 cycles) - Consumables,,0638,WSGI,proposed,not_ready_to_bill,each,5940,6/22/26 12:16,6/22/26 12:16,,n/a,n/a,n/a,Sarah Sharpton,Molecular Genomics Workspace,no invoice,,,,,73638852,No status set,,Sequencing (NextSeq 2000) - Consumables,N/A,,,,,,3986
MGW-CG-5602,Project Request,563700,Clare Gill,,"Gill, Clare (TAMU) Lab",,Texas A&M University,Visium CyAssist,,0638,WSGI,proposed,not_ready_to_bill,each,2000,6/22/26 12:18,6/22/26 12:18,,n/a,n/a,n/a,Sarah Sharpton,Molecular Genomics Workspace,no invoice,,,,,73638901,No status set,,Instrument Charges,N/A,,,,,,3986
MGW-CG-5602,Project Request,559371,Clare Gill,,"Gill, Clare (TAMU) Lab",,Texas A&M University,NextSeq 2000 Sequencing System (S/N VH00580),,0638,WSGI,proposed,not_ready_to_bill,each,500,6/22/26 12:18,6/22/26 12:18,,n/a,n/a,n/a,Sarah Sharpton,Molecular Genomics Workspace,no invoice,,,,,73638912,No status set,,Instrument Charges,N/A,,,,,,3986
MGW-CG-5602,Project Request,573612,Clare Gill,,"Gill, Clare (TAMU) Lab",,Texas A&M University,Customer Provided Kit - Chromium Nuclei Isolation Kit- 1 sample - Consumables,,0638,WSGI,proposed,not_ready_to_bill,each,232,6/22/26 12:49,6/22/26 12:49,,n/a,n/a,n/a,Sarah Sharpton,Molecular Genomics Workspace,no invoice,,,,,73640416,No status set,,Single Cell-Visuim QC-Isolation - Consumables,N/A,,,,,,3986
MGW-CG-5602,Project Request,561179,Clare Gill,,"Gill, Clare (TAMU) Lab",,Texas A&M University,Single Cell QC DeNovix - Consumables,,0638,WSGI,proposed,not_ready_to_bill,each,62.24,6/22/26 12:49,6/22/26 12:49,,n/a,n/a,n/a,Sarah Sharpton,Molecular Genomics Workspace,no invoice,,,,,73640424,No status set,,Single Cell-Visuim QC-Isolation - Consumables,N/A,,,,,,3986
MGW-CG-5602,Project Request,561181,Clare Gill,,"Gill, Clare (TAMU) Lab",,Texas A&M University,Single Cell QC Trypan Blue - Consumables ,,0638,WSGI,proposed,not_ready_to_bill,each,108.32,6/22/26 12:49,6/22/26 12:49,,n/a,n/a,n/a,Sarah Sharpton,Molecular Genomics Workspace,no invoice,,,,,73640429,No status set,,Single Cell-Visuim QC-Isolation - Consumables,N/A,,,,,,3986
MGW-CG-5602,Project Request,561275,Clare Gill,,"Gill, Clare (TAMU) Lab",,Texas A&M University,Customer Provided Kit - GEM-X Epi Multiome ATAC + GEX - Consumables,,0638,WSGI,proposed,not_ready_to_bill,each,2560,6/22/26 12:56,6/22/26 12:56,,n/a,n/a,n/a,Sarah Sharpton,Molecular Genomics Workspace,no invoice,,,,,73640730,No status set,,Single Cell Library Preparation - Consumables,N/A,,,,,,3986
MGW-CG-5602,Project Request,559389,Clare Gill,,"Gill, Clare (TAMU) Lab",,Texas A&M University,Chromium iX/X,,0638,WSGI,proposed,not_ready_to_bill,hour,200,6/22/26 12:59,6/22/26 12:59,,n/a,n/a,n/a,Sarah Sharpton,Molecular Genomics Workspace,no invoice,,,,,73640893,No status set,,Instrument Charges,N/A,,,,,,3986
MGW-CG-5602,Project Request,561152,Clare Gill,,"Gill, Clare (TAMU) Lab",,Texas A&M University,QC Core-prepared Library - Consumables,,0638,WSGI,proposed,not_ready_to_bill,each,497.6,6/22/26 12:59,6/22/26 12:59,,n/a,n/a,n/a,Sarah Sharpton,Molecular Genomics Workspace,no invoice,,,,,73640930,No status set,,QC - Consumables,N/A,,,,,,3986
MGW-CG-5602,Project Request,559373,Clare Gill,,"Gill, Clare (TAMU) Lab",,Texas A&M University,4200 TapeStation,,0638,WSGI,proposed,not_ready_to_bill,hour,57.6,6/22/26 13:00,6/22/26 13:00,,n/a,n/a,n/a,Sarah Sharpton,Molecular Genomics Workspace,no invoice,,,,,73640975,No status set,,Instrument Charges,N/A,,,,,,3986
MGW-CG-5602,Project Request,559377,Clare Gill,,"Gill, Clare (TAMU) Lab",,Texas A&M University,Laboratory Technician,Visisum slide processing,0638,WSGI,proposed,not_ready_to_bill,hour,4000,6/22/26 13:01,6/22/26 13:01,,n/a,n/a,n/a,Sarah Sharpton,Molecular Genomics Workspace,no invoice,,,,,73641024,No status set,,Laboratory Technician,N/A,,,,,,3986
MGW-CG-5602,Project Request,559377,Clare Gill,,"Gill, Clare (TAMU) Lab",,Texas A&M University,Laboratory Technician,Multiome sample processing,0638,WSGI,proposed,not_ready_to_bill,hour,2400,6/22/26 13:01,6/22/26 13:01,,n/a,n/a,n/a,Sarah Sharpton,Molecular Genomics Workspace,no invoice,,,,,73641032,No status set,,Laboratory Technician,N/A,,,,,,3986
MGW-CG-5602,Project Request,563702,Clare Gill,,"Gill, Clare (TAMU) Lab",,Texas A&M University,Nikon Microscope,,0638,WSGI,proposed,not_ready_to_bill,each,100,6/22/26 13:08,6/22/26 13:08,,n/a,n/a,n/a,Sarah Sharpton,Molecular Genomics Workspace,no invoice,,,,,73641494,No status set,,Instrument Charges,N/A,,,,,,3986
MGW-CG-5602,Project Request,571889,Clare Gill,,"Gill, Clare (TAMU) Lab",,Texas A&M University,NovaSeq X 10B 100 cycles - whole flow cell - Consumables,,0638,WSGI,proposed,not_ready_to_bill,each,16530,6/22/26 13:19,6/22/26 13:19,,n/a,n/a,n/a,Sarah Sharpton,Molecular Genomics Workspace,no invoice,,,,,73642238,No status set,,NovaSeq - Consumables,N/A,,,,,,3986
MGW-CG-5261,Equipment Scheduling,505331,Cody Goode,,"Cruz-Reyes, Jorge (TAMU) Lab",Biochemistry & Biophysics,Texas A&M University,ssDNA Qubit  Usage (per sample),,0638,WSGI,completed,billing_initialized,each,15.2,9/2/25 11:12,9/2/25 11:45,9/26/25 13:22,9/29/25 16:12,9/30/25 03:00,9/29/25 23:59,Cody Goode,Molecular Genomics Workspace,MGW-5434219,,,,,66456664,No status set,,Self Service - Qubit,N/A,,,,,,3986
MGW-CG-5261,Equipment Scheduling,292897,Cody Goode,,"Cruz-Reyes, Jorge (TAMU) Lab",Biochemistry & Biophysics,Texas A&M University,DNA/RNA Qubit Usage (per sample) ,,0638,WSGI,completed,billing_initialized,each,1.45,9/2/25 11:14,9/2/25 11:45,9/26/25 13:22,9/29/25 16:12,9/30/25 03:00,9/29/25 23:59,Cody Goode,Molecular Genomics Workspace,MGW-5434219,,,,,66457112,No status set,,Self Service - Qubit,N/A,,,,,,3986
MGW-CG-5261,Equipment Scheduling,292897,Cody Goode,,"Cruz-Reyes, Jorge (TAMU) Lab",Biochemistry & Biophysics,Texas A&M University,DNA/RNA Qubit Usage (per sample) ,,0638,WSGI,completed,billing_initialized,each,14.5,9/4/25 10:56,9/3/25 16:00,9/26/25 13:22,9/29/25 16:12,9/30/25 03:00,9/29/25 23:59,Paola Galvan,Molecular Genomics Workspace,MGW-5434219,,,,,66538759,No status set,,Self Service - Qubit,N/A,,,,,,3986
MGW-CG-5261,Equipment Scheduling,505330,Cody Goode,,"Cruz-Reyes, Jorge (TAMU) Lab",Biochemistry & Biophysics,Texas A&M University,microRNA Qubit Usage (per sample),,0638,WSGI,completed,billing_initialized,each,9.5,9/4/25 10:56,9/3/25 16:00,9/26/25 13:22,9/29/25 16:12,9/30/25 03:00,9/29/25 23:59,Paola Galvan,Molecular Genomics Workspace,MGW-5434219,,,,,66538763,No status set,,Self Service - Qubit,N/A,,,,,,3986
MGW-CG-5261,Equipment Scheduling,297793,Cody Goode,,"Cruz-Reyes, Jorge (TAMU) Lab",Biochemistry & Biophysics,Texas A&M University,RNA HS Usage (per sample),,0638,WSGI,completed,billing_initialized,each,57.75,9/4/25 10:57,9/3/25 17:00,9/26/25 13:23,9/29/25 16:12,9/30/25 03:00,9/29/25 23:59,Paola Galvan,Molecular Genomics Workspace,MGW-5434219,,,,,66538794,No status set,,Self Service - TapeStation/Bioanalyzer,N/A,,,,,,3986
MGW-CG-5261,Equipment Scheduling,292897,Cody Goode,,"Cruz-Reyes, Jorge (TAMU) Lab",Biochemistry & Biophysics,Texas A&M University,DNA/RNA Qubit Usage (per sample) ,,0638,WSGI,completed,billing_initialized,each,10.15,9/12/25 14:47,9/12/25 15:05,9/26/25 13:29,9/29/25 16:12,9/30/25 03:00,9/29/25 23:59,Cody Goode,Molecular Genomics Workspace,MGW-5434219,,,,,66753595,No status set,,Self Service - Qubit,N/A,,,,,,3986
MGW-CG-5261,Equipment Scheduling,292897,Cody Goode,,"Cruz-Reyes, Jorge (TAMU) Lab",Biochemistry & Biophysics,Texas A&M University,DNA/RNA Qubit Usage (per sample) ,,0638,WSGI,completed,billing_initialized,each,10.15,9/12/25 14:48,9/12/25 15:05,9/26/25 13:29,9/29/25 16:12,9/30/25 03:00,9/29/25 23:59,Cody Goode,Molecular Genomics Workspace,MGW-5434219,,,,,66753603,No status set,,Self Service - Qubit,N/A,,,,,,3986
MGW-CG-5261,Equipment Scheduling,505330,Cody Goode,,"Cruz-Reyes, Jorge (TAMU) Lab",Biochemistry & Biophysics,Texas A&M University,microRNA Qubit Usage (per sample),,0638,WSGI,completed,billing_initialized,each,13.3,9/12/25 14:48,9/12/25 15:05,9/26/25 13:29,9/29/25 16:12,9/30/25 03:00,9/29/25 23:59,Cody Goode,Molecular Genomics Workspace,MGW-5434219,,,,,66753612,No status set,,Self Service - Qubit,N/A,,,,,,3986
MGW-CG-5261,Equipment Scheduling,297793,Cody Goode,,"Cruz-Reyes, Jorge (TAMU) Lab",Biochemistry & Biophysics,Texas A&M University,RNA HS Usage (per sample),,0638,WSGI,completed,billing_initialized,each,73.5,9/15/25 13:35,9/15/25 14:32,9/29/25 10:30,9/29/25 16:12,9/30/25 03:00,9/29/25 23:59,Cody Goode,Molecular Genomics Workspace,MGW-5434219,,,,,66786718,No status set,,Self Service - TapeStation/Bioanalyzer,N/A,,,,,,3986
MGW-CG-5261,Equipment Scheduling,297792,Cody Goode,,"Cruz-Reyes, Jorge (TAMU) Lab",Biochemistry & Biophysics,Texas A&M University,RNA Standard  Usage (per sample),,0638,WSGI,completed,billing_initialized,each,28.2,9/18/25 15:30,9/18/25 15:46,9/26/25 13:29,9/29/25 16:12,9/30/25 03:00,9/29/25 23:59,Cody Goode,Molecular Genomics Workspace,MGW-5434219,,,,,66899121,No status set,,Self Service - TapeStation/Bioanalyzer,N/A,,,,,,3986
MGW-CG-5261,Equipment Scheduling,292907,Cody Goode,,"Cruz-Reyes, Jorge (TAMU) Lab",Biochemistry & Biophysics,Texas A&M University,"Qubit Fluorometer (Life Technologies) (Qubit Fluorometer (Life Technologies)) | Tuesday, September 02",,0638,WSGI,completed,billing_initialized,hour,0,9/26/25 13:22,9/2/25 11:45,9/26/25 13:22,9/29/25 16:12,9/30/25 03:00,9/29/25 23:59,Paola Galvan,Molecular Genomics Workspace,MGW-5434219,,,,,67081245,No status set,,Molecular Biology,Self-Use,,,,,,3986
MGW-CG-5261,Equipment Scheduling,292907,Cody Goode,,"Cruz-Reyes, Jorge (TAMU) Lab",Biochemistry & Biophysics,Texas A&M University,"Qubit Fluorometer (Life Technologies) (Qubit Fluorometer (Life Technologies)) | Wednesday, September 03",,0638,WSGI,completed,billing_initialized,hour,0,9/26/25 13:22,9/3/25 16:00,9/26/25 13:22,9/29/25 16:12,9/30/25 03:00,9/29/25 23:59,Paola Galvan,Molecular Genomics Workspace,MGW-5434219,,,,,67081261,No status set,,Molecular Biology,Self-Use,,,,,,3986
MGW-CG-5261,Equipment Scheduling,295966,Cody Goode,,"Cruz-Reyes, Jorge (TAMU) Lab",Biochemistry & Biophysics,Texas A&M University,"Tape Station (Agilent) (Tape Station (Agilent)) | Wednesday, September 03",,0638,WSGI,completed,billing_initialized,hour,0,9/26/25 13:23,9/3/25 17:00,9/26/25 13:23,9/29/25 16:12,9/30/25 03:00,9/29/25 23:59,Paola Galvan,Molecular Genomics Workspace,MGW-5434219,,,,,67081270,No status set,,Molecular Biology,Self-Use,,,,,,3986
MGW-CG-5261,Equipment Scheduling,292907,Cody Goode,,"Cruz-Reyes, Jorge (TAMU) Lab",Biochemistry & Biophysics,Texas A&M University,"Qubit Fluorometer (Life Technologies) (Qubit Fluorometer (Life Technologies)) | Friday, September 12",,0638,WSGI,completed,billing_initialized,hour,0,9/26/25 13:28,9/12/25 15:05,9/26/25 13:28,9/29/25 16:12,9/30/25 03:00,9/29/25 23:59,Paola Galvan,Molecular Genomics Workspace,MGW-5434219,,,,,67081538,No status set,,Molecular Biology,Self-Use,,,,,,3986
MGW-CG-5261,Equipment Scheduling,295966,Cody Goode,,"Cruz-Reyes, Jorge (TAMU) Lab",Biochemistry & Biophysics,Texas A&M University,"Tape Station (Agilent) (Tape Station (Agilent)) | Thursday, September 18",,0638,WSGI,completed,billing_initialized,hour,0,9/26/25 13:29,9/18/25 15:46,9/26/25 13:29,9/29/25 16:12,9/30/25 03:00,9/29/25 23:59,Paola Galvan,Molecular Genomics Workspace,MGW-5434219,,,,,67081584,No status set,,Molecular Biology,Self-Use,,,,,,3986
MGW-CG-5261,Equipment Scheduling,295966,Cody Goode,,"Cruz-Reyes, Jorge (TAMU) Lab",Biochemistry & Biophysics,Texas A&M University,"Tape Station (Agilent) (Tape Station (Agilent)) | Monday, September 15",,0638,WSGI,completed,billing_initialized,hour,0,9/29/25 10:30,9/15/25 14:32,9/29/25 10:30,9/29/25 16:12,9/30/25 03:00,9/29/25 23:59,Paola Galvan,Molecular Genomics Workspace,MGW-5434219,,,,,67115027,No status set,,Molecular Biology,Self-Use,,,,,,3986
MGW-CG-5261,Equipment Scheduling,297793,Cody Goode,,"Cruz-Reyes, Jorge (TAMU) Lab",Biochemistry & Biophysics,Texas A&M University,RNA HS Usage (per sample),,0638,WSGI,completed,billing_initialized,each,10.5,9/30/25 10:58,9/30/25 11:26,10/27/25 10:04,10/28/25 16:51,10/31/25 03:00,10/28/25 23:59,Cody Goode,Molecular Genomics Workspace,MGW-5492177,,,,,67164926,No status set,,Self Service - TapeStation/Bioanalyzer,N/A,,,,,,3986
MGW-CG-5304,Equipment Scheduling,505331,Cody Goode,,"Cruz-Reyes, Jorge (TAMU) Lab",Biochemistry & Biophysics,Texas A&M University,ssDNA Qubit  Usage (per sample),,0638,WSGI,completed,billing_initialized,each,3.8,10/1/25 11:41,10/1/25 12:05,10/27/25 10:05,10/28/25 16:51,10/31/25 03:00,10/28/25 23:59,Cody Goode,Molecular Genomics Workspace,MGW-5492177,,,,,67215328,No status set,,Self Service - Qubit,N/A,,,,,,3986
MGW-CG-5304,Equipment Scheduling,292897,Cody Goode,,"Cruz-Reyes, Jorge (TAMU) Lab",Biochemistry & Biophysics,Texas A&M University,DNA/RNA Qubit Usage (per sample) ,,0638,WSGI,completed,billing_initialized,each,2.9,10/8/25 12:22,10/8/25 12:36,10/27/25 10:05,10/28/25 16:51,10/31/25 03:00,10/28/25 23:59,Cody Goode,Molecular Genomics Workspace,MGW-5492177,,,,,67424306,No status set,,Self Service - Qubit,N/A,,,,,,3986
MGW-CG-5304,Equipment Scheduling,292897,Cody Goode,,"Cruz-Reyes, Jorge (TAMU) Lab",Biochemistry & Biophysics,Texas A&M University,DNA/RNA Qubit Usage (per sample) ,,0638,WSGI,completed,billing_initialized,each,13.05,10/8/25 12:22,10/8/25 12:36,10/27/25 10:05,10/28/25 16:51,10/31/25 03:00,10/28/25 23:59,Cody Goode,Molecular Genomics Workspace,MGW-5492177,,,,,67424320,No status set,,Self Service - Qubit,N/A,,,,,,3986
MGW-CG-5304,Equipment Scheduling,505331,Cody Goode,,"Cruz-Reyes, Jorge (TAMU) Lab",Biochemistry & Biophysics,Texas A&M University,ssDNA Qubit  Usage (per sample),,0638,WSGI,completed,billing_initialized,each,17.1,10/10/25 11:43,10/10/25 11:57,10/27/25 10:09,10/28/25 16:51,10/31/25 03:00,10/28/25 23:59,Cody Goode,Molecular Genomics Workspace,MGW-5492177,,,,,67477171,No status set,,Self Service - Qubit,N/A,,,,,,3986
MGW-CG-5261,Equipment Scheduling,295966,Cody Goode,,"Cruz-Reyes, Jorge (TAMU) Lab",Biochemistry & Biophysics,Texas A&M University,"Tape Station (Agilent) (Tape Station (Agilent)) | Tuesday, September 30",,0638,WSGI,completed,billing_initialized,hour,0,10/27/25 10:04,9/30/25 11:26,10/27/25 10:04,10/28/25 16:51,10/31/25 03:00,10/28/25 23:59,Paola Galvan,Molecular Genomics Workspace,MGW-5492177,,,,,67833397,No status set,,Molecular Biology,Self-Use,,,,,,3986
MGW-CG-5304,Equipment Scheduling,292907,Cody Goode,,"Cruz-Reyes, Jorge (TAMU) Lab",Biochemistry & Biophysics,Texas A&M University,"Qubit Fluorometer (Life Technologies) (Qubit Fluorometer (Life Technologies)) | Wednesday, October 01",,0638,WSGI,completed,billing_initialized,hour,0,10/27/25 10:05,10/1/25 12:05,10/27/25 10:05,10/28/25 16:51,10/31/25 03:00,10/28/25 23:59,Paola Galvan,Molecular Genomics Workspace,MGW-5492177,,,,,67833478,No status set,,Molecular Biology,Self-Use,,,,,,3986
MGW-CG-5304,Equipment Scheduling,292907,Cody Goode,,"Cruz-Reyes, Jorge (TAMU) Lab",Biochemistry & Biophysics,Texas A&M University,"Qubit Fluorometer (Life Technologies) (Qubit Fluorometer (Life Technologies)) | Wednesday, October 08",,0638,WSGI,completed,billing_initialized,hour,0,10/27/25 10:05,10/8/25 12:36,10/27/25 10:05,10/28/25 16:51,10/31/25 03:00,10/28/25 23:59,Paola Galvan,Molecular Genomics Workspace,MGW-5492177,,,,,67833532,No status set,,Molecular Biology,Self-Use,,,,,,3986
MGW-CG-5304,Equipment Scheduling,292907,Cody Goode,,"Cruz-Reyes, Jorge (TAMU) Lab",Biochemistry & Biophysics,Texas A&M University,"Qubit Fluorometer (Life Technologies) (Qubit Fluorometer (Life Technologies)) | Friday, October 10",,0638,WSGI,completed,billing_initialized,hour,0,10/27/25 10:09,10/10/25 11:57,10/27/25 10:09,10/28/25 16:51,10/31/25 03:00,10/28/25 23:59,Paola Galvan,Molecular Genomics Workspace,MGW-5492177,,,,,67833742,No status set,,Molecular Biology,Self-Use,,,,,,3986
MGW-CG-5304,Equipment Scheduling,292897,Cody Goode,,"Cruz-Reyes, Jorge (TAMU) Lab",Biochemistry & Biophysics,Texas A&M University,DNA/RNA Qubit Usage (per sample) ,,0638,WSGI,completed,billing_initialized,each,14.5,10/27/25 10:26,10/15/25 12:52,10/27/25 10:28,10/28/25 16:51,10/31/25 03:00,10/28/25 23:59,Paola Galvan,Molecular Genomics Workspace,MGW-5492177,,,,,67835064,No status set,,Self Service - Qubit,N/A,,,,,,3986
MGW-CG-5304,Equipment Scheduling,292907,Cody Goode,,"Cruz-Reyes, Jorge (TAMU) Lab",Biochemistry & Biophysics,Texas A&M University,"Qubit Fluorometer (Life Technologies) (Qubit Fluorometer (Life Technologies)) | Wednesday, October 15",,0638,WSGI,completed,billing_initialized,hour,0,10/27/25 10:28,10/15/25 12:52,10/27/25 10:28,10/28/25 16:51,10/31/25 03:00,10/28/25 23:59,Paola Galvan,Molecular Genomics Workspace,MGW-5492177,,,,,67835214,No status set,,Molecular Biology,Self-Use,,,,,,3986
MGW-CG-5346,Equipment Scheduling,297792,Cody Goode,,"Cruz-Reyes, Jorge (TAMU) Lab",Biochemistry & Biophysics,Texas A&M University,RNA Standard  Usage (per sample),,0638,WSGI,completed,billing_initialized,each,23.5,11/4/25 14:33,11/4/25 16:56,11/20/25 11:16,11/25/25 10:28,11/26/25 03:00,11/25/25 23:59,Cody Goode,Molecular Genomics Workspace,MGW-5554530,,,,,68130417,No status set,,Self Service - TapeStation/Bioanalyzer,N/A,,,,,,3986
MGW-CG-5347,Equipment Scheduling,292897,Cody Goode,,"Cruz-Reyes, Jorge (TAMU) Lab",Biochemistry & Biophysics,Texas A&M University,DNA/RNA Qubit Usage (per sample) ,,0638,WSGI,completed,billing_initialized,each,1.45,11/4/25 16:57,11/4/25 16:58,11/20/25 11:16,11/25/25 10:28,11/26/25 03:00,11/25/25 23:59,Cody Goode,Molecular Genomics Workspace,MGW-5554530,,,,,68137381,No status set,,Self Service - Qubit,N/A,,,,,,3986
MGW-CG-5346,Equipment Scheduling,297793,Cody Goode,,"Cruz-Reyes, Jorge (TAMU) Lab",Biochemistry & Biophysics,Texas A&M University,RNA HS Usage (per sample),,0638,WSGI,completed,billing_initialized,each,10.5,11/5/25 12:14,11/4/25 16:56,11/20/25 11:16,11/25/25 10:28,11/26/25 03:00,11/25/25 23:59,Paola Galvan,Molecular Genomics Workspace,MGW-5554530,,,,,68170278,No status set,,Self Service - TapeStation/Bioanalyzer,N/A,,,,,,3986
MGW-CG-5346,Equipment Scheduling,505331,Cody Goode,,"Cruz-Reyes, Jorge (TAMU) Lab",Biochemistry & Biophysics,Texas A&M University,ssDNA Qubit  Usage (per sample),,0638,WSGI,completed,billing_initialized,each,7.6,11/5/25 15:31,11/5/25 16:18,11/20/25 11:16,11/25/25 10:28,11/26/25 03:00,11/25/25 23:59,Cody Goode,Molecular Genomics Workspace,MGW-5554530,,,,,68185026,No status set,,Self Service - Qubit,N/A,,,,,,3986
MGW-CG-5346,Equipment Scheduling,297793,Cody Goode,,"Cruz-Reyes, Jorge (TAMU) Lab",Biochemistry & Biophysics,Texas A&M University,RNA HS Usage (per sample),,0638,WSGI,completed,not_billable,each,0,11/7/25 12:26,11/7/25 12:39,11/20/25 11:25,11/25/25 10:28,11/26/25 03:00,11/25/25 23:59,Cody Goode,Molecular Genomics Workspace,MGW-5554530,Cancellation,,,,68249848,No status set,,Self Service - TapeStation/Bioanalyzer,N/A,,,,,,3986
MGW-CG-5346,Equipment Scheduling,505331,Cody Goode,,"Cruz-Reyes, Jorge (TAMU) Lab",Biochemistry & Biophysics,Texas A&M University,ssDNA Qubit  Usage (per sample),,0638,WSGI,completed,billing_initialized,each,7.6,11/7/25 12:40,11/7/25 12:41,11/20/25 11:16,11/25/25 10:28,11/26/25 03:00,11/25/25 23:59,Cody Goode,Molecular Genomics Workspace,MGW-5554530,,,,,68250552,No status set,,Self Service - Qubit,N/A,,,,,,3986
MGW-CG-5346,Equipment Scheduling,505331,Cody Goode,,"Cruz-Reyes, Jorge (TAMU) Lab",Biochemistry & Biophysics,Texas A&M University,ssDNA Qubit  Usage (per sample),,0638,WSGI,completed,billing_initialized,each,5.7,11/7/25 13:30,11/7/25 13:38,11/20/25 11:16,11/25/25 10:28,11/26/25 03:00,11/25/25 23:59,Cody Goode,Molecular Genomics Workspace,MGW-5554530,,,,,68253022,No status set,,Self Service - Qubit,N/A,,,,,,3986
MGW-CG-5346,Equipment Scheduling,505331,Cody Goode,,"Cruz-Reyes, Jorge (TAMU) Lab",Biochemistry & Biophysics,Texas A&M University,ssDNA Qubit  Usage (per sample),,0638,WSGI,completed,billing_initialized,each,32.3,11/14/25 10:36,11/14/25 10:49,11/20/25 11:16,11/25/25 10:28,11/26/25 03:00,11/25/25 23:59,Cody Goode,Molecular Genomics Workspace,MGW-5554530,,,,,68408165,No status set,,Self Service - Qubit,N/A,,,,,,3986
MGW-CG-5346,Equipment Scheduling,295966,Cody Goode,,"Cruz-Reyes, Jorge (TAMU) Lab",Biochemistry & Biophysics,Texas A&M University,"Tape Station (Agilent) (Tape Station (Agilent)) | Tuesday, November 04",,0638,WSGI,completed,billing_initialized,hour,0,11/20/25 11:16,11/4/25 16:56,11/20/25 11:16,11/25/25 10:28,11/26/25 03:00,11/25/25 23:59,Paola Galvan,Molecular Genomics Workspace,MGW-5554530,,,,,68558787,No status set,,Molecular Biology,Self-Use,,,,,,3986
MGW-CG-5347,Equipment Scheduling,292907,Cody Goode,,"Cruz-Reyes, Jorge (TAMU) Lab",Biochemistry & Biophysics,Texas A&M University,"Qubit Fluorometer (Life Technologies) (Qubit Fluorometer (Life Technologies)) | Tuesday, November 04",,0638,WSGI,completed,billing_initialized,hour,0,11/20/25 11:16,11/4/25 16:58,11/20/25 11:16,11/25/25 10:28,11/26/25 03:00,11/25/25 23:59,Paola Galvan,Molecular Genomics Workspace,MGW-5554530,,,,,68558790,No status set,,Molecular Biology,Self-Use,,,,,,3986
MGW-CG-5346,Equipment Scheduling,292907,Cody Goode,,"Cruz-Reyes, Jorge (TAMU) Lab",Biochemistry & Biophysics,Texas A&M University,"Qubit Fluorometer (Life Technologies) (Qubit Fluorometer (Life Technologies)) | Wednesday, November 05",,0638,WSGI,completed,billing_initialized,hour,0,11/20/25 11:16,11/5/25 16:18,11/20/25 11:16,11/25/25 10:28,11/26/25 03:00,11/25/25 23:59,Paola Galvan,Molecular Genomics Workspace,MGW-5554530,,,,,68558803,No status set,,Molecular Biology,Self-Use,,,,,,3986
MGW-CG-5346,Equipment Scheduling,292907,Cody Goode,,"Cruz-Reyes, Jorge (TAMU) Lab",Biochemistry & Biophysics,Texas A&M University,"Qubit Fluorometer (Life Technologies) (Qubit Fluorometer (Life Technologies)) | Friday, November 07",,0638,WSGI,completed,billing_initialized,hour,0,11/20/25 11:16,11/7/25 12:41,11/20/25 11:16,11/25/25 10:28,11/26/25 03:00,11/25/25 23:59,Paola Galvan,Molecular Genomics Workspace,MGW-5554530,,,,,68558807,No status set,,Molecular Biology,Self-Use,,,,,,3986
MGW-CG-5346,Equipment Scheduling,292907,Cody Goode,,"Cruz-Reyes, Jorge (TAMU) Lab",Biochemistry & Biophysics,Texas A&M University,"Qubit Fluorometer (Life Technologies) (Qubit Fluorometer (Life Technologies)) | Friday, November 07",,0638,WSGI,completed,billing_initialized,hour,0,11/20/25 11:16,11/7/25 13:38,11/20/25 11:16,11/25/25 10:28,11/26/25 03:00,11/25/25 23:59,Paola Galvan,Molecular Genomics Workspace,MGW-5554530,,,,,68558808,No status set,,Molecular Biology,Self-Use,,,,,,3986
MGW-CG-5346,Equipment Scheduling,292907,Cody Goode,,"Cruz-Reyes, Jorge (TAMU) Lab",Biochemistry & Biophysics,Texas A&M University,"Qubit Fluorometer (Life Technologies) (Qubit Fluorometer (Life Technologies)) | Friday, November 14",,0638,WSGI,completed,billing_initialized,hour,0,11/20/25 11:16,11/14/25 10:49,11/20/25 11:16,11/25/25 10:28,11/26/25 03:00,11/25/25 23:59,Paola Galvan,Molecular Genomics Workspace,MGW-5554530,,,,,68558817,No status set,,Molecular Biology,Self-Use,,,,,,3986
MGW-CG-5346,Equipment Scheduling,295966,Cody Goode,,"Cruz-Reyes, Jorge (TAMU) Lab",Biochemistry & Biophysics,Texas A&M University,"Tape Station (Agilent) (Tape Station (Agilent)) | Friday, November 07 (cancellation)",,0638,WSGI,completed,not_billable,hour,0,11/20/25 11:25,11/7/25 12:39,11/20/25 11:25,11/25/25 10:28,11/26/25 03:00,11/25/25 23:59,Paola Galvan,Molecular Genomics Workspace,MGW-5554530,Cancellation,,,,68559297,No status set,,Molecular Biology,Self-Use,,,,,,3986
MGW-CG-5346,Equipment Scheduling,292897,Cody Goode,,"Cruz-Reyes, Jorge (TAMU) Lab",Biochemistry & Biophysics,Texas A&M University,DNA/RNA Qubit Usage (per sample) ,,0638,WSGI,completed,billing_initialized,each,2.9,11/25/25 12:13,11/25/25 12:30,12/15/25 12:53,12/18/25 16:34,12/19/25 03:00,12/18/25 23:59,Cody Goode,Molecular Genomics Workspace,MGW-5607172,,,,,68658353,No status set,,Self Service - Qubit,N/A,,,,,,3986
MGW-CG-5385,Equipment Scheduling,292897,Cody Goode,,"Cruz-Reyes, Jorge (TAMU) Lab",Biochemistry & Biophysics,Texas A&M University,DNA/RNA Qubit Usage (per sample) ,,0638,WSGI,completed,billing_initialized,each,6.2,12/15/25 10:42,12/15/25 11:13,12/15/25 15:42,12/18/25 16:34,12/19/25 03:00,12/18/25 23:59,Cody Goode,Molecular Genomics Workspace,MGW-5607172,,,,,69138849,No status set,,Self Service - Qubit,N/A,,,,,,3986
MGW-CG-5346,Equipment Scheduling,292907,Cody Goode,,"Cruz-Reyes, Jorge (TAMU) Lab",Biochemistry & Biophysics,Texas A&M University,"Qubit Fluorometer (Life Technologies) (Qubit Fluorometer (Life Technologies)) | Tuesday, November 25",,0638,WSGI,completed,billing_initialized,hour,0,12/15/25 12:52,11/25/25 12:30,12/15/25 12:52,12/18/25 16:34,12/19/25 03:00,12/18/25 23:59,Paola Galvan,Molecular Genomics Workspace,MGW-5607172,,,,,69147022,No status set,,Molecular Biology,Self-Use,,,,,,3986
MGW-CG-5385,Equipment Scheduling,292907,Cody Goode,,"Cruz-Reyes, Jorge (TAMU) Lab",Biochemistry & Biophysics,Texas A&M University,"Qubit Fluorometer (Life Technologies) (Qubit Fluorometer (Life Technologies)) | Monday, December 15",,0638,WSGI,completed,billing_initialized,hour,0,12/15/25 15:42,12/15/25 11:13,12/15/25 15:42,12/18/25 16:34,12/19/25 03:00,12/18/25 23:59,Paola Galvan,Molecular Genomics Workspace,MGW-5607172,,,,,69158301,No status set,,Molecular Biology,Self-Use,,,,,,3986
MGW-CG-5417,Equipment Scheduling,292897,Cody Goode,,"Cruz-Reyes, Jorge (TAMU) Lab",Biochemistry & Biophysics,Texas A&M University,DNA/RNA Qubit Usage (per sample) ,,0638,WSGI,completed,billing_initialized,each,6.2,1/7/26 15:06,1/7/26 15:29,1/28/26 10:49,1/28/26 11:03,1/29/26 03:00,1/28/26 23:59,Cody Goode,Molecular Genomics Workspace,MGW-5668383,,,,,69549166,No status set,,Self Service - Qubit,N/A,,,,,,3986
MGW-CG-5418,Equipment Scheduling,297793,Cody Goode,,"Cruz-Reyes, Jorge (TAMU) Lab",Biochemistry & Biophysics,Texas A&M University,RNA HS Usage (per sample),,0638,WSGI,completed,billing_initialized,each,12,1/7/26 15:33,1/7/26 15:40,1/28/26 10:49,1/28/26 11:03,1/29/26 03:00,1/28/26 23:59,Cody Goode,Molecular Genomics Workspace,MGW-5668383,,,,,69550400,No status set,,Self Service - TapeStation/Bioanalyzer,N/A,,,,,,3986
MGW-CG-5417,Equipment Scheduling,505331,Cody Goode,,"Cruz-Reyes, Jorge (TAMU) Lab",Biochemistry & Biophysics,Texas A&M University,ssDNA Qubit  Usage (per sample),,0638,WSGI,completed,billing_initialized,each,44.4,1/9/26 10:18,1/9/26 10:36,1/28/26 10:49,1/28/26 11:03,1/29/26 03:00,1/28/26 23:59,Cody Goode,Molecular Genomics Workspace,MGW-5668383,,,,,69592892,No status set,,Self Service - Qubit,N/A,,,,,,3986
MGW-CG-5417,Equipment Scheduling,297793,Cody Goode,,"Cruz-Reyes, Jorge (TAMU) Lab",Biochemistry & Biophysics,Texas A&M University,RNA HS Usage (per sample),,0638,WSGI,completed,billing_initialized,each,36,1/14/26 14:28,1/14/26 14:40,1/28/26 10:49,1/28/26 11:03,1/29/26 03:00,1/28/26 23:59,Cody Goode,Molecular Genomics Workspace,MGW-5668383,,,,,69710977,No status set,,Self Service - TapeStation/Bioanalyzer,N/A,,,,,,3986
MGW-CG-5417,Equipment Scheduling,297792,Cody Goode,,"Cruz-Reyes, Jorge (TAMU) Lab",Biochemistry & Biophysics,Texas A&M University,RNA Standard  Usage (per sample),,0638,WSGI,completed,billing_initialized,each,27.5,1/14/26 16:04,1/14/26 16:04,1/28/26 10:49,1/28/26 11:03,1/29/26 03:00,1/28/26 23:59,Cody Goode,Molecular Genomics Workspace,MGW-5668383,,,,,69716531,No status set,,Self Service - TapeStation/Bioanalyzer,N/A,,,,,,3986
MGW-CG-5417,Equipment Scheduling,292897,Cody Goode,,"Cruz-Reyes, Jorge (TAMU) Lab",Biochemistry & Biophysics,Texas A&M University,DNA/RNA Qubit Usage (per sample) ,,0638,WSGI,completed,billing_initialized,each,4,1/16/26 12:10,1/16/26 12:20,3/26/26 13:25,3/26/26 14:02,3/27/26 03:00,3/26/26 23:59,Cody Goode,Molecular Genomics Workspace,MGW-5788675,,,,,69762915,No status set,,Self Service - Qubit,N/A,,,,,,3986
MGW-CG-5417,Equipment Scheduling,297793,Cody Goode,,"Cruz-Reyes, Jorge (TAMU) Lab",Biochemistry & Biophysics,Texas A&M University,RNA HS Usage (per sample),,0638,WSGI,completed,billing_initialized,each,12,1/16/26 12:11,1/16/26 12:44,1/28/26 10:49,1/28/26 11:03,1/29/26 03:00,1/28/26 23:59,Cody Goode,Molecular Genomics Workspace,MGW-5668383,,,,,69762983,No status set,,Self Service - TapeStation/Bioanalyzer,N/A,,,,,,3986
MGW-CG-5417,Equipment Scheduling,292897,Cody Goode,,"Cruz-Reyes, Jorge (TAMU) Lab",Biochemistry & Biophysics,Texas A&M University,DNA/RNA Qubit Usage (per sample) ,,0638,WSGI,completed,billing_initialized,each,12,1/16/26 15:53,1/16/26 16:03,2/20/26 12:02,2/20/26 12:25,2/21/26 03:00,2/20/26 23:59,Cody Goode,Molecular Genomics Workspace,MGW-5720442,,,,,69772831,No status set,,Self Service - Qubit,N/A,,,,,,3986
MGW-CG-5417,Equipment Scheduling,505331,Cody Goode,,"Cruz-Reyes, Jorge (TAMU) Lab",Biochemistry & Biophysics,Texas A&M University,ssDNA Qubit  Usage (per sample),,0638,WSGI,completed,billing_initialized,each,24,1/21/26 10:58,1/21/26 11:15,2/20/26 12:02,2/20/26 12:25,2/21/26 03:00,2/20/26 23:59,Cody Goode,Molecular Genomics Workspace,MGW-5720442,,,,,69838431,No status set,,Self Service - Qubit,N/A,,,,,,3986
MGW-CG-5417,Equipment Scheduling,292907,Cody Goode,,"Cruz-Reyes, Jorge (TAMU) Lab",Biochemistry & Biophysics,Texas A&M University,"Qubit Fluorometer (Life Technologies) (Qubit Fluorometer (Life Technologies)) | Wednesday, January 07",,0638,WSGI,completed,billing_initialized,hour,0,1/28/26 10:49,1/7/26 15:29,1/28/26 10:49,1/28/26 11:03,1/29/26 03:00,1/28/26 23:59,Paola Galvan,Molecular Genomics Workspace,MGW-5668383,,,,,69986651,No status set,,Molecular Biology,Self-Use,,,,,,3986
MGW-CG-5417,Equipment Scheduling,292907,Cody Goode,,"Cruz-Reyes, Jorge (TAMU) Lab",Biochemistry & Biophysics,Texas A&M University,"Qubit Fluorometer (Life Technologies) (Qubit Fluorometer (Life Technologies)) | Friday, January 09",,0638,WSGI,completed,billing_initialized,hour,0,1/28/26 10:49,1/9/26 10:36,1/28/26 10:49,1/28/26 11:03,1/29/26 03:00,1/28/26 23:59,Paola Galvan,Molecular Genomics Workspace,MGW-5668383,,,,,69986655,No status set,,Molecular Biology,Self-Use,,,,,,3986
MGW-CG-5418,Equipment Scheduling,295966,Cody Goode,,"Cruz-Reyes, Jorge (TAMU) Lab",Biochemistry & Biophysics,Texas A&M University,"Tape Station (Agilent) (Tape Station (Agilent)) | Wednesday, January 07",,0638,WSGI,completed,billing_initialized,hour,20,1/28/26 10:49,1/7/26 15:40,1/28/26 10:49,1/28/26 11:03,1/29/26 03:00,1/28/26 23:59,Paola Galvan,Molecular Genomics Workspace,MGW-5668383,,,,,69986656,No status set,,Molecular Biology,Self-Use,,,,,,3986
MGW-CG-5417,Equipment Scheduling,295966,Cody Goode,,"Cruz-Reyes, Jorge (TAMU) Lab",Biochemistry & Biophysics,Texas A&M University,"Tape Station (Agilent) (Tape Station (Agilent)) | Wednesday, January 14",,0638,WSGI,completed,billing_initialized,hour,30,1/28/26 10:49,1/14/26 14:40,1/28/26 10:49,1/28/26 11:03,1/29/26 03:00,1/28/26 23:59,Paola Galvan,Molecular Genomics Workspace,MGW-5668383,,,,,69986663,No status set,,Molecular Biology,Self-Use,,,,,,3986
MGW-CG-5417,Equipment Scheduling,295966,Cody Goode,,"Cruz-Reyes, Jorge (TAMU) Lab",Biochemistry & Biophysics,Texas A&M University,"Tape Station (Agilent) (Tape Station (Agilent)) | Wednesday, January 14",,0638,WSGI,completed,billing_initialized,hour,34,1/28/26 10:49,1/14/26 16:04,1/28/26 10:49,1/28/26 11:03,1/29/26 03:00,1/28/26 23:59,Paola Galvan,Molecular Genomics Workspace,MGW-5668383,,,,,69986664,No status set,,Molecular Biology,Self-Use,,,,,,3986
MGW-CG-5417,Equipment Scheduling,295966,Cody Goode,,"Cruz-Reyes, Jorge (TAMU) Lab",Biochemistry & Biophysics,Texas A&M University,"Tape Station (Agilent) (Tape Station (Agilent)) | Friday, January 16",,0638,WSGI,completed,billing_initialized,hour,16,1/28/26 10:49,1/16/26 12:44,1/28/26 10:49,1/28/26 11:03,1/29/26 03:00,1/28/26 23:59,Paola Galvan,Molecular Genomics Workspace,MGW-5668383,,,,,69986671,No status set,,Molecular Biology,Self-Use,,,,,,3986
MGW-CG-5446,Equipment Scheduling,292897,Cody Goode,,"Cruz-Reyes, Jorge (TAMU) Lab",Biochemistry & Biophysics,Texas A&M University,DNA/RNA Qubit Usage (per sample) ,,0638,WSGI,completed,billing_initialized,each,4,2/3/26 14:46,2/3/26 14:56,2/20/26 12:02,2/20/26 12:25,2/21/26 03:00,2/20/26 23:59,Cody Goode,Molecular Genomics Workspace,MGW-5720442,,,,,70175708,No status set,,Self Service - Qubit,N/A,,,,,,3986
MGW-CG-5446,Equipment Scheduling,297793,Cody Goode,,"Cruz-Reyes, Jorge (TAMU) Lab",Biochemistry & Biophysics,Texas A&M University,RNA HS Usage (per sample),,0638,WSGI,completed,billing_initialized,each,12,2/3/26 14:47,2/3/26 15:14,2/20/26 12:08,2/20/26 12:25,2/21/26 03:00,2/20/26 23:59,Cody Goode,Molecular Genomics Workspace,MGW-5720442,,,,,70175729,No status set,,Self Service - TapeStation/Bioanalyzer,N/A,,,,,,3986
MGW-CG-5446,Equipment Scheduling,505331,Cody Goode,,"Cruz-Reyes, Jorge (TAMU) Lab",Biochemistry & Biophysics,Texas A&M University,ssDNA Qubit  Usage (per sample),,0638,WSGI,completed,billing_initialized,each,28,2/12/26 13:06,2/12/26 14:45,2/20/26 12:10,2/20/26 12:25,2/21/26 03:00,2/20/26 23:59,Cody Goode,Molecular Genomics Workspace,MGW-5720442,,,,,70423159,No status set,,Self Service - Qubit,N/A,,,,,,3986
MGW-CG-5439,Project Request,562236,Cody Goode,,"Cruz-Reyes, Jorge (TAMU) Lab",Biochemistry & Biophysics,Texas A&M University,QC DNA/RNA Qubit Only,The number might change once the actual samples arrive.,0638,WSGI,completed,billing_initialized,each,24,2/13/26 21:10,2/13/26 21:10,4/23/26 14:31,4/24/26 16:20,4/25/26 03:00,4/24/26 23:59,jun Fan,Molecular Genomics Workspace,MGW-5846977,,,,,70461339,No status set,,QC - Consumables,N/A,,,,,,3986
MGW-CG-5439,Project Request,565135,Cody Goode,,"Cruz-Reyes, Jorge (TAMU) Lab",Biochemistry & Biophysics,Texas A&M University,Revvity NEXTFLEX small RNA sequency kit,The number might change once the actual samples arrive.,0638,WSGI,completed,billing_initialized,each,1179.72,2/13/26 21:10,2/13/26 21:10,4/23/26 14:31,4/24/26 16:20,4/25/26 03:00,4/24/26 23:59,jun Fan,Molecular Genomics Workspace,MGW-5846977,,,,,70461342,No status set,,RNA Library Preparation - Consumables,N/A,,,,,,3986
MGW-CG-5439,Project Request,559373,Cody Goode,,"Cruz-Reyes, Jorge (TAMU) Lab",Biochemistry & Biophysics,Texas A&M University,4200 TapeStation,,0638,WSGI,completed,billing_initialized,hour,14.4,2/13/26 21:10,2/13/26 21:10,4/23/26 14:31,4/24/26 16:20,4/25/26 03:00,4/24/26 23:59,jun Fan,Molecular Genomics Workspace,MGW-5846977,,,,,70461344,No status set,,Instrument Charges,N/A,,,,,,3986
MGW-CG-5439,Project Request,559377,Cody Goode,,"Cruz-Reyes, Jorge (TAMU) Lab",Biochemistry & Biophysics,Texas A&M University,Laboratory Technician,,0638,WSGI,completed,billing_initialized,hour,400,2/13/26 21:11,2/13/26 21:11,4/23/26 14:31,4/24/26 16:20,4/25/26 03:00,4/24/26 23:59,jun Fan,Molecular Genomics Workspace,MGW-5846977,,,,,70461348,No status set,,Laboratory Technician,N/A,,,,,,3986
MGW-CG-5439,Project Request,561152,Cody Goode,,"Cruz-Reyes, Jorge (TAMU) Lab",Biochemistry & Biophysics,Texas A&M University,QC Core-prepared Library,The number might change once the actual samples arrive.,0638,WSGI,completed,billing_initialized,each,186.6,2/13/26 21:12,2/13/26 21:12,4/23/26 14:31,4/24/26 16:20,4/25/26 03:00,4/24/26 23:59,jun Fan,Molecular Genomics Workspace,MGW-5846977,,,,,70461350,No status set,,QC - Consumables,N/A,,,,,,3986
MGW-CG-5446,Equipment Scheduling,292897,Cody Goode,,"Cruz-Reyes, Jorge (TAMU) Lab",Biochemistry & Biophysics,Texas A&M University,DNA/RNA Qubit Usage (per sample) ,,0638,WSGI,completed,billing_initialized,each,20,2/18/26 14:23,2/18/26 14:55,2/20/26 12:02,2/20/26 12:25,2/21/26 03:00,2/20/26 23:59,Cody Goode,Molecular Genomics Workspace,MGW-5720442,,,,,70545229,No status set,,Self Service - Qubit,N/A,,,,,,3986
MGW-CG-5446,Equipment Scheduling,297793,Cody Goode,,"Cruz-Reyes, Jorge (TAMU) Lab",Biochemistry & Biophysics,Texas A&M University,RNA HS Usage (per sample),,0638,WSGI,completed,billing_initialized,each,60,2/18/26 14:24,2/18/26 15:25,2/20/26 12:10,2/20/26 12:25,2/21/26 03:00,2/20/26 23:59,Cody Goode,Molecular Genomics Workspace,MGW-5720442,,,,,70545290,No status set,,Self Service - TapeStation/Bioanalyzer,N/A,,,,,,3986
MGW-CG-5417,Equipment Scheduling,292907,Cody Goode,,"Cruz-Reyes, Jorge (TAMU) Lab",Biochemistry & Biophysics,Texas A&M University,"Qubit Fluorometer (Life Technologies) (Qubit Fluorometer (Life Technologies)) | Friday, January 16",,0638,WSGI,completed,billing_initialized,hour,0,2/20/26 12:02,1/16/26 16:03,2/20/26 12:02,2/20/26 12:25,2/21/26 03:00,2/20/26 23:59,Paola Galvan,Molecular Genomics Workspace,MGW-5720442,,,,,70600645,No status set,,Molecular Biology,Self-Use,,,,,,3986
MGW-CG-5417,Equipment Scheduling,292907,Cody Goode,,"Cruz-Reyes, Jorge (TAMU) Lab",Biochemistry & Biophysics,Texas A&M University,"Qubit Fluorometer (Life Technologies) (Qubit Fluorometer (Life Technologies)) | Wednesday, January 21",,0638,WSGI,completed,billing_initialized,hour,0,2/20/26 12:02,1/21/26 11:15,2/20/26 12:02,2/20/26 12:25,2/21/26 03:00,2/20/26 23:59,Paola Galvan,Molecular Genomics Workspace,MGW-5720442,,,,,70600649,No status set,,Molecular Biology,Self-Use,,,,,,3986
MGW-CG-5446,Equipment Scheduling,292907,Cody Goode,,"Cruz-Reyes, Jorge (TAMU) Lab",Biochemistry & Biophysics,Texas A&M University,"Qubit Fluorometer (Life Technologies) (Qubit Fluorometer (Life Technologies)) | Tuesday, February 03",,0638,WSGI,completed,billing_initialized,hour,0,2/20/26 12:02,2/3/26 14:56,2/20/26 12:02,2/20/26 12:25,2/21/26 03:00,2/20/26 23:59,Paola Galvan,Molecular Genomics Workspace,MGW-5720442,,,,,70600655,No status set,,Molecular Biology,Self-Use,,,,,,3986
MGW-CG-5446,Equipment Scheduling,292907,Cody Goode,,"Cruz-Reyes, Jorge (TAMU) Lab",Biochemistry & Biophysics,Texas A&M University,"Qubit Fluorometer (Life Technologies) (Qubit Fluorometer (Life Technologies)) | Wednesday, February 18",,0638,WSGI,completed,billing_initialized,hour,0,2/20/26 12:02,2/18/26 14:55,2/20/26 12:02,2/20/26 12:25,2/21/26 03:00,2/20/26 23:59,Paola Galvan,Molecular Genomics Workspace,MGW-5720442,,,,,70600664,No status set,,Molecular Biology,Self-Use,,,,,,3986
MGW-CG-5446,Equipment Scheduling,295966,Cody Goode,,"Cruz-Reyes, Jorge (TAMU) Lab",Biochemistry & Biophysics,Texas A&M University,"Tape Station (Agilent) (Tape Station (Agilent)) | Tuesday, February 03",,0638,WSGI,completed,billing_initialized,hour,6,2/20/26 12:08,2/3/26 15:14,2/20/26 12:08,2/20/26 12:25,2/21/26 03:00,2/20/26 23:59,Paola Galvan,Molecular Genomics Workspace,MGW-5720442,,,,,70600904,No status set,,Molecular Biology,Self-Use,,,,,,3986
MGW-CG-5446,Equipment Scheduling,292907,Cody Goode,,"Cruz-Reyes, Jorge (TAMU) Lab",Biochemistry & Biophysics,Texas A&M University,"Qubit Fluorometer (Life Technologies) (Qubit Fluorometer (Life Technologies)) | Thursday, February 12",,0638,WSGI,completed,billing_initialized,hour,0,2/20/26 12:10,2/12/26 14:45,2/20/26 12:10,2/20/26 12:25,2/21/26 03:00,2/20/26 23:59,Paola Galvan,Molecular Genomics Workspace,MGW-5720442,,,,,70600980,No status set,,Molecular Biology,Self-Use,,,,,,3986
MGW-CG-5446,Equipment Scheduling,295966,Cody Goode,,"Cruz-Reyes, Jorge (TAMU) Lab",Biochemistry & Biophysics,Texas A&M University,"Tape Station (Agilent) (Tape Station (Agilent)) | Wednesday, February 18",,0638,WSGI,completed,billing_initialized,hour,20,2/20/26 12:10,2/18/26 15:25,2/20/26 12:10,2/20/26 12:25,2/21/26 03:00,2/20/26 23:59,Paola Galvan,Molecular Genomics Workspace,MGW-5720442,,,,,70600995,No status set,,Molecular Biology,Self-Use,,,,,,3986
MGW-CG-5446,Equipment Scheduling,297793,Cody Goode,,"Cruz-Reyes, Jorge (TAMU) Lab",Biochemistry & Biophysics,Texas A&M University,RNA HS Usage (per sample),,0638,WSGI,completed,billing_initialized,each,60,2/20/26 15:22,2/20/26 16:37,3/26/26 13:28,3/26/26 14:02,3/27/26 03:00,3/26/26 23:59,Cody Goode,Molecular Genomics Workspace,MGW-5788675,,,,,70610705,No status set,,Self Service - TapeStation/Bioanalyzer,N/A,,,,,,3986
MGW-CG-5446,Equipment Scheduling,297793,Cody Goode,,"Cruz-Reyes, Jorge (TAMU) Lab",Biochemistry & Biophysics,Texas A&M University,RNA HS Usage (per sample),,0638,WSGI,completed,billing_initialized,each,96,2/24/26 13:59,2/24/26 14:46,3/26/26 13:31,3/26/26 14:02,3/27/26 03:00,3/26/26 23:59,Cody Goode,Molecular Genomics Workspace,MGW-5788675,,,,,70674599,No status set,,Self Service - TapeStation/Bioanalyzer,N/A,,,,,,3986
MGW-CG-5446,Equipment Scheduling,292897,Cody Goode,,"Cruz-Reyes, Jorge (TAMU) Lab",Biochemistry & Biophysics,Texas A&M University,DNA/RNA Qubit Usage (per sample) ,,0638,WSGI,completed,billing_initialized,each,16,2/24/26 14:02,2/24/26 14:24,3/26/26 13:31,3/26/26 14:02,3/27/26 03:00,3/26/26 23:59,Cody Goode,Molecular Genomics Workspace,MGW-5788675,,,,,70674785,No status set,,Self Service - Qubit,N/A,,,,,,3986
MGW-CG-5446,Equipment Scheduling,297793,Cody Goode,,"Cruz-Reyes, Jorge (TAMU) Lab",Biochemistry & Biophysics,Texas A&M University,RNA HS Usage (per sample),,0638,WSGI,completed,billing_initialized,each,60,2/25/26 13:35,2/26/26 11:39,3/26/26 13:35,3/26/26 14:02,3/27/26 03:00,3/26/26 23:59,Cody Goode,Molecular Genomics Workspace,MGW-5788675,,,,,70708728,No status set,,Self Service - TapeStation/Bioanalyzer,N/A,,,,,,3986
MGW-CG-5446,Equipment Scheduling,297793,Cody Goode,,"Cruz-Reyes, Jorge (TAMU) Lab",Biochemistry & Biophysics,Texas A&M University,RNA HS Usage (per sample),,0638,WSGI,completed,billing_initialized,each,18,2/25/26 13:36,2/25/26 14:00,3/26/26 13:32,3/26/26 14:02,3/27/26 03:00,3/26/26 23:59,Cody Goode,Molecular Genomics Workspace,MGW-5788675,,,,,70708777,No status set,,Self Service - TapeStation/Bioanalyzer,N/A,,,,,,3986
MGW-CG-5446,Equipment Scheduling,292897,Cody Goode,,"Cruz-Reyes, Jorge (TAMU) Lab",Biochemistry & Biophysics,Texas A&M University,DNA/RNA Qubit Usage (per sample) ,,0638,WSGI,completed,billing_initialized,each,2,2/27/26 10:17,2/27/26 10:26,3/26/26 13:37,3/26/26 14:02,3/27/26 03:00,3/26/26 23:59,Cody Goode,Molecular Genomics Workspace,MGW-5788675,,,,,70770550,No status set,,Self Service - Qubit,N/A,,,,,,3986
MGW-CG-5499,Equipment Scheduling,292897,Cody Goode,,"Cruz-Reyes, Jorge (TAMU) Lab",Biochemistry & Biophysics,Texas A&M University,DNA/RNA Qubit Usage (per sample) ,,0638,WSGI,completed,billing_initialized,each,12,3/5/26 14:41,3/5/26 15:02,3/26/26 13:44,3/26/26 14:02,3/27/26 03:00,3/26/26 23:59,Cody Goode,Molecular Genomics Workspace,MGW-5788675,,,,,70985452,No status set,,Self Service - Qubit,N/A,,,,,,3986
MGW-CG-5499,Equipment Scheduling,297793,Cody Goode,,"Cruz-Reyes, Jorge (TAMU) Lab",Biochemistry & Biophysics,Texas A&M University,RNA HS Usage (per sample),,0638,WSGI,completed,billing_initialized,each,66,3/5/26 14:42,3/5/26 15:27,3/26/26 13:44,3/26/26 14:02,3/27/26 03:00,3/26/26 23:59,Cody Goode,Molecular Genomics Workspace,MGW-5788675,,,,,70985478,No status set,,Self Service - TapeStation/Bioanalyzer,N/A,,,,,,3986
MGW-CG-5499,Equipment Scheduling,292897,Cody Goode,,"Cruz-Reyes, Jorge (TAMU) Lab",Biochemistry & Biophysics,Texas A&M University,DNA/RNA Qubit Usage (per sample) ,,0638,WSGI,completed,billing_initialized,each,8,3/5/26 14:46,3/5/26 15:02,3/26/26 13:44,3/26/26 14:02,3/27/26 03:00,3/26/26 23:59,Cody Goode,Molecular Genomics Workspace,MGW-5788675,,,,,70985618,No status set,,Self Service - Qubit,N/A,,,,,,3986
MGW-CG-5499,Equipment Scheduling,297793,Cody Goode,,"Cruz-Reyes, Jorge (TAMU) Lab",Biochemistry & Biophysics,Texas A&M University,RNA HS Usage (per sample),,0638,WSGI,completed,not_billable,each,0,3/11/26 12:44,3/11/26 16:00,3/26/26 13:47,3/26/26 14:02,3/27/26 03:00,3/26/26 23:59,Cody Goode,Molecular Genomics Workspace,MGW-5788675,Cancellation,,,,71120872,No status set,,Self Service - TapeStation/Bioanalyzer,N/A,,,,,,3986
MGW-CG-5499,Equipment Scheduling,292897,Cody Goode,,"Cruz-Reyes, Jorge (TAMU) Lab",Biochemistry & Biophysics,Texas A&M University,DNA/RNA Qubit Usage (per sample) ,,0638,WSGI,completed,not_billable,each,0,3/11/26 12:45,3/11/26 15:30,3/26/26 13:47,3/26/26 14:02,3/27/26 03:00,3/26/26 23:59,Cody Goode,Molecular Genomics Workspace,MGW-5788675,Cancellation,,,,71120899,No status set,,Self Service - Qubit,N/A,,,,,,3986
MGW-CG-5499,Equipment Scheduling,297793,Cody Goode,,"Cruz-Reyes, Jorge (TAMU) Lab",Biochemistry & Biophysics,Texas A&M University,RNA HS Usage (per sample),,0638,WSGI,completed,billing_initialized,each,72,3/17/26 13:35,3/17/26 14:19,3/26/26 13:50,3/26/26 14:02,3/27/26 03:00,3/26/26 23:59,Cody Goode,Molecular Genomics Workspace,MGW-5788675,,,,,71242956,No status set,,Self Service - TapeStation/Bioanalyzer,N/A,,,,,,3986
MGW-CG-5499,Equipment Scheduling,292897,Cody Goode,,"Cruz-Reyes, Jorge (TAMU) Lab",Biochemistry & Biophysics,Texas A&M University,DNA/RNA Qubit Usage (per sample) ,,0638,WSGI,completed,billing_initialized,each,2,3/17/26 13:37,3/17/26 14:07,3/26/26 13:47,3/26/26 14:02,3/27/26 03:00,3/26/26 23:59,Cody Goode,Molecular Genomics Workspace,MGW-5788675,,,,,71243092,No status set,,Self Service - Qubit,N/A,,,,,,3986
MGW-CG-5499,Equipment Scheduling,292897,Cody Goode,,"Cruz-Reyes, Jorge (TAMU) Lab",Biochemistry & Biophysics,Texas A&M University,DNA/RNA Qubit Usage (per sample) ,,0638,WSGI,completed,billing_initialized,each,2,3/17/26 13:37,3/17/26 14:07,3/26/26 13:47,3/26/26 14:02,3/27/26 03:00,3/26/26 23:59,Cody Goode,Molecular Genomics Workspace,MGW-5788675,,,,,71243101,No status set,,Self Service - Qubit,N/A,,,,,,3986
MGW-CG-5499,Equipment Scheduling,292897,Cody Goode,,"Cruz-Reyes, Jorge (TAMU) Lab",Biochemistry & Biophysics,Texas A&M University,DNA/RNA Qubit Usage (per sample) ,,0638,WSGI,completed,billing_initialized,each,38,3/17/26 13:38,3/17/26 14:07,3/26/26 13:47,3/26/26 14:02,3/27/26 03:00,3/26/26 23:59,Cody Goode,Molecular Genomics Workspace,MGW-5788675,,,,,71243125,No status set,,Self Service - Qubit,N/A,,,,,,3986
MGW-CG-5499,Equipment Scheduling,297793,Cody Goode,,"Cruz-Reyes, Jorge (TAMU) Lab",Biochemistry & Biophysics,Texas A&M University,RNA HS Usage (per sample),,0638,WSGI,completed,billing_initialized,each,24,3/17/26 14:06,3/17/26 14:19,3/26/26 13:50,3/26/26 14:02,3/27/26 03:00,3/26/26 23:59,Cody Goode,Molecular Genomics Workspace,MGW-5788675,,,,,71244800,No status set,,Self Service - TapeStation/Bioanalyzer,N/A,,,,,,3986
MGW-CG-5499,Equipment Scheduling,297792,Cody Goode,,"Cruz-Reyes, Jorge (TAMU) Lab",Biochemistry & Biophysics,Texas A&M University,RNA Standard  Usage (per sample),,0638,WSGI,completed,billing_initialized,each,22,3/17/26 14:06,3/17/26 14:19,3/26/26 13:50,3/26/26 14:02,3/27/26 03:00,3/26/26 23:59,Cody Goode,Molecular Genomics Workspace,MGW-5788675,,,,,71244804,No status set,,Self Service - TapeStation/Bioanalyzer,N/A,,,,,,3986
MGW-CG-5499,Equipment Scheduling,297793,Cody Goode,,"Cruz-Reyes, Jorge (TAMU) Lab",Biochemistry & Biophysics,Texas A&M University,RNA HS Usage (per sample),,0638,WSGI,completed,billing_initialized,each,24,3/18/26 11:37,3/18/26 14:06,3/26/26 13:50,3/26/26 14:02,3/27/26 03:00,3/26/26 23:59,Cody Goode,Molecular Genomics Workspace,MGW-5788675,,,,,71265315,No status set,,Self Service - TapeStation/Bioanalyzer,N/A,,,,,,3986
MGW-CG-5499,Equipment Scheduling,292897,Cody Goode,,"Cruz-Reyes, Jorge (TAMU) Lab",Biochemistry & Biophysics,Texas A&M University,DNA/RNA Qubit Usage (per sample) ,,0638,WSGI,completed,billing_initialized,each,8,3/18/26 11:38,3/18/26 13:28,3/26/26 13:50,3/26/26 14:02,3/27/26 03:00,3/26/26 23:59,Cody Goode,Molecular Genomics Workspace,MGW-5788675,,,,,71265351,No status set,,Self Service - Qubit,N/A,,,,,,3986
MGW-CG-5499,Equipment Scheduling,292897,Cody Goode,,"Cruz-Reyes, Jorge (TAMU) Lab",Biochemistry & Biophysics,Texas A&M University,DNA/RNA Qubit Usage (per sample) ,,0638,WSGI,completed,billing_initialized,each,2,3/18/26 12:29,3/18/26 13:28,3/26/26 13:50,3/26/26 14:02,3/27/26 03:00,3/26/26 23:59,Cody Goode,Molecular Genomics Workspace,MGW-5788675,,,,,71267457,No status set,,Self Service - Qubit,N/A,,,,,,3986
MGW-CG-5499,Equipment Scheduling,505331,Cody Goode,,"Cruz-Reyes, Jorge (TAMU) Lab",Biochemistry & Biophysics,Texas A&M University,ssDNA Qubit  Usage (per sample),,0638,WSGI,completed,billing_initialized,each,8,3/18/26 13:28,3/18/26 13:28,3/26/26 13:50,3/26/26 14:02,3/27/26 03:00,3/26/26 23:59,Cody Goode,Molecular Genomics Workspace,MGW-5788675,,,,,71270784,No status set,,Self Service - Qubit,N/A,,,,,,3986
MGW-CG-5499,Equipment Scheduling,292897,Cody Goode,,"Cruz-Reyes, Jorge (TAMU) Lab",Biochemistry & Biophysics,Texas A&M University,DNA/RNA Qubit Usage (per sample) ,,0638,WSGI,completed,billing_initialized,each,10,3/19/26 11:48,3/19/26 12:06,3/26/26 13:50,3/26/26 14:02,3/27/26 03:00,3/26/26 23:59,Cody Goode,Molecular Genomics Workspace,MGW-5788675,,,,,71303152,No status set,,Self Service - Qubit,N/A,,,,,,3986
MGW-CG-5499,Equipment Scheduling,297793,Cody Goode,,"Cruz-Reyes, Jorge (TAMU) Lab",Biochemistry & Biophysics,Texas A&M University,RNA HS Usage (per sample),,0638,WSGI,completed,billing_initialized,each,30,3/19/26 11:49,3/19/26 12:29,3/26/26 13:51,3/26/26 14:02,3/27/26 03:00,3/26/26 23:59,Cody Goode,Molecular Genomics Workspace,MGW-5788675,,,,,71303167,No status set,,Self Service - TapeStation/Bioanalyzer,N/A,,,,,,3986
MGW-CG-5499,Equipment Scheduling,297793,Cody Goode,,"Cruz-Reyes, Jorge (TAMU) Lab",Biochemistry & Biophysics,Texas A&M University,RNA HS Usage (per sample),,0638,WSGI,completed,billing_initialized,each,36,3/25/26 10:29,3/25/26 11:27,3/26/26 13:52,3/26/26 14:02,3/27/26 03:00,3/26/26 23:59,Cody Goode,Molecular Genomics Workspace,MGW-5788675,,,,,71431815,No status set,,Self Service - TapeStation/Bioanalyzer,N/A,,,,,,3986
MGW-CG-5499,Equipment Scheduling,292897,Cody Goode,,"Cruz-Reyes, Jorge (TAMU) Lab",Biochemistry & Biophysics,Texas A&M University,DNA/RNA Qubit Usage (per sample) ,,0638,WSGI,completed,billing_initialized,each,24,3/25/26 10:29,3/25/26 11:14,3/26/26 13:52,3/26/26 14:02,3/27/26 03:00,3/26/26 23:59,Cody Goode,Molecular Genomics Workspace,MGW-5788675,,,,,71431836,No status set,,Self Service - Qubit,N/A,,,,,,3986
MGW-CG-5499,Equipment Scheduling,297793,Cody Goode,,"Cruz-Reyes, Jorge (TAMU) Lab",Biochemistry & Biophysics,Texas A&M University,RNA HS Usage (per sample),,0638,WSGI,completed,billing_initialized,each,36,3/26/26 12:50,3/26/26 14:08,4/23/26 13:23,4/24/26 16:20,4/25/26 03:00,4/24/26 23:59,Cody Goode,Molecular Genomics Workspace,MGW-5846977,,,,,71473563,No status set,,Self Service - TapeStation/Bioanalyzer,N/A,,,,,,3986
MGW-CG-5417,Equipment Scheduling,292907,Cody Goode,,"Cruz-Reyes, Jorge (TAMU) Lab",Biochemistry & Biophysics,Texas A&M University,"Qubit Fluorometer (Life Technologies) (Qubit Fluorometer (Life Technologies)) | Friday, January 16",,0638,WSGI,completed,billing_initialized,hour,0,3/26/26 13:25,1/16/26 12:20,3/26/26 13:25,3/26/26 14:02,3/27/26 03:00,3/26/26 23:59,Paola Galvan,Molecular Genomics Workspace,MGW-5788675,,,,,71475689,No status set,,Molecular Biology,Self-Use,,,,,,3986
MGW-CG-5446,Equipment Scheduling,292897,Cody Goode,,"Cruz-Reyes, Jorge (TAMU) Lab",Biochemistry & Biophysics,Texas A&M University,DNA/RNA Qubit Usage (per sample) ,,0638,WSGI,completed,billing_initialized,each,20,3/26/26 13:27,2/20/26 15:51,3/26/26 13:28,3/26/26 14:02,3/27/26 03:00,3/26/26 23:59,Paola Galvan,Molecular Genomics Workspace,MGW-5788675,,,,,71475795,No status set,,Self Service - Qubit,N/A,,,,,,3986
MGW-CG-5446,Equipment Scheduling,292907,Cody Goode,,"Cruz-Reyes, Jorge (TAMU) Lab",Biochemistry & Biophysics,Texas A&M University,"Qubit Fluorometer (Life Technologies) (Qubit Fluorometer (Life Technologies)) | Friday, February 20",,0638,WSGI,completed,billing_initialized,hour,0,3/26/26 13:28,2/20/26 15:51,3/26/26 13:28,3/26/26 14:02,3/27/26 03:00,3/26/26 23:59,Paola Galvan,Molecular Genomics Workspace,MGW-5788675,,,,,71475806,No status set,,Molecular Biology,Self-Use,,,,,,3986
MGW-CG-5446,Equipment Scheduling,295966,Cody Goode,,"Cruz-Reyes, Jorge (TAMU) Lab",Biochemistry & Biophysics,Texas A&M University,"Tape Station (Agilent) (Tape Station (Agilent)) | Friday, February 20",,0638,WSGI,completed,billing_initialized,hour,32,3/26/26 13:28,2/20/26 16:37,3/26/26 13:28,3/26/26 14:02,3/27/26 03:00,3/26/26 23:59,Paola Galvan,Molecular Genomics Workspace,MGW-5788675,,,,,71475834,No status set,,Molecular Biology,Self-Use,,,,,,3986
MGW-CG-5446,Equipment Scheduling,292907,Cody Goode,,"Cruz-Reyes, Jorge (TAMU) Lab",Biochemistry & Biophysics,Texas A&M University,"Qubit Fluorometer (Life Technologies) (Qubit Fluorometer (Life Technologies)) | Tuesday, February 24",,0638,WSGI,completed,billing_initialized,hour,0,3/26/26 13:31,2/24/26 14:24,3/26/26 13:31,3/26/26 14:02,3/27/26 03:00,3/26/26 23:59,Paola Galvan,Molecular Genomics Workspace,MGW-5788675,,,,,71475930,No status set,,Molecular Biology,Self-Use,,,,,,3986
MGW-CG-5446,Equipment Scheduling,295966,Cody Goode,,"Cruz-Reyes, Jorge (TAMU) Lab",Biochemistry & Biophysics,Texas A&M University,"Tape Station (Agilent) (Tape Station (Agilent)) | Tuesday, February 24",,0638,WSGI,completed,billing_initialized,hour,40,3/26/26 13:31,2/24/26 14:46,3/26/26 13:31,3/26/26 14:02,3/27/26 03:00,3/26/26 23:59,Paola Galvan,Molecular Genomics Workspace,MGW-5788675,,,,,71475962,No status set,,Molecular Biology,Self-Use,,,,,,3986
MGW-CG-5446,Equipment Scheduling,295966,Cody Goode,,"Cruz-Reyes, Jorge (TAMU) Lab",Biochemistry & Biophysics,Texas A&M University,"Tape Station (Agilent) (Tape Station (Agilent)) | Wednesday, February 25",,0638,WSGI,completed,billing_initialized,hour,12,3/26/26 13:32,2/25/26 14:00,3/26/26 13:32,3/26/26 14:02,3/27/26 03:00,3/26/26 23:59,Paola Galvan,Molecular Genomics Workspace,MGW-5788675,,,,,71475997,No status set,,Molecular Biology,Self-Use,,,,,,3986
MGW-CG-5446,Equipment Scheduling,295966,Cody Goode,,"Cruz-Reyes, Jorge (TAMU) Lab",Biochemistry & Biophysics,Texas A&M University,"Tape Station (Agilent) (Tape Station (Agilent)) | Thursday, February 26",,0638,WSGI,completed,billing_initialized,hour,30,3/26/26 13:35,2/26/26 11:39,3/26/26 13:35,3/26/26 14:02,3/27/26 03:00,3/26/26 23:59,Paola Galvan,Molecular Genomics Workspace,MGW-5788675,,,,,71476106,No status set,,Molecular Biology,Self-Use,,,,,,3986
MGW-CG-5446,Equipment Scheduling,292907,Cody Goode,,"Cruz-Reyes, Jorge (TAMU) Lab",Biochemistry & Biophysics,Texas A&M University,"Qubit Fluorometer (Life Technologies) (Qubit Fluorometer (Life Technologies)) | Friday, February 27",,0638,WSGI,completed,billing_initialized,hour,0,3/26/26 13:37,2/27/26 10:26,3/26/26 13:37,3/26/26 14:02,3/27/26 03:00,3/26/26 23:59,Paola Galvan,Molecular Genomics Workspace,MGW-5788675,,,,,71476174,No status set,,Molecular Biology,Self-Use,,,,,,3986
MGW-CG-5499,Equipment Scheduling,292907,Cody Goode,,"Cruz-Reyes, Jorge (TAMU) Lab",Biochemistry & Biophysics,Texas A&M University,"Qubit Fluorometer (Life Technologies) (Qubit Fluorometer (Life Technologies)) | Thursday, March 05",,0638,WSGI,completed,billing_initialized,hour,0,3/26/26 13:44,3/5/26 15:02,3/26/26 13:44,3/26/26 14:02,3/27/26 03:00,3/26/26 23:59,Paola Galvan,Molecular Genomics Workspace,MGW-5788675,,,,,71476462,No status set,,Molecular Biology,Self-Use,,,,,,3986
MGW-CG-5499,Equipment Scheduling,295966,Cody Goode,,"Cruz-Reyes, Jorge (TAMU) Lab",Biochemistry & Biophysics,Texas A&M University,"Tape Station (Agilent) (Tape Station (Agilent)) | Thursday, March 05",,0638,WSGI,completed,billing_initialized,hour,33,3/26/26 13:44,3/5/26 15:27,3/26/26 13:44,3/26/26 14:02,3/27/26 03:00,3/26/26 23:59,Paola Galvan,Molecular Genomics Workspace,MGW-5788675,,,,,71476500,No status set,,Molecular Biology,Self-Use,,,,,,3986
MGW-CG-5499,Equipment Scheduling,292907,Cody Goode,,"Cruz-Reyes, Jorge (TAMU) Lab",Biochemistry & Biophysics,Texas A&M University,"Qubit Fluorometer (Life Technologies) (Qubit Fluorometer (Life Technologies)) | Wednesday, March 11 (cancellation)",,0638,WSGI,completed,not_billable,hour,0,3/26/26 13:47,3/11/26 15:30,3/26/26 13:47,3/26/26 14:02,3/27/26 03:00,3/26/26 23:59,Paola Galvan,Molecular Genomics Workspace,MGW-5788675,Cancellation,,,,71476696,No status set,,Molecular Biology,Self-Use,,,,,,3986
MGW-CG-5499,Equipment Scheduling,295966,Cody Goode,,"Cruz-Reyes, Jorge (TAMU) Lab",Biochemistry & Biophysics,Texas A&M University,"Tape Station (Agilent) (Tape Station (Agilent)) | Wednesday, March 11 (cancellation)",,0638,WSGI,completed,not_billable,hour,0,3/26/26 13:47,3/11/26 16:00,3/26/26 13:47,3/26/26 14:02,3/27/26 03:00,3/26/26 23:59,Paola Galvan,Molecular Genomics Workspace,MGW-5788675,Cancellation,,,,71476697,No status set,,Molecular Biology,Self-Use,,,,,,3986
MGW-CG-5499,Equipment Scheduling,292907,Cody Goode,,"Cruz-Reyes, Jorge (TAMU) Lab",Biochemistry & Biophysics,Texas A&M University,"Qubit Fluorometer (Life Technologies) (Qubit Fluorometer (Life Technologies)) | Tuesday, March 17",,0638,WSGI,completed,billing_initialized,hour,0,3/26/26 13:47,3/17/26 14:07,3/26/26 13:47,3/26/26 14:02,3/27/26 03:00,3/26/26 23:59,Paola Galvan,Molecular Genomics Workspace,MGW-5788675,,,,,71476726,No status set,,Molecular Biology,Self-Use,,,,,,3986
MGW-CG-5499,Equipment Scheduling,295966,Cody Goode,,"Cruz-Reyes, Jorge (TAMU) Lab",Biochemistry & Biophysics,Texas A&M University,"Tape Station (Agilent) (Tape Station (Agilent)) | Tuesday, March 17",,0638,WSGI,completed,billing_initialized,hour,60,3/26/26 13:49,3/17/26 14:19,3/26/26 13:49,3/26/26 14:02,3/27/26 03:00,3/26/26 23:59,Paola Galvan,Molecular Genomics Workspace,MGW-5788675,,,,,71476852,No status set,,Molecular Biology,Self-Use,,,,,,3986
MGW-CG-5499,Equipment Scheduling,292907,Cody Goode,,"Cruz-Reyes, Jorge (TAMU) Lab",Biochemistry & Biophysics,Texas A&M University,"Qubit Fluorometer (Life Technologies) (Qubit Fluorometer (Life Technologies)) | Wednesday, March 18",,0638,WSGI,completed,billing_initialized,hour,0,3/26/26 13:50,3/18/26 13:28,3/26/26 13:50,3/26/26 14:02,3/27/26 03:00,3/26/26 23:59,Paola Galvan,Molecular Genomics Workspace,MGW-5788675,,,,,71476864,No status set,,Molecular Biology,Self-Use,,,,,,3986
MGW-CG-5499,Equipment Scheduling,295966,Cody Goode,,"Cruz-Reyes, Jorge (TAMU) Lab",Biochemistry & Biophysics,Texas A&M University,"Tape Station (Agilent) (Tape Station (Agilent)) | Wednesday, March 18",,0638,WSGI,completed,billing_initialized,hour,11,3/26/26 13:50,3/18/26 14:06,3/26/26 13:50,3/26/26 14:02,3/27/26 03:00,3/26/26 23:59,Paola Galvan,Molecular Genomics Workspace,MGW-5788675,,,,,71476875,No status set,,Molecular Biology,Self-Use,,,,,,3986
MGW-CG-5499,Equipment Scheduling,292907,Cody Goode,,"Cruz-Reyes, Jorge (TAMU) Lab",Biochemistry & Biophysics,Texas A&M University,"Qubit Fluorometer (Life Technologies) (Qubit Fluorometer (Life Technologies)) | Thursday, March 19",,0638,WSGI,completed,billing_initialized,hour,0,3/26/26 13:50,3/19/26 12:06,3/26/26 13:50,3/26/26 14:02,3/27/26 03:00,3/26/26 23:59,Paola Galvan,Molecular Genomics Workspace,MGW-5788675,,,,,71476880,No status set,,Molecular Biology,Self-Use,,,,,,3986
MGW-CG-5499,Equipment Scheduling,295966,Cody Goode,,"Cruz-Reyes, Jorge (TAMU) Lab",Biochemistry & Biophysics,Texas A&M University,"Tape Station (Agilent) (Tape Station (Agilent)) | Thursday, March 19",,0638,WSGI,completed,billing_initialized,hour,31,3/26/26 13:51,3/19/26 12:29,3/26/26 13:51,3/26/26 14:02,3/27/26 03:00,3/26/26 23:59,Paola Galvan,Molecular Genomics Workspace,MGW-5788675,,,,,71476918,No status set,,Molecular Biology,Self-Use,,,,,,3986
MGW-CG-5499,Equipment Scheduling,292907,Cody Goode,,"Cruz-Reyes, Jorge (TAMU) Lab",Biochemistry & Biophysics,Texas A&M University,"Qubit Fluorometer (Life Technologies) (Qubit Fluorometer (Life Technologies)) | Wednesday, March 25",,0638,WSGI,completed,billing_initialized,hour,0,3/26/26 13:52,3/25/26 11:14,3/26/26 13:52,3/26/26 14:02,3/27/26 03:00,3/26/26 23:59,Paola Galvan,Molecular Genomics Workspace,MGW-5788675,,,,,71476963,No status set,,Molecular Biology,Self-Use,,,,,,3986
MGW-CG-5499,Equipment Scheduling,295966,Cody Goode,,"Cruz-Reyes, Jorge (TAMU) Lab",Biochemistry & Biophysics,Texas A&M University,"Tape Station (Agilent) (Tape Station (Agilent)) | Wednesday, March 25",,0638,WSGI,completed,billing_initialized,hour,18,3/26/26 13:52,3/25/26 11:27,3/26/26 13:52,3/26/26 14:02,3/27/26 03:00,3/26/26 23:59,Paola Galvan,Molecular Genomics Workspace,MGW-5788675,,,,,71476995,No status set,,Molecular Biology,Self-Use,,,,,,3986
MGW-CG-5499,Equipment Scheduling,297793,Cody Goode,,"Cruz-Reyes, Jorge (TAMU) Lab",Biochemistry & Biophysics,Texas A&M University,RNA HS Usage (per sample),,0638,WSGI,completed,billing_initialized,each,12,3/27/26 14:25,3/27/26 15:34,4/23/26 13:25,4/24/26 16:20,4/25/26 03:00,4/24/26 23:59,Cody Goode,Molecular Genomics Workspace,MGW-5846977,,,,,71508778,No status set,,Self Service - TapeStation/Bioanalyzer,N/A,,,,,,3986
MGW-CG-5499,Equipment Scheduling,292897,Cody Goode,,"Cruz-Reyes, Jorge (TAMU) Lab",Biochemistry & Biophysics,Texas A&M University,DNA/RNA Qubit Usage (per sample) ,,0638,WSGI,completed,billing_initialized,each,4,3/27/26 14:31,3/27/26 15:34,4/23/26 13:25,4/24/26 16:20,4/25/26 03:00,4/24/26 23:59,Cody Goode,Molecular Genomics Workspace,MGW-5846977,,,,,71509197,No status set,,Self Service - Qubit,N/A,,,,,,3986
MGW-CG-5536,Equipment Scheduling,292897,Cody Goode,,"Cruz-Reyes, Jorge (TAMU) Lab",Biochemistry & Biophysics,Texas A&M University,DNA/RNA Qubit Usage (per sample) ,,0638,WSGI,completed,billing_initialized,each,2,4/7/26 15:38,4/7/26 15:55,4/23/26 13:29,4/24/26 16:20,4/25/26 03:00,4/24/26 23:59,Cody Goode,Molecular Genomics Workspace,MGW-5846977,,,,,71816208,No status set,,Self Service - Qubit,N/A,,,,,,3986
MGW-CG-5536,Equipment Scheduling,505331,Cody Goode,,"Cruz-Reyes, Jorge (TAMU) Lab",Biochemistry & Biophysics,Texas A&M University,ssDNA Qubit  Usage (per sample),,0638,WSGI,completed,billing_initialized,each,24,4/10/26 16:20,4/10/26 16:43,4/23/26 13:31,4/24/26 16:20,4/25/26 03:00,4/24/26 23:59,Cody Goode,Molecular Genomics Workspace,MGW-5846977,,,,,71913104,No status set,,Self Service - Qubit,N/A,,,,,,3986
MGW-CG-5536,Equipment Scheduling,292897,Cody Goode,,"Cruz-Reyes, Jorge (TAMU) Lab",Biochemistry & Biophysics,Texas A&M University,DNA/RNA Qubit Usage (per sample) ,,0638,WSGI,completed,billing_initialized,each,10,4/15/26 10:23,4/15/26 11:05,4/23/26 13:31,4/24/26 16:20,4/25/26 03:00,4/24/26 23:59,Cody Goode,Molecular Genomics Workspace,MGW-5846977,,,,,71997584,No status set,,Self Service - Qubit,N/A,,,,,,3986
MGW-CG-5536,Equipment Scheduling,505331,Cody Goode,,"Cruz-Reyes, Jorge (TAMU) Lab",Biochemistry & Biophysics,Texas A&M University,ssDNA Qubit  Usage (per sample),,0638,WSGI,completed,billing_initialized,each,8,4/15/26 10:24,4/15/26 11:05,4/23/26 13:31,4/24/26 16:20,4/25/26 03:00,4/24/26 23:59,Cody Goode,Molecular Genomics Workspace,MGW-5846977,,,,,71997588,No status set,,Self Service - Qubit,N/A,,,,,,3986
MGW-CG-5439,Project Request,491681,Cody Goode,,"Cruz-Reyes, Jorge (TAMU) Lab",Biochemistry & Biophysics,Texas A&M University,Bioanalyzer Small RNA  Chip Usage (11 samples),"Training on Bioanalyzer for Cody Mar 20,2026",0638,WSGI,completed,billing_initialized,each,60,4/23/26 12:52,4/23/26 12:52,4/23/26 14:31,4/24/26 16:20,4/25/26 03:00,4/24/26 23:59,Paola Galvan,Molecular Genomics Workspace,MGW-5846977,,,,,72191777,No status set,,Self Service - TapeStation/Bioanalyzer,N/A,,,,,,3986
MGW-CG-5439,Project Request,559377,Cody Goode,,"Cruz-Reyes, Jorge (TAMU) Lab",Biochemistry & Biophysics,Texas A&M University,Laboratory Technician,"Tech time for Training on Bioanalyzer for Cody Mar 20,2026",0638,WSGI,completed,billing_initialized,hour,50,4/23/26 12:53,4/23/26 12:53,4/23/26 14:31,4/24/26 16:20,4/25/26 03:00,4/24/26 23:59,Paola Galvan,Molecular Genomics Workspace,MGW-5846977,,,,,72191809,No status set,,Laboratory Technician,N/A,,,,,,3986
MGW-CG-5499,Equipment Scheduling,295966,Cody Goode,,"Cruz-Reyes, Jorge (TAMU) Lab",Biochemistry & Biophysics,Texas A&M University,"Tape Station (Agilent) (Tape Station (Agilent)) | Thursday, March 26",,0638,WSGI,completed,billing_initialized,hour,50,4/23/26 13:23,3/26/26 14:08,4/23/26 13:23,4/24/26 16:20,4/25/26 03:00,4/24/26 23:59,Paola Galvan,Molecular Genomics Workspace,MGW-5846977,,,,,72193265,No status set,,Molecular Biology,Self-Use,,,,,,3986
MGW-CG-5499,Equipment Scheduling,292907,Cody Goode,,"Cruz-Reyes, Jorge (TAMU) Lab",Biochemistry & Biophysics,Texas A&M University,"Qubit Fluorometer (Life Technologies) (Qubit Fluorometer (Life Technologies)) | Friday, March 27",,0638,WSGI,completed,billing_initialized,hour,0,4/23/26 13:25,3/27/26 15:34,4/23/26 13:25,4/24/26 16:20,4/25/26 03:00,4/24/26 23:59,Paola Galvan,Molecular Genomics Workspace,MGW-5846977,,,,,72193387,No status set,,Molecular Biology,Self-Use,,,,,,3986
MGW-CG-5499,Equipment Scheduling,295966,Cody Goode,,"Cruz-Reyes, Jorge (TAMU) Lab",Biochemistry & Biophysics,Texas A&M University,"Tape Station (Agilent) (Tape Station (Agilent)) | Friday, March 27",,0638,WSGI,completed,billing_initialized,hour,11,4/23/26 13:25,3/27/26 15:34,4/23/26 13:25,4/24/26 16:20,4/25/26 03:00,4/24/26 23:59,Paola Galvan,Molecular Genomics Workspace,MGW-5846977,,,,,72193389,No status set,,Molecular Biology,Self-Use,,,,,,3986
MGW-CG-5536,Equipment Scheduling,292907,Cody Goode,,"Cruz-Reyes, Jorge (TAMU) Lab",Biochemistry & Biophysics,Texas A&M University,"Qubit Fluorometer (Life Technologies) (Qubit Fluorometer (Life Technologies)) | Tuesday, April 07",,0638,WSGI,completed,billing_initialized,hour,0,4/23/26 13:29,4/7/26 15:55,4/23/26 13:29,4/24/26 16:20,4/25/26 03:00,4/24/26 23:59,Paola Galvan,Molecular Genomics Workspace,MGW-5846977,,,,,72193565,No status set,,Molecular Biology,Self-Use,,,,,,3986
MGW-CG-5536,Equipment Scheduling,292907,Cody Goode,,"Cruz-Reyes, Jorge (TAMU) Lab",Biochemistry & Biophysics,Texas A&M University,"Qubit Fluorometer (Life Technologies) (Qubit Fluorometer (Life Technologies)) | Friday, April 10",,0638,WSGI,completed,billing_initialized,hour,0,4/23/26 13:31,4/10/26 16:43,4/23/26 13:31,4/24/26 16:20,4/25/26 03:00,4/24/26 23:59,Paola Galvan,Molecular Genomics Workspace,MGW-5846977,,,,,72193674,No status set,,Molecular Biology,Self-Use,,,,,,3986
MGW-CG-5536,Equipment Scheduling,292907,Cody Goode,,"Cruz-Reyes, Jorge (TAMU) Lab",Biochemistry & Biophysics,Texas A&M University,"Qubit Fluorometer (Life Technologies) (Qubit Fluorometer (Life Technologies)) | Wednesday, April 15",,0638,WSGI,completed,billing_initialized,hour,0,4/23/26 13:31,4/15/26 11:05,4/23/26 13:31,4/24/26 16:20,4/25/26 03:00,4/24/26 23:59,Paola Galvan,Molecular Genomics Workspace,MGW-5846977,,,,,72193677,No status set,,Molecular Biology,Self-Use,,,,,,3986
MGW-CG-5587,Equipment Scheduling,292897,Cody Goode,,"Cruz-Reyes, Jorge (TAMU) Lab",Biochemistry & Biophysics,Texas A&M University,DNA/RNA Qubit Usage (per sample) - Consumables,,0638,WSGI,completed,billing_initialized,each,2,5/20/26 15:40,5/20/26 15:41,5/21/26 16:15,5/27/26 16:32,5/28/26 03:00,5/27/26 23:59,Cody Goode,Molecular Genomics Workspace,MGW-5910833,,,,,72886292,No status set,,Self Service - Qubit,N/A,,,,,,3986
MGW-CG-5587,Equipment Scheduling,292897,Cody Goode,,"Cruz-Reyes, Jorge (TAMU) Lab",Biochemistry & Biophysics,Texas A&M University,DNA/RNA Qubit Usage (per sample) - Consumables,,0638,WSGI,completed,billing_initialized,each,6,5/20/26 15:40,5/20/26 15:41,5/21/26 16:15,5/27/26 16:32,5/28/26 03:00,5/27/26 23:59,Cody Goode,Molecular Genomics Workspace,MGW-5910833,,,,,72886311,No status set,,Self Service - Qubit,N/A,,,,,,3986
MGW-CG-5587,Equipment Scheduling,292907,Cody Goode,,"Cruz-Reyes, Jorge (TAMU) Lab",Biochemistry & Biophysics,Texas A&M University,"Qubit Fluorometer (Life Technologies) (Qubit Fluorometer (Life Technologies)) | Wednesday, May 20",,0638,WSGI,completed,billing_initialized,hour,0,5/21/26 16:15,5/20/26 15:41,5/21/26 16:15,5/27/26 16:32,5/28/26 03:00,5/27/26 23:59,Paola Galvan,Molecular Genomics Workspace,MGW-5910833,,,,,72916230,No status set,,Molecular Biology,Self-Use,,,,,,3986
MGW-CG-5609,Equipment Scheduling,292897,Cody Goode,,"Cruz-Reyes, Jorge (TAMU) Lab",Biochemistry & Biophysics,Texas A&M University,DNA/RNA Qubit Usage (per sample) - Consumables,,0638,WSGI,completed,billing_initialized,each,2,6/5/26 10:27,6/5/26 10:27,6/22/26 12:28,6/25/26 11:44,7/6/26 17:14,6/25/26 23:59,Cody Goode,Molecular Genomics Workspace,MGW-5970368,,,,,73288735,No status set,,Self Service - Qubit,N/A,,,,,,3986
MGW-CG-5609,Equipment Scheduling,292897,Cody Goode,,"Cruz-Reyes, Jorge (TAMU) Lab",Biochemistry & Biophysics,Texas A&M University,DNA/RNA Qubit Usage (per sample) - Consumables,,0638,WSGI,completed,billing_initialized,each,4,6/5/26 10:27,6/5/26 10:27,6/22/26 12:28,6/25/26 11:44,7/6/26 17:14,6/25/26 23:59,Cody Goode,Molecular Genomics Workspace,MGW-5970368,,,,,73288746,No status set,,Self Service - Qubit,N/A,,,,,,3986
MGW-CG-5610,Equipment Scheduling,297793,Cody Goode,,"Cruz-Reyes, Jorge (TAMU) Lab",Biochemistry & Biophysics,Texas A&M University,RNA HS Usage (per sample) - Consumables,,0638,WSGI,completed,billing_initialized,each,18,6/5/26 11:28,6/5/26 11:28,6/22/26 12:28,6/25/26 11:44,7/6/26 17:14,6/25/26 23:59,Cody Goode,Molecular Genomics Workspace,MGW-5970368,,,,,73294384,No status set,,Self Service - TapeStation/Bioanalyzer,N/A,,,,,,3986
MGW-CG-5609,Equipment Scheduling,292897,Cody Goode,,"Cruz-Reyes, Jorge (TAMU) Lab",Biochemistry & Biophysics,Texas A&M University,DNA/RNA Qubit Usage (per sample) - Consumables,,0638,WSGI,completed,billing_initialized,each,30,6/5/26 16:11,6/5/26 16:12,6/22/26 12:28,6/25/26 11:44,7/6/26 17:14,6/25/26 23:59,Cody Goode,Molecular Genomics Workspace,MGW-5970368,,,,,73314783,No status set,,Self Service - Qubit,N/A,,,,,,3986
MGW-CG-5609,Equipment Scheduling,491681,Cody Goode,,"Cruz-Reyes, Jorge (TAMU) Lab",Biochemistry & Biophysics,Texas A&M University,Bioanalyzer Small RNA  Chip Usage (11 samples) - Consumables,,0638,WSGI,completed,billing_initialized,each,60,6/9/26 12:06,6/9/26 13:17,6/22/26 12:30,6/25/26 11:44,7/6/26 17:14,6/25/26 23:59,Cody Goode,Molecular Genomics Workspace,MGW-5970368,,,,,73371385,No status set,,Self Service - TapeStation/Bioanalyzer,N/A,,,,,,3986
MGW-CG-5609,Equipment Scheduling,292907,Cody Goode,,"Cruz-Reyes, Jorge (TAMU) Lab",Biochemistry & Biophysics,Texas A&M University,"Qubit Fluorometer (Life Technologies) (Qubit Fluorometer (Life Technologies)) | Friday, June 05",,0638,WSGI,completed,billing_initialized,hour,0,6/22/26 12:28,6/5/26 10:27,6/22/26 12:28,6/25/26 11:44,7/6/26 17:14,6/25/26 23:59,Paola Galvan,Molecular Genomics Workspace,MGW-5970368,,,,,73639445,No status set,,Molecular Biology,Self-Use,,,,,,3986
MGW-CG-5610,Equipment Scheduling,295966,Cody Goode,,"Cruz-Reyes, Jorge (TAMU) Lab",Biochemistry & Biophysics,Texas A&M University,"Tape Station (Agilent) (Tape Station (Agilent)) | Friday, June 05",,0638,WSGI,completed,billing_initialized,hour,20,6/22/26 12:28,6/5/26 11:28,6/22/26 12:28,6/25/26 11:44,7/6/26 17:14,6/25/26 23:59,Paola Galvan,Molecular Genomics Workspace,MGW-5970368,,,,,73639448,No status set,,Molecular Biology,Self-Use,,,,,,3986
MGW-CG-5609,Equipment Scheduling,292907,Cody Goode,,"Cruz-Reyes, Jorge (TAMU) Lab",Biochemistry & Biophysics,Texas A&M University,"Qubit Fluorometer (Life Technologies) (Qubit Fluorometer (Life Technologies)) | Friday, June 05",,0638,WSGI,completed,billing_initialized,hour,0,6/22/26 12:28,6/5/26 16:12,6/22/26 12:28,6/25/26 11:44,7/6/26 17:14,6/25/26 23:59,Paola Galvan,Molecular Genomics Workspace,MGW-5970368,,,,,73639460,No status set,,Molecular Biology,Self-Use,,,,,,3986
MGW-CG-5609,Equipment Scheduling,510751,Cody Goode,,"Cruz-Reyes, Jorge (TAMU) Lab",Biochemistry & Biophysics,Texas A&M University,"Bioanalyzer (Agilent) (1) | Tuesday, June 09",,0638,WSGI,completed,billing_initialized,hour,0,6/22/26 12:30,6/9/26 13:17,6/22/26 12:30,6/25/26 11:44,7/6/26 17:14,6/25/26 23:59,Paola Galvan,Molecular Genomics Workspace,MGW-5970368,,,,,73639553,No status set,,Molecular Biology,Self Use,,,,,,3986
MGW-CG-5708,Equipment Scheduling,505331,Cody Goode,,"Cruz-Reyes, Jorge (TAMU) Lab",Biochemistry & Biophysics,Texas A&M University,ssDNA Qubit  Usage (per sample) - Consumables,,0638,WSGI,completed,billing_initialized,each,26,8/13/26 11:49,8/13/26 11:50,8/20/26 12:11,8/24/26 15:43,8/25/26 03:05,8/24/26 23:59,Cody Goode,Molecular Genomics Workspace,MGW-6084224,,,,,74960475,No status set,,Self Service - Qubit,N/A,,,,,,3986
MGW-CG-5708,Equipment Scheduling,292907,Cody Goode,,"Cruz-Reyes, Jorge (TAMU) Lab",Biochemistry & Biophysics,Texas A&M University,"Qubit Fluorometer (Life Technologies) (Qubit Fluorometer (Life Technologies)) | Thursday, August 13",,0638,WSGI,completed,billing_initialized,hour,0,8/20/26 12:11,8/13/26 11:50,8/20/26 12:11,8/24/26 15:43,8/25/26 03:05,8/24/26 23:59,Paola Galvan,Molecular Genomics Workspace,MGW-6084224,,,,,75111826,No status set,,Molecular Biology,Self-Use,,,,,,3986
MGW-CG-5708,Equipment Scheduling,297789,Cody Goode,,"Cruz-Reyes, Jorge (TAMU) Lab",Biochemistry & Biophysics,Texas A&M University,DNA HS D1000  Usage (per sample) - Consumables,,0638,WSGI,completed,billing_initialized,each,49,8/24/26 15:14,8/24/26 15:30,9/23/26 13:15,9/24/26 11:26,9/25/26 03:05,9/24/26 23:59,Cody Goode,Molecular Genomics Workspace,MGW-6140677,,,,,75184518,No status set,,Self Service - TapeStation/Bioanalyzer,N/A,,,,,,3986
MGW-CG-5708,Equipment Scheduling,297793,Cody Goode,,"Cruz-Reyes, Jorge (TAMU) Lab",Biochemistry & Biophysics,Texas A&M University,RNA HS Usage (per sample) - Consumables,,0638,WSGI,completed,billing_initialized,each,36,8/24/26 15:14,8/24/26 15:30,9/23/26 13:15,9/24/26 11:26,9/25/26 03:05,9/24/26 23:59,Cody Goode,Molecular Genomics Workspace,MGW-6140677,,,,,75184522,No status set,,Self Service - TapeStation/Bioanalyzer,N/A,,,,,,3986
MGW-CG-5708,Equipment Scheduling,297789,Cody Goode,,"Cruz-Reyes, Jorge (TAMU) Lab",Biochemistry & Biophysics,Texas A&M University,DNA HS D1000  Usage (per sample) - Consumables,,0638,WSGI,completed,billing_initialized,each,49,8/27/26 12:07,8/27/26 12:20,9/23/26 13:20,9/24/26 11:26,9/25/26 03:05,9/24/26 23:59,Cody Goode,Molecular Genomics Workspace,MGW-6140677,,,,,75263511,No status set,,Self Service - TapeStation/Bioanalyzer,N/A,,,,,,3986
MGW-CG-5708,Equipment Scheduling,297789,Cody Goode,,"Cruz-Reyes, Jorge (TAMU) Lab",Biochemistry & Biophysics,Texas A&M University,DNA HS D1000  Usage (per sample) - Consumables,,0638,WSGI,completed,billing_initialized,each,49,8/27/26 16:11,8/27/26 16:25,9/23/26 13:20,9/24/26 11:26,9/25/26 03:05,9/24/26 23:59,Cody Goode,Molecular Genomics Workspace,MGW-6140677,,,,,75281345,No status set,,Self Service - TapeStation/Bioanalyzer,N/A,,,,,,3986
MGW-CG-5708,Equipment Scheduling,295966,Cody Goode,,"Cruz-Reyes, Jorge (TAMU) Lab",Biochemistry & Biophysics,Texas A&M University,"Tape Station (Agilent) (Tape Station (Agilent)) | Monday, August 24",,0638,WSGI,completed,billing_initialized,hour,80,9/23/26 13:15,8/24/26 15:30,9/23/26 13:15,9/24/26 11:26,9/25/26 03:05,9/24/26 23:59,Paola Galvan,Molecular Genomics Workspace,MGW-6140677,,,,,75903395,No status set,,Molecular Biology,Self-Use,,,,,,3986
MGW-CG-5708,Equipment Scheduling,295966,Cody Goode,,"Cruz-Reyes, Jorge (TAMU) Lab",Biochemistry & Biophysics,Texas A&M University,"Tape Station (Agilent) (Tape Station (Agilent)) | Thursday, August 27",,0638,WSGI,completed,billing_initialized,hour,32,9/23/26 13:20,8/27/26 12:20,9/23/26 13:20,9/24/26 11:26,9/25/26 03:05,9/24/26 23:59,Paola Galvan,Molecular Genomics Workspace,MGW-6140677,,,,,75903618,No status set,,Molecular Biology,Self-Use,,,,,,3986
MGW-CG-5708,Equipment Scheduling,295966,Cody Goode,,"Cruz-Reyes, Jorge (TAMU) Lab",Biochemistry & Biophysics,Texas A&M University,"Tape Station (Agilent) (Tape Station (Agilent)) | Thursday, August 27",,0638,WSGI,completed,billing_initialized,hour,30,9/23/26 13:20,8/27/26 16:25,9/23/26 13:20,9/24/26 11:26,9/25/26 03:05,9/24/26 23:59,Paola Galvan,Molecular Genomics Workspace,MGW-6140677,,,,,75903617,No status set,,Molecular Biology,Self-Use,,,,,,3986
MGW-CN-5663,Equipment Scheduling,297792,Crystal Nava,,"Strader, Marie (TAMU) Lab",,Texas A&M University,RNA Standard  Usage (per sample) - Consumables,,0638,WSGI,completed,billing_initialized,each,22,7/7/26 15:19,7/9/26 14:21,7/27/26 12:54,7/27/26 14:09,7/28/26 03:05,7/27/26 23:59,Crystal Nava,Molecular Genomics Workspace,MGW-6028621,,,,,74067352,No status set,,Self Service - TapeStation/Bioanalyzer,N/A,,,,,,3986
MGW-CN-5663,Equipment Scheduling,295966,Crystal Nava,,"Strader, Marie (TAMU) Lab",,Texas A&M University,"Tape Station (Agilent) (Tape Station (Agilent)) | Thursday, July 09",,0638,WSGI,completed,billing_initialized,hour,16,7/27/26 12:54,7/9/26 14:21,7/27/26 12:54,7/27/26 14:09,7/28/26 03:05,7/27/26 23:59,Paola Galvan,Molecular Genomics Workspace,MGW-6028621,,,,,74479386,No status set,,Molecular Biology,Self-Use,,,,,,3986
MGW-CN-5712,Equipment Scheduling,297792,Crystal Nava,,"Strader, Marie (TAMU) Lab",,Texas A&M University,RNA Standard  Usage (per sample) - Consumables,,0638,WSGI,completed,billing_initialized,each,11,8/20/26 12:17,8/12/26 15:05,8/20/26 12:17,8/24/26 15:43,8/25/26 03:05,8/24/26 23:59,Paola Galvan,Molecular Genomics Workspace,MGW-6084229,,,,,75112049,No status set,,Self Service - TapeStation/Bioanalyzer,N/A,,,,,,3986
MGW-CN-5712,Equipment Scheduling,295966,Crystal Nava,,"Strader, Marie (TAMU) Lab",,Texas A&M University,"Tape Station (Agilent) (Tape Station (Agilent)) | Wednesday, August 12",,0638,WSGI,completed,billing_initialized,hour,16,8/20/26 12:17,8/12/26 15:05,8/20/26 12:17,8/24/26 15:43,8/25/26 03:05,8/24/26 23:59,Paola Galvan,Molecular Genomics Workspace,MGW-6084229,,,,,75112062,No status set,,Molecular Biology,Self-Use,,,,,,3986
MGW-CN-5712,Equipment Scheduling,297792,Crystal Nava,,"Strader, Marie (TAMU) Lab",,Texas A&M University,RNA Standard  Usage (per sample) - Consumables,,0638,WSGI,completed,billing_initialized,each,33,8/20/26 12:18,8/17/26 11:36,8/20/26 12:19,8/24/26 15:43,8/25/26 03:05,8/24/26 23:59,Paola Galvan,Molecular Genomics Workspace,MGW-6084229,,,,,75112127,No status set,,Self Service - TapeStation/Bioanalyzer,N/A,,,,,,3986
MGW-CN-5712,Equipment Scheduling,295966,Crystal Nava,,"Strader, Marie (TAMU) Lab",,Texas A&M University,"Tape Station (Agilent) (Tape Station (Agilent)) | Monday, August 17",,0638,WSGI,completed,billing_initialized,hour,31,8/20/26 12:19,8/17/26 11:36,8/20/26 12:19,8/24/26 15:43,8/25/26 03:05,8/24/26 23:59,Paola Galvan,Molecular Genomics Workspace,MGW-6084229,,,,,75112138,No status set,,Molecular Biology,Self-Use,,,,,,3986
MGW-CN-5712,Equipment Scheduling,297792,Crystal Nava,,"Strader, Marie (TAMU) Lab",,Texas A&M University,RNA Standard  Usage (per sample) - Consumables,,0638,WSGI,completed,billing_initialized,each,44,9/23/26 13:21,8/31/26 13:52,9/23/26 13:22,9/24/26 11:26,9/25/26 03:05,9/24/26 23:59,Paola Galvan,Molecular Genomics Workspace,MGW-6140681,,,,,75903666,No status set,,Self Service - TapeStation/Bioanalyzer,N/A,,,,,,3986
MGW-CN-5712,Equipment Scheduling,295966,Crystal Nava,,"Strader, Marie (TAMU) Lab",,Texas A&M University,"Tape Station (Agilent) (Tape Station (Agilent)) | Monday, August 31",,0638,WSGI,completed,billing_initialized,hour,13,9/23/26 13:22,8/31/26 13:52,9/23/26 13:22,9/24/26 11:26,9/25/26 03:05,9/24/26 23:59,Paola Galvan,Molecular Genomics Workspace,MGW-6140681,,,,,75903685,No status set,,Molecular Biology,Self-Use,,,,,,3986
MGW-DMKD-5516,Claret Bio SRSLY Nano Plus Base Kit ,561170,D Mudiyanselage Kasuni Daundasekara,,"Pepper, Alan (TAMU) Lab",Biology,Texas A&M University,Claret Bio SRSLY Nano Plus Base Kit ,,0638,WSGI,cancelled,cancelled,each,0,12/10/25 16:49,12/10/25 16:49,,n/a,n/a,n/a,jun Fan,Molecular Genomics Workspace,no invoice,,,,,69055660,No status set,,DNA Library Preparation - Consumables,N/A,,,,,,3986
MGW-DMKD-5368,Project Request,560903,D Mudiyanselage Kasuni Daundasekara,,"Pepper, Alan (TAMU) Lab",Biology,Texas A&M University,QC DNA,,0638,WSGI,cancelled,cancelled,each,0,12/11/25 11:56,12/11/25 11:56,,n/a,n/a,n/a,jun Fan,Molecular Genomics Workspace,no invoice,,,,,69071548,No status set,,QC - Consumables,N/A,,,,,,3986
MGW-DMKD-5368,Project Request,561171,D Mudiyanselage Kasuni Daundasekara,,"Pepper, Alan (TAMU) Lab",Biology,Texas A&M University,Illumina DNA Prep (M) Tagmentation kit,,0638,WSGI,cancelled,cancelled,each,0,12/11/25 11:57,12/11/25 11:57,,n/a,n/a,n/a,jun Fan,Molecular Genomics Workspace,no invoice,,,,,69071588,No status set,,DNA Library Preparation - Consumables,N/A,,,,,,3986
MGW-DMKD-5368,Project Request,560903,D Mudiyanselage Kasuni Daundasekara,,"Pepper, Alan (TAMU) Lab",Biology,Texas A&M University,QC DNA,,0638,WSGI,cancelled,cancelled,each,0,12/11/25 11:58,12/11/25 11:58,,n/a,n/a,n/a,jun Fan,Molecular Genomics Workspace,no invoice,,,,,69071664,No status set,,QC - Consumables,N/A,,,,,,3986
MGW-DMKD-5368,Project Request,560903,D Mudiyanselage Kasuni Daundasekara,,"Pepper, Alan (TAMU) Lab",Biology,Texas A&M University,QC DNA,,0638,WSGI,cancelled,cancelled,each,0,12/11/25 11:58,12/11/25 11:58,,n/a,n/a,n/a,jun Fan,Molecular Genomics Workspace,no invoice,,,,,69071671,No status set,,QC - Consumables,N/A,,,,,,3986
MGW-DMKD-5429,Claret Bio SRSLY Nano Plus Base Kit ,561170,D Mudiyanselage Kasuni Daundasekara,,"D'Souza, Gerard (TAMU) Lab",,Texas A&M University,Claret Bio SRSLY Nano Plus Base Kit ,,0638,WSGI,cancelled,cancelled,each,0,1/14/26 12:41,1/14/26 12:41,,n/a,n/a,n/a,Paola Galvan,Molecular Genomics Workspace,no invoice,,,,,69705892,No status set,,DNA Library Preparation - Consumables,N/A,,,,,,3986
MGW-DMKD-5427,Project Request,560903,D Mudiyanselage Kasuni Daundasekara,,"Addo, Kwaku (TAMU) Lab",,Texas A&M University,QC DNA,DNA sample QC including Qubit measurement.,0638,WSGI,completed,billing_initialized,each,2207.2,1/30/26 10:56,1/30/26 10:56,6/22/26 10:17,6/25/26 11:44,7/6/26 17:14,6/25/26 23:59,Ashlyn Montgomery,Molecular Genomics Workspace,MGW-5970361,,,,,70068635,No status set,,QC - Consumables,N/A,,,,,,3986
MGW-DMKD-5427,Project Request,559376,D Mudiyanselage Kasuni Daundasekara,,"Addo, Kwaku (TAMU) Lab",,Texas A&M University,Consumables,Watchmaker DNAseq library reagents.,0638,WSGI,completed,billing_initialized,each,5286.12,1/30/26 10:58,1/30/26 10:58,6/22/26 10:17,6/25/26 11:44,7/6/26 17:14,6/25/26 23:59,Ashlyn Montgomery,Molecular Genomics Workspace,MGW-5970361,,,,,70068689,No status set,,Consumables,N/A,,,,,,3986
MGW-DMKD-5427,Project Request,559377,D Mudiyanselage Kasuni Daundasekara,,"Addo, Kwaku (TAMU) Lab",,Texas A&M University,Laboratory Technician,Total labor hours for library preparation and QC.,0638,WSGI,completed,billing_initialized,hour,1900,1/30/26 10:58,1/30/26 10:58,6/22/26 10:17,6/25/26 11:44,7/6/26 17:14,6/25/26 23:59,Ashlyn Montgomery,Molecular Genomics Workspace,MGW-5970361,,,,,70068716,No status set,,Laboratory Technician,N/A,,,,,,3986
MGW-DMKD-5428,Project Request,561152,D Mudiyanselage Kasuni Daundasekara,,"Addo, Kwaku (TAMU) Lab",,Texas A&M University,QC Core-prepared Library,"Library QC check, including Qubit measurement to ensure an appropriate concentration for sequencing.",0638,WSGI,completed,billing_initialized,each,2628.8,1/30/26 11:04,1/30/26 11:04,6/22/26 10:17,6/25/26 11:44,7/6/26 17:14,6/25/26 23:59,Ashlyn Montgomery,Molecular Genomics Workspace,MGW-5970361,,,,,70069102,No status set,,QC - Consumables,N/A,,,,,,3986
MGW-DMKD-5428,Project Request,561265,D Mudiyanselage Kasuni Daundasekara,,"Addo, Kwaku (TAMU) Lab",,Texas A&M University,NextSeq 2000 P4 XLEAP-SBS Reagent Kit (300 cycles),libraries sequencing on Nextseq 2000 with a P4 300 flow cell,0638,WSGI,completed,billing_initialized,each,5346,1/30/26 11:05,1/30/26 11:05,6/22/26 10:17,6/25/26 11:44,7/6/26 17:14,6/25/26 23:59,Ashlyn Montgomery,Molecular Genomics Workspace,MGW-5970361,,,,,70069170,No status set,,Sequencing (NextSeq 2000) - Consumables,N/A,,,,,,3986
MGW-DMKD-5633,Project Request,564627,D Mudiyanselage Kasuni Daundasekara,,"Addo, Kwaku (TAMU) Lab",,Texas A&M University,PacBio HMW gDNA extraction and QC - Consumables,,0638,WSGI,proposed,not_ready_to_bill,each,1069.88,7/12/26 21:51,7/12/26 21:51,,n/a,n/a,n/a,jun Fan,Molecular Genomics Workspace,no invoice,,,,,74165381,No status set,,PacBio Consumables,N/A,,,,,,3986
MGW-DMKD-5633,Project Request,564524,D Mudiyanselage Kasuni Daundasekara,,"Addo, Kwaku (TAMU) Lab",,Texas A&M University,PacBio-Revio HiFi Whole Genome library - Consumables ,,0638,WSGI,proposed,not_ready_to_bill,each,2000,7/12/26 21:51,7/12/26 21:51,,n/a,n/a,n/a,jun Fan,Molecular Genomics Workspace,no invoice,,,,,74165382,No status set,,PacBio Consumables,N/A,,,,,,3986
MGW-DMKD-5633,Project Request,563404,D Mudiyanselage Kasuni Daundasekara,,"Addo, Kwaku (TAMU) Lab",,Texas A&M University,PacBio-Revio SMRTcell sequencing - Consumables ,,0638,WSGI,proposed,not_ready_to_bill,each,4360,7/12/26 21:51,7/12/26 21:51,,n/a,n/a,n/a,jun Fan,Molecular Genomics Workspace,no invoice,,,,,74165383,No status set,,PacBio Consumables,N/A,,,,,,3986
MGW-DMKD-5633,Project Request,570518,D Mudiyanselage Kasuni Daundasekara,,"Addo, Kwaku (TAMU) Lab",,Texas A&M University,PacBio-RNA iso seq library - Consumables ,,0638,WSGI,proposed,not_ready_to_bill,each,420,7/12/26 21:51,7/12/26 21:51,,n/a,n/a,n/a,jun Fan,Molecular Genomics Workspace,no invoice,,,,,74165384,No status set,,PacBio Consumables,N/A,,,,,,3986
MGW-DMKD-5633,Project Request,574258,D Mudiyanselage Kasuni Daundasekara,,"Addo, Kwaku (TAMU) Lab",,Texas A&M University,PacBio-Kinnex full-length RNAseq library preparation,,0638,WSGI,proposed,not_ready_to_bill,each,700,7/12/26 21:51,7/12/26 21:51,,n/a,n/a,n/a,jun Fan,Molecular Genomics Workspace,no invoice,,,,,74165385,No status set,,PacBio Consumables,N/A,,,,,,3986
MGW-DMKD-5633,Project Request,565544,D Mudiyanselage Kasuni Daundasekara,,"Addo, Kwaku (TAMU) Lab",,Texas A&M University,QIAgen plant RNA extraction kit - Consumables,,0638,WSGI,proposed,not_ready_to_bill,each,65.2,7/12/26 21:52,7/12/26 21:52,,n/a,n/a,n/a,jun Fan,Molecular Genomics Workspace,no invoice,,,,,74165386,No status set,,DNA-RNA-Isolation - Consumable,N/A,,,,,,3986
MGW-DMKD-5633,Project Request,559373,D Mudiyanselage Kasuni Daundasekara,,"Addo, Kwaku (TAMU) Lab",,Texas A&M University,4200 TapeStation,,0638,WSGI,proposed,not_ready_to_bill,hour,4.8,7/12/26 21:52,7/12/26 21:52,,n/a,n/a,n/a,jun Fan,Molecular Genomics Workspace,no invoice,,,,,74165387,No status set,,Instrument Charges,N/A,,,,,,3986
MGW-DMKD-5633,Project Request,563704,D Mudiyanselage Kasuni Daundasekara,,"Addo, Kwaku (TAMU) Lab",,Texas A&M University,Blue Pippen,,0638,WSGI,proposed,not_ready_to_bill,each,42.24,7/12/26 21:52,7/12/26 21:52,,n/a,n/a,n/a,jun Fan,Molecular Genomics Workspace,no invoice,,,,,74165388,No status set,,Instrument Charges,N/A,,,,,,3986
MGW-DMKD-5633,Project Request,563414,D Mudiyanselage Kasuni Daundasekara,,"Addo, Kwaku (TAMU) Lab",,Texas A&M University,Femto Pulse ,,0638,WSGI,proposed,not_ready_to_bill,each,13.62,7/12/26 21:52,7/12/26 21:52,,n/a,n/a,n/a,jun Fan,Molecular Genomics Workspace,no invoice,,,,,74165389,No status set,,Instrument Charges,N/A,,,,,,3986
MGW-DMKD-5633,Project Request,559371,D Mudiyanselage Kasuni Daundasekara,,"Addo, Kwaku (TAMU) Lab",,Texas A&M University,NextSeq 2000 Sequencing System (S/N VH00580),,0638,WSGI,proposed,not_ready_to_bill,each,250,7/12/26 21:52,7/12/26 21:52,,n/a,n/a,n/a,jun Fan,Molecular Genomics Workspace,no invoice,,,,,74165390,No status set,,Instrument Charges,N/A,,,,,,3986
MGW-DMKD-5633,Project Request,559381,D Mudiyanselage Kasuni Daundasekara,,"Addo, Kwaku (TAMU) Lab",,Texas A&M University,PacBio Revio,,0638,WSGI,proposed,not_ready_to_bill,hour,1440,7/12/26 21:52,7/12/26 21:52,,n/a,n/a,n/a,jun Fan,Molecular Genomics Workspace,no invoice,,,,,74165391,No status set,,Instrument Charges,N/A,,,,,,3986
MGW-DMKD-5633,Project Request,566152,D Mudiyanselage Kasuni Daundasekara,,"Addo, Kwaku (TAMU) Lab",,Texas A&M University,HiC library preparation - Consumables,,0638,WSGI,proposed,not_ready_to_bill,each,3007.36,7/12/26 21:53,7/12/26 21:53,,n/a,n/a,n/a,jun Fan,Molecular Genomics Workspace,no invoice,,,,,74165393,No status set,,DNA Library Preparation - Consumables,N/A,,,,,,3986
MGW-DMKD-5633,Project Request,559377,D Mudiyanselage Kasuni Daundasekara,,"Addo, Kwaku (TAMU) Lab",,Texas A&M University,Laboratory Technician,,0638,WSGI,proposed,not_ready_to_bill,hour,1500,7/12/26 21:55,7/12/26 21:55,,n/a,n/a,n/a,jun Fan,Molecular Genomics Workspace,no invoice,,,,,74165394,No status set,,Laboratory Technician,N/A,,,,,,3986
MGW-DMKD-5633,Project Request,561265,D Mudiyanselage Kasuni Daundasekara,,"Addo, Kwaku (TAMU) Lab",,Texas A&M University,NextSeq 2000 P4 XLEAP-SBS Reagent Kit (300 cycles) - Consumables,,0638,WSGI,proposed,not_ready_to_bill,each,5506.6,7/12/26 21:55,7/12/26 21:55,,n/a,n/a,n/a,jun Fan,Molecular Genomics Workspace,no invoice,,,,,74165396,No status set,,Sequencing (NextSeq 2000) - Consumables,N/A,,,,,,3986
MGW-DMKD-5633,Project Request,563404,D Mudiyanselage Kasuni Daundasekara,,"Addo, Kwaku (TAMU) Lab",,Texas A&M University,PacBio-Revio SMRTcell sequencing - Consumables ,,0638,WSGI,proposed,not_ready_to_bill,each,1090,7/12/26 22:02,7/12/26 22:02,,n/a,n/a,n/a,jun Fan,Molecular Genomics Workspace,no invoice,,,,,74165408,No status set,,PacBio Consumables,N/A,,,,,,3986
MGW-DMKD-5633,Project Request,563414,D Mudiyanselage Kasuni Daundasekara,,"Addo, Kwaku (TAMU) Lab",,Texas A&M University,Femto Pulse ,,0638,WSGI,proposed,not_ready_to_bill,each,6.81,7/12/26 22:03,7/12/26 22:03,,n/a,n/a,n/a,jun Fan,Molecular Genomics Workspace,no invoice,,,,,74165410,No status set,,Instrument Charges,N/A,,,,,,3986
MGW-DMKD-5633,Project Request,559381,D Mudiyanselage Kasuni Daundasekara,,"Addo, Kwaku (TAMU) Lab",,Texas A&M University,PacBio Revio,,0638,WSGI,proposed,not_ready_to_bill,hour,360,7/12/26 22:03,7/12/26 22:03,,n/a,n/a,n/a,jun Fan,Molecular Genomics Workspace,no invoice,,,,,74165411,No status set,,Instrument Charges,N/A,,,,,,3986
MGW-DMKD-5633,Project Request,561151,D Mudiyanselage Kasuni Daundasekara,,"Addo, Kwaku (TAMU) Lab",,Texas A&M University,QC RNA - Consumables,,0638,WSGI,proposed,not_ready_to_bill,each,35.4,7/12/26 22:03,7/12/26 22:03,,n/a,n/a,n/a,jun Fan,Molecular Genomics Workspace,no invoice,,,,,74165414,No status set,,QC - Consumables,N/A,,,,,,3986
MGW-DMKD-5633,Project Request,559373,D Mudiyanselage Kasuni Daundasekara,,"Addo, Kwaku (TAMU) Lab",,Texas A&M University,4200 TapeStation,,0638,WSGI,proposed,not_ready_to_bill,hour,14.4,7/12/26 22:06,7/12/26 22:06,,n/a,n/a,n/a,jun Fan,Molecular Genomics Workspace,no invoice,,,,,74165418,No status set,,Instrument Charges,N/A,,,,,,3986
MGW-DMKD-5633,Project Request,559377,D Mudiyanselage Kasuni Daundasekara,,"Addo, Kwaku (TAMU) Lab",,Texas A&M University,Laboratory Technician,,0638,WSGI,proposed,not_ready_to_bill,hour,25,7/13/26 16:30,7/13/26 16:30,,n/a,n/a,n/a,jun Fan,Molecular Genomics Workspace,no invoice,,,,,74192471,No status set,,Laboratory Technician,N/A,,,,,,3986
MGW-DMKD-5633,Project Request,559377,D Mudiyanselage Kasuni Daundasekara,,"Addo, Kwaku (TAMU) Lab",,Texas A&M University,Laboratory Technician,,0638,WSGI,proposed,not_ready_to_bill,hour,25,7/13/26 16:30,7/13/26 16:30,,n/a,n/a,n/a,jun Fan,Molecular Genomics Workspace,no invoice,,,,,74192472,No status set,,Laboratory Technician,N/A,,,,,,3986
MGW-DMKD-5639,Training Request,564627,D Mudiyanselage Kasuni Daundasekara,,"Weerasooriya, Aruna (TAMU) Lab",,Texas A&M University,PacBio HMW gDNA extraction and QC - Consumables,,0638,WSGI,proposed,not_ready_to_bill,each,1069.88,7/15/26 11:05,7/15/26 11:05,,n/a,n/a,n/a,jun Fan,Molecular Genomics Workspace,no invoice,,,,,74233981,No status set,,PacBio Consumables,N/A,,,,,,3986
MGW-DMKD-5639,Training Request,564524,D Mudiyanselage Kasuni Daundasekara,,"Weerasooriya, Aruna (TAMU) Lab",,Texas A&M University,PacBio-Revio HiFi Whole Genome library - Consumables ,,0638,WSGI,proposed,not_ready_to_bill,each,2000,7/15/26 11:18,7/15/26 11:18,,n/a,n/a,n/a,jun Fan,Molecular Genomics Workspace,no invoice,,,,,74234385,No status set,,PacBio Consumables,N/A,,,,,,3986
MGW-DMKD-5639,Training Request,563704,D Mudiyanselage Kasuni Daundasekara,,"Weerasooriya, Aruna (TAMU) Lab",,Texas A&M University,Blue Pippen,,0638,WSGI,proposed,not_ready_to_bill,each,42.24,7/15/26 11:19,7/15/26 11:19,,n/a,n/a,n/a,jun Fan,Molecular Genomics Workspace,no invoice,,,,,74234390,No status set,,Instrument Charges,N/A,,,,,,3986
MGW-DMKD-5639,Training Request,563414,D Mudiyanselage Kasuni Daundasekara,,"Weerasooriya, Aruna (TAMU) Lab",,Texas A&M University,Femto Pulse ,,0638,WSGI,proposed,not_ready_to_bill,each,20.43,7/15/26 11:19,7/15/26 11:19,,n/a,n/a,n/a,jun Fan,Molecular Genomics Workspace,no invoice,,,,,74234391,No status set,,Instrument Charges,N/A,,,,,,3986
MGW-DMKD-5639,Training Request,563404,D Mudiyanselage Kasuni Daundasekara,,"Weerasooriya, Aruna (TAMU) Lab",,Texas A&M University,PacBio-Revio SMRTcell sequencing - Consumables ,,0638,WSGI,proposed,not_ready_to_bill,each,4360,7/15/26 11:19,7/15/26 11:19,,n/a,n/a,n/a,jun Fan,Molecular Genomics Workspace,no invoice,,,,,74234402,No status set,,PacBio Consumables,N/A,,,,,,3986
MGW-DMKD-5639,Training Request,559381,D Mudiyanselage Kasuni Daundasekara,,"Weerasooriya, Aruna (TAMU) Lab",,Texas A&M University,PacBio Revio,,0638,WSGI,proposed,not_ready_to_bill,hour,1440,7/15/26 11:19,7/15/26 11:19,,n/a,n/a,n/a,jun Fan,Molecular Genomics Workspace,no invoice,,,,,74234409,No status set,,Instrument Charges,N/A,,,,,,3986
MGW-DMKD-5639,Training Request,559377,D Mudiyanselage Kasuni Daundasekara,,"Weerasooriya, Aruna (TAMU) Lab",,Texas A&M University,Laboratory Technician,,0638,WSGI,proposed,not_ready_to_bill,hour,25,7/15/26 11:19,7/15/26 11:19,,n/a,n/a,n/a,jun Fan,Molecular Genomics Workspace,no invoice,,,,,74234419,No status set,,Laboratory Technician,N/A,,,,,,3986
MGW-DMKD-5640,Training Request,565544,D Mudiyanselage Kasuni Daundasekara,,"Weerasooriya, Aruna (TAMU) Lab",,Texas A&M University,QIAgen plant RNA extraction kit - Consumables,,0638,WSGI,proposed,not_ready_to_bill,each,65.2,7/15/26 11:25,7/15/26 11:25,,n/a,n/a,n/a,jun Fan,Molecular Genomics Workspace,no invoice,,,,,74234576,No status set,,DNA-RNA-Isolation - Consumable,N/A,,,,,,3986
MGW-DMKD-5640,Training Request,561151,D Mudiyanselage Kasuni Daundasekara,,"Weerasooriya, Aruna (TAMU) Lab",,Texas A&M University,QC RNA - Consumables,,0638,WSGI,proposed,not_ready_to_bill,each,35.4,7/15/26 11:25,7/15/26 11:25,,n/a,n/a,n/a,jun Fan,Molecular Genomics Workspace,no invoice,,,,,74234588,No status set,,QC - Consumables,N/A,,,,,,3986
MGW-DMKD-5640,Training Request,559373,D Mudiyanselage Kasuni Daundasekara,,"Weerasooriya, Aruna (TAMU) Lab",,Texas A&M University,4200 TapeStation,,0638,WSGI,proposed,not_ready_to_bill,hour,4.8,7/15/26 11:25,7/15/26 11:25,,n/a,n/a,n/a,jun Fan,Molecular Genomics Workspace,no invoice,,,,,74234595,No status set,,Instrument Charges,N/A,,,,,,3986
MGW-DMKD-5640,Training Request,570518,D Mudiyanselage Kasuni Daundasekara,,"Weerasooriya, Aruna (TAMU) Lab",,Texas A&M University,PacBio-RNA iso seq library - Consumables ,,0638,WSGI,proposed,not_ready_to_bill,each,420,7/15/26 11:25,7/15/26 11:25,,n/a,n/a,n/a,jun Fan,Molecular Genomics Workspace,no invoice,,,,,74234614,No status set,,PacBio Consumables,N/A,,,,,,3986
MGW-DMKD-5640,Training Request,574258,D Mudiyanselage Kasuni Daundasekara,,"Weerasooriya, Aruna (TAMU) Lab",,Texas A&M University,PacBio-Kinnex full-length RNAseq library preparation,,0638,WSGI,proposed,not_ready_to_bill,each,700,7/15/26 11:25,7/15/26 11:25,,n/a,n/a,n/a,jun Fan,Molecular Genomics Workspace,no invoice,,,,,74234619,No status set,,PacBio Consumables,N/A,,,,,,3986
MGW-DMKD-5640,Training Request,563414,D Mudiyanselage Kasuni Daundasekara,,"Weerasooriya, Aruna (TAMU) Lab",,Texas A&M University,Femto Pulse ,,0638,WSGI,proposed,not_ready_to_bill,each,6.81,7/15/26 11:26,7/15/26 11:26,,n/a,n/a,n/a,jun Fan,Molecular Genomics Workspace,no invoice,,,,,74234627,No status set,,Instrument Charges,N/A,,,,,,3986
MGW-DMKD-5640,Training Request,563404,D Mudiyanselage Kasuni Daundasekara,,"Weerasooriya, Aruna (TAMU) Lab",,Texas A&M University,PacBio-Revio SMRTcell sequencing - Consumables ,,0638,WSGI,proposed,not_ready_to_bill,each,1090,7/15/26 11:26,7/15/26 11:26,,n/a,n/a,n/a,jun Fan,Molecular Genomics Workspace,no invoice,,,,,74234633,No status set,,PacBio Consumables,N/A,,,,,,3986
MGW-DMKD-5640,Training Request,559381,D Mudiyanselage Kasuni Daundasekara,,"Weerasooriya, Aruna (TAMU) Lab",,Texas A&M University,PacBio Revio,,0638,WSGI,proposed,not_ready_to_bill,hour,360,7/15/26 11:26,7/15/26 11:26,,n/a,n/a,n/a,jun Fan,Molecular Genomics Workspace,no invoice,,,,,74234637,No status set,,Instrument Charges,N/A,,,,,,3986
MGW-DMKD-5640,Training Request,559377,D Mudiyanselage Kasuni Daundasekara,,"Weerasooriya, Aruna (TAMU) Lab",,Texas A&M University,Laboratory Technician,,0638,WSGI,proposed,not_ready_to_bill,hour,25,7/15/26 11:26,7/15/26 11:26,,n/a,n/a,n/a,jun Fan,Molecular Genomics Workspace,no invoice,,,,,74234641,No status set,,Laboratory Technician,N/A,,,,,,3986
MGW-DMKD-5640,Training Request,566152,D Mudiyanselage Kasuni Daundasekara,,"Weerasooriya, Aruna (TAMU) Lab",,Texas A&M University,HiC library preparation - Consumables,,0638,WSGI,proposed,not_ready_to_bill,each,3007.36,7/15/26 11:26,7/15/26 11:26,,n/a,n/a,n/a,jun Fan,Molecular Genomics Workspace,no invoice,,,,,74234647,No status set,,DNA Library Preparation - Consumables,N/A,,,,,,3986
MGW-DMKD-5640,Training Request,559373,D Mudiyanselage Kasuni Daundasekara,,"Weerasooriya, Aruna (TAMU) Lab",,Texas A&M University,4200 TapeStation,,0638,WSGI,proposed,not_ready_to_bill,hour,14.4,7/15/26 11:27,7/15/26 11:27,,n/a,n/a,n/a,jun Fan,Molecular Genomics Workspace,no invoice,,,,,74234651,No status set,,Instrument Charges,N/A,,,,,,3986
MGW-DMKD-5640,Training Request,559377,D Mudiyanselage Kasuni Daundasekara,,"Weerasooriya, Aruna (TAMU) Lab",,Texas A&M University,Laboratory Technician,,0638,WSGI,proposed,not_ready_to_bill,hour,1500,7/15/26 11:27,7/15/26 11:27,,n/a,n/a,n/a,jun Fan,Molecular Genomics Workspace,no invoice,,,,,74234667,No status set,,Laboratory Technician,N/A,,,,,,3986
MGW-DMKD-5641,Training Request,561265,D Mudiyanselage Kasuni Daundasekara,,"Addo, Kwaku (TAMU) Lab",,Texas A&M University,NextSeq 2000 P4 XLEAP-SBS Reagent Kit (300 cycles) - Consumables,,0638,WSGI,cancelled,cancelled,each,0,7/15/26 11:30,7/15/26 11:30,,n/a,n/a,n/a,jun Fan,Molecular Genomics Workspace,no invoice,,,,,74234804,No status set,,Sequencing (NextSeq 2000) - Consumables,N/A,,,,,,3986
MGW-DMKD-5641,Training Request,559371,D Mudiyanselage Kasuni Daundasekara,,"Addo, Kwaku (TAMU) Lab",,Texas A&M University,NextSeq 2000 Sequencing System (S/N VH00580),,0638,WSGI,cancelled,cancelled,each,0,7/15/26 11:31,7/15/26 11:31,,n/a,n/a,n/a,jun Fan,Molecular Genomics Workspace,no invoice,,,,,74234811,No status set,,Instrument Charges,N/A,,,,,,3986
MGW-DMKD-5641,Training Request,559388,D Mudiyanselage Kasuni Daundasekara,,"Addo, Kwaku (TAMU) Lab",,Texas A&M University,Bioinformatics,,0638,WSGI,cancelled,cancelled,hour,0,7/15/26 11:31,7/15/26 11:31,,n/a,n/a,n/a,jun Fan,Molecular Genomics Workspace,no invoice,,,,,74234839,No status set,,Bioinformatics,N/A,,,,,,3986
MGW-DMKD-5642,Training Request,561265,D Mudiyanselage Kasuni Daundasekara,,"Weerasooriya, Aruna (TAMU) Lab",,Texas A&M University,NextSeq 2000 P4 XLEAP-SBS Reagent Kit (300 cycles) - Consumables,,0638,WSGI,proposed,not_ready_to_bill,each,5506.6,7/15/26 11:42,7/15/26 11:42,,n/a,n/a,n/a,jun Fan,Molecular Genomics Workspace,no invoice,,,,,74235255,No status set,,Sequencing (NextSeq 2000) - Consumables,N/A,,,,,,3986
MGW-DMKD-5642,Training Request,559371,D Mudiyanselage Kasuni Daundasekara,,"Weerasooriya, Aruna (TAMU) Lab",,Texas A&M University,NextSeq 2000 Sequencing System (S/N VH00580),,0638,WSGI,proposed,not_ready_to_bill,each,250,7/15/26 11:42,7/15/26 11:42,,n/a,n/a,n/a,jun Fan,Molecular Genomics Workspace,no invoice,,,,,74235265,No status set,,Instrument Charges,N/A,,,,,,3986
MGW-DMKD-5642,Training Request,559388,D Mudiyanselage Kasuni Daundasekara,,"Weerasooriya, Aruna (TAMU) Lab",,Texas A&M University,Bioinformatics,,0638,WSGI,proposed,not_ready_to_bill,hour,395,7/15/26 11:42,7/15/26 11:42,,n/a,n/a,n/a,jun Fan,Molecular Genomics Workspace,no invoice,,,,,74235271,No status set,,Bioinformatics,N/A,,,,,,3986
MGW-DP-5236,HiC Sample Prep & Library Construction (per sample),406987,Daniela Palmer,Principal Investigator,"Palmer, Daniela (UTA) Lab",,University of Texas at Arlington,HiC Sample Prep & Library Construction (per sample),,0638,WSGI,proposed,not_ready_to_bill,each,1667.5,9/8/25 21:01,9/8/25 21:01,,n/a,n/a,n/a,jun Fan,Molecular Genomics Workspace,no invoice,,,,,66632179,No status set,,Full Service - DNA Library Preparation (Illumina NGS),N/A,,,,,,3986
MGW-DP-5236,HiC Sample Prep & Library Construction (per sample),534535,Daniela Palmer,Principal Investigator,"Palmer, Daniela (UTA) Lab",,University of Texas at Arlington,Sequencing - P3-XLEAP - 300 cycle (~1B reads),,0638,WSGI,proposed,not_ready_to_bill,each,2887.5,9/9/25 15:32,9/9/25 15:32,,n/a,n/a,n/a,jun Fan,Molecular Genomics Workspace,no invoice,,,,,66659775,No status set,,Full Service - Sequencing (NextSeq 2000),N/A,,,,,,3986
MGW-DP-5361,QC RNA  (per sample),504608,Daniela Palmer,Principal Investigator,"Palmer, Daniela (UTA) Lab",,University of Texas at Arlington,QC RNA  (per sample),,0638,WSGI,completed,billing_initialized,each,78.5,11/25/25 09:56,11/25/25 09:56,4/27/26 10:11,4/27/26 10:13,4/28/26 03:00,4/27/26 23:59,jun Fan,Molecular Genomics Workspace,MGW-5848160,,,,,68649684,No status set,,Full Service - DNA/RNA QC,N/A,,,,,,3986
MGW-DP-5361,QC RNA  (per sample),543493,Daniela Palmer,Principal Investigator,"Palmer, Daniela (UTA) Lab",,University of Texas at Arlington,PacBio-Revio SMRTcell sequencing,,0638,WSGI,completed,billing_initialized,each,8400,11/25/25 09:56,11/25/25 09:56,4/27/26 10:11,4/27/26 10:13,4/28/26 03:00,4/27/26 23:59,jun Fan,Molecular Genomics Workspace,MGW-5848160,,,,,68649707,No status set,,Uncategorized - New in Progress,N/A,,,,,,3986
MGW-DP-5361,QC RNA  (per sample),547907,Daniela Palmer,Principal Investigator,"Palmer, Daniela (UTA) Lab",,University of Texas at Arlington,PacBio-RNA iso seq library -sample add on,,0638,WSGI,completed,billing_initialized,each,750,11/25/25 09:56,11/25/25 09:56,4/27/26 10:11,4/27/26 10:13,4/28/26 03:00,4/27/26 23:59,jun Fan,Molecular Genomics Workspace,MGW-5848160,,,,,68649710,No status set,,Uncategorized - New in Progress,N/A,,,,,,3986
MGW-DP-5361,QC RNA  (per sample),547908,Daniela Palmer,Principal Investigator,"Palmer, Daniela (UTA) Lab",,University of Texas at Arlington,PacBio-RNA Kinnex library --up to 8 samples,,0638,WSGI,completed,billing_initialized,each,1400,11/25/25 09:57,11/25/25 09:57,4/27/26 10:11,4/27/26 10:13,4/28/26 03:00,4/27/26 23:59,jun Fan,Molecular Genomics Workspace,MGW-5848160,,,,,68649725,No status set,,Uncategorized - New in Progress,N/A,,,,,,3986
MGW-DP-5361,QC RNA  (per sample),547906,Daniela Palmer,Principal Investigator,"Palmer, Daniela (UTA) Lab",,University of Texas at Arlington,PacBio-RNA iso seq library ,,0638,WSGI,completed,billing_initialized,each,960,11/25/25 09:57,11/25/25 09:57,4/27/26 10:11,4/27/26 10:13,4/28/26 03:00,4/27/26 23:59,jun Fan,Molecular Genomics Workspace,MGW-5848160,,,,,68649736,No status set,,Uncategorized - New in Progress,N/A,,,,,,3986
MGW-DP-5361,QC RNA  (per sample),538876,Daniela Palmer,Principal Investigator,"Palmer, Daniela (UTA) Lab",,University of Texas at Arlington,"RNeasy Plus Universal RNA Isolation, 1-24 samples (per sample)",,0638,WSGI,completed,billing_initialized,each,152.5,11/25/25 11:04,11/25/25 11:04,4/27/26 10:11,4/27/26 10:13,4/28/26 03:00,4/27/26 23:59,jun Fan,Molecular Genomics Workspace,MGW-5848160,,,,,68654120,No status set,,Full Service - DNA/RNA isolation,N/A,,,,,,3986
MGW-DP-5361,QC RNA  (per sample),564524,Daniela Palmer,Principal Investigator,"Palmer, Daniela (UTA) Lab",,University of Texas at Arlington,PacBio-Revio HiFi Whole Genome library ,,0638,WSGI,completed,billing_initialized,each,1725,2/2/26 11:27,2/2/26 11:27,4/27/26 10:11,4/27/26 10:13,4/28/26 03:00,4/27/26 23:59,jun Fan,Molecular Genomics Workspace,MGW-5848160,,,,,70122749,No status set,,PacBio Consumables,N/A,,,,,,3986
MGW-DP-5361,QC RNA  (per sample),561156,Daniela Palmer,Principal Investigator,"Palmer, Daniela (UTA) Lab",,University of Texas at Arlington,QC Femto Pluse,,0638,WSGI,completed,billing_initialized,each,81.62,2/2/26 12:11,2/2/26 12:11,4/27/26 10:11,4/27/26 10:13,4/28/26 03:00,4/27/26 23:59,jun Fan,Molecular Genomics Workspace,MGW-5848160,,,,,70126401,No status set,,QC - Consumables,N/A,,,,,,3986
MGW-DS-5387,Project Request,559376,Deshna Shah,,"Neuman, Benjamin (TAMU) Lab",,Texas A&M University,Consumables,IDT xGen  SARs-Cov 2 Amplicon library,0638,WSGI,completed,billing_initialized,each,2705.22,12/18/25 13:19,12/18/25 13:19,5/26/26 10:18,5/27/26 16:31,5/28/26 03:00,5/27/26 23:59,jun Fan,Molecular Genomics Workspace,MGW-5910816,,,,,69241238,No status set,,Consumables,N/A,,,,,,3986
MGW-DS-5387,Project Request,559377,Deshna Shah,,"Neuman, Benjamin (TAMU) Lab",,Texas A&M University,Laboratory Technician,Labor hours for library preparation and QC.,0638,WSGI,completed,billing_initialized,hour,350,12/18/25 13:19,12/18/25 13:19,5/26/26 10:18,5/27/26 16:31,5/28/26 03:00,5/27/26 23:59,jun Fan,Molecular Genomics Workspace,MGW-5910816,,,,,69241257,No status set,,Laboratory Technician,N/A,,,,,,3986
MGW-DS-5387,Project Request,561238,Deshna Shah,,"Neuman, Benjamin (TAMU) Lab",,Texas A&M University,NextSeq 2000 P1 XLEAP-SBS Reagent Kit (300 cycles),,0638,WSGI,completed,billing_initialized,each,1100,12/18/25 13:20,12/18/25 13:20,5/26/26 10:18,5/27/26 16:31,5/28/26 03:00,5/27/26 23:59,jun Fan,Molecular Genomics Workspace,MGW-5910816,,,,,69241297,No status set,,Sequencing (NextSeq 2000) - Consumables,N/A,,,,,,3986
MGW-DS-5387,Project Request,561152,Deshna Shah,,"Neuman, Benjamin (TAMU) Lab",,Texas A&M University,QC Core-prepared Library,,0638,WSGI,completed,billing_initialized,each,805.6,12/18/25 13:21,12/18/25 13:21,5/26/26 10:18,5/27/26 16:31,5/28/26 03:00,5/27/26 23:59,jun Fan,Molecular Genomics Workspace,MGW-5910816,,,,,69241327,No status set,,QC - Consumables,N/A,,,,,,3986
MGW-DS-5387,Project Request,559371,Deshna Shah,,"Neuman, Benjamin (TAMU) Lab",,Texas A&M University,NextSeq 2000 Sequencing System (S/N VH00580),,0638,WSGI,completed,billing_initialized,each,250,12/18/25 13:21,12/18/25 13:21,5/26/26 10:18,5/27/26 16:31,5/28/26 03:00,5/27/26 23:59,jun Fan,Molecular Genomics Workspace,MGW-5910816,,,,,69241357,No status set,,Instrument Charges,N/A,,,,,,3986
MGW-DS-5387,Project Request,559373,Deshna Shah,,"Neuman, Benjamin (TAMU) Lab",,Texas A&M University,4200 TapeStation,,0638,WSGI,completed,billing_initialized,hour,45.6,12/18/25 13:24,12/18/25 13:24,5/26/26 10:18,5/27/26 16:31,5/28/26 03:00,5/27/26 23:59,jun Fan,Molecular Genomics Workspace,MGW-5910816,,,,,69241501,No status set,,Instrument Charges,N/A,,,,,,3986
MGW-DS-5387,Project Request,559377,Deshna Shah,,"Neuman, Benjamin (TAMU) Lab",,Texas A&M University,Laboratory Technician,labor hours for sequencing setup.,0638,WSGI,completed,billing_initialized,hour,16.5,12/18/25 13:29,12/18/25 13:29,5/26/26 10:18,5/27/26 16:31,5/28/26 03:00,5/27/26 23:59,jun Fan,Molecular Genomics Workspace,MGW-5910816,,,,,69241879,No status set,,Laboratory Technician,N/A,,,,,,3986
MGW-DS-5387,Project Request,559376,Deshna Shah,,"Neuman, Benjamin (TAMU) Lab",,Texas A&M University,Consumables,cDNA synthesis reagents,0638,WSGI,completed,billing_initialized,each,543.4,12/18/25 13:40,12/18/25 13:40,5/26/26 10:18,5/27/26 16:31,5/28/26 03:00,5/27/26 23:59,jun Fan,Molecular Genomics Workspace,MGW-5910816,,,,,69242397,No status set,,Consumables,N/A,,,,,,3986
MGW-DS-5387,Project Request,559377,Deshna Shah,,"Neuman, Benjamin (TAMU) Lab",,Texas A&M University,Laboratory Technician,Labor hours for cDNA synthesis reagents,0638,WSGI,completed,billing_initialized,hour,75,12/18/25 13:40,12/18/25 13:40,5/26/26 10:18,5/27/26 16:31,5/28/26 03:00,5/27/26 23:59,jun Fan,Molecular Genomics Workspace,MGW-5910816,,,,,69242406,No status set,,Laboratory Technician,N/A,,,,,,3986
MGW-DS-5387,Project Request,562236,Deshna Shah,,"Neuman, Benjamin (TAMU) Lab",,Texas A&M University,QC DNA/RNA Qubit Only,,0638,WSGI,completed,billing_initialized,each,117.8,12/18/25 14:30,12/18/25 14:30,5/26/26 10:18,5/27/26 16:31,5/28/26 03:00,5/27/26 23:59,jun Fan,Molecular Genomics Workspace,MGW-5910816,,,,,69244160,No status set,,QC - Consumables,N/A,,,,,,3986
MGW-DS-5387,Project Request,562236,Deshna Shah,,"Neuman, Benjamin (TAMU) Lab",,Texas A&M University,QC DNA/RNA Qubit Only,This charge is for the newly added samples: 35 from Tahmina and 4 from Deshna.,0638,WSGI,completed,billing_initialized,each,78,3/25/26 10:45,3/25/26 10:45,5/26/26 10:18,5/27/26 16:31,5/28/26 03:00,5/27/26 23:59,jun Fan,Molecular Genomics Workspace,MGW-5910816,,,,,71432651,No status set,,QC - Consumables,N/A,,,,,,3986
MGW-DS-5387,Project Request,561152,Deshna Shah,,"Neuman, Benjamin (TAMU) Lab",,Texas A&M University,QC Core-prepared Library,This charge is for the newly added samples: 35 from Tahmina and 4 from Deshna.,0638,WSGI,completed,billing_initialized,each,606.45,3/25/26 10:46,3/25/26 10:46,5/26/26 10:18,5/27/26 16:31,5/28/26 03:00,5/27/26 23:59,jun Fan,Molecular Genomics Workspace,MGW-5910816,,,,,71432714,No status set,,QC - Consumables,N/A,,,,,,3986
MGW-DS-5387,Project Request,559377,Deshna Shah,,"Neuman, Benjamin (TAMU) Lab",,Texas A&M University,Laboratory Technician,This library preparation charge is for the newly added smples: 35 from Tahmina and 4 from Deshna.,0638,WSGI,completed,billing_initialized,hour,350,3/25/26 10:47,3/25/26 10:47,5/26/26 10:18,5/27/26 16:31,5/28/26 03:00,5/27/26 23:59,jun Fan,Molecular Genomics Workspace,MGW-5910816,,,,,71432735,No status set,,Laboratory Technician,N/A,,,,,,3986
MGW-DS-5387,Project Request,559376,Deshna Shah,,"Neuman, Benjamin (TAMU) Lab",,Texas A&M University,Consumables,cDcDNA synthesis reagents for the newly added samples: 35 from Tahmina and 4 from Deshna.,0638,WSGI,completed,billing_initialized,each,558.09,3/25/26 10:48,3/25/26 10:48,5/26/26 10:18,5/27/26 16:31,5/28/26 03:00,5/27/26 23:59,jun Fan,Molecular Genomics Workspace,MGW-5910816,,,,,71432808,No status set,,Consumables,N/A,,,,,,3986
MGW-DS-5387,Project Request,559376,Deshna Shah,,"Neuman, Benjamin (TAMU) Lab",,Texas A&M University,Consumables,IDT xGen  SARs-Cov 2 Amplicon library preparation reagents for the newly added samples: 35 from Tahmina and 4 from Deshna.,0638,WSGI,completed,billing_initialized,each,2776.41,3/25/26 10:48,3/25/26 10:48,5/26/26 10:18,5/27/26 16:31,5/28/26 03:00,5/27/26 23:59,jun Fan,Molecular Genomics Workspace,MGW-5910816,,,,,71432815,No status set,,Consumables,N/A,,,,,,3986
MGW-DS-5387,Project Request,559373,Deshna Shah,,"Neuman, Benjamin (TAMU) Lab",,Texas A&M University,4200 TapeStation,,0638,WSGI,completed,billing_initialized,hour,93.6,3/25/26 10:48,3/25/26 10:48,5/26/26 10:18,5/27/26 16:31,5/28/26 03:00,5/27/26 23:59,jun Fan,Molecular Genomics Workspace,MGW-5910816,,,,,71432824,No status set,,Instrument Charges,N/A,,,,,,3986
MGW-DS-5387,Project Request,559377,Deshna Shah,,"Neuman, Benjamin (TAMU) Lab",,Texas A&M University,Laboratory Technician,Labor hours for cDNA synthesis reagents for the newly added samples: 35 from Tahmina and 4 from Deshna.,0638,WSGI,completed,billing_initialized,hour,75,3/25/26 10:48,3/25/26 10:48,5/26/26 10:18,5/27/26 16:31,5/28/26 03:00,5/27/26 23:59,jun Fan,Molecular Genomics Workspace,MGW-5910816,,,,,71432828,No status set,,Laboratory Technician,N/A,,,,,,3986
MGW-DS-5387,Project Request,559371,Deshna Shah,,"Neuman, Benjamin (TAMU) Lab",,Texas A&M University,NextSeq 2000 Sequencing System (S/N VH00580),,0638,WSGI,completed,billing_initialized,each,250,4/23/26 13:11,4/23/26 13:11,5/26/26 10:18,5/27/26 16:31,5/28/26 03:00,5/27/26 23:59,Paola Galvan,Molecular Genomics Workspace,MGW-5910816,,,,,72192765,No status set,,Instrument Charges,N/A,,,,,,3986
MGW-DS-5387,Project Request,561238,Deshna Shah,,"Neuman, Benjamin (TAMU) Lab",,Texas A&M University,NextSeq 2000 P1 XLEAP-SBS Reagent Kit (300 cycles),,0638,WSGI,completed,billing_initialized,each,1100,4/23/26 13:12,4/23/26 13:12,5/26/26 10:18,5/27/26 16:31,5/28/26 03:00,5/27/26 23:59,Paola Galvan,Molecular Genomics Workspace,MGW-5910816,,,,,72192770,No status set,,Sequencing (NextSeq 2000) - Consumables,N/A,,,,,,3986
MGW-DS-5496,Equipment Scheduling,297793,Diyun Sun,Graduate Student,"Bard, Jared (TAMU) Lab",,Texas A&M University,RNA HS Usage (per sample),,0638,WSGI,completed,billing_initialized,each,132,3/2/26 11:12,3/4/26 11:00,3/26/26 13:41,3/26/26 14:02,3/27/26 03:00,3/26/26 23:59,Diyun Sun,Molecular Genomics Workspace,MGW-5788682,,,,,70837676,No status set,,Self Service - TapeStation/Bioanalyzer,N/A,,,,,,3986
MGW-DS-5496,Equipment Scheduling,297793,Diyun Sun,Graduate Student,"Bard, Jared (TAMU) Lab",,Texas A&M University,RNA HS Usage (per sample),,0638,WSGI,completed,billing_initialized,each,6,3/4/26 15:19,3/5/26 11:11,3/26/26 13:43,3/26/26 14:02,3/27/26 03:00,3/26/26 23:59,Diyun Sun,Molecular Genomics Workspace,MGW-5788682,,,,,70948339,No status set,,Self Service - TapeStation/Bioanalyzer,N/A,,,,,,3986
MGW-DS-5496,Equipment Scheduling,297793,Diyun Sun,Graduate Student,"Bard, Jared (TAMU) Lab",,Texas A&M University,RNA HS Usage (per sample),,0638,WSGI,completed,billing_initialized,each,60,3/6/26 17:31,3/9/26 11:32,3/26/26 13:46,3/26/26 14:02,3/27/26 03:00,3/26/26 23:59,Diyun Sun,Molecular Genomics Workspace,MGW-5788682,,,,,71023646,No status set,,Self Service - TapeStation/Bioanalyzer,N/A,,,,,,3986
MGW-DS-5496,Equipment Scheduling,297787,Diyun Sun,Graduate Student,"Bard, Jared (TAMU) Lab",,Texas A&M University,DNA D1000 Usage (per sample),,0638,WSGI,completed,billing_initialized,each,64.8,3/20/26 14:47,3/20/26 15:33,3/26/26 13:51,3/26/26 14:02,3/27/26 03:00,3/26/26 23:59,Diyun Sun,Molecular Genomics Workspace,MGW-5788682,,,,,71344012,No status set,,Self Service - TapeStation/Bioanalyzer,N/A,,,,,,3986
MGW-DS-5496,Equipment Scheduling,295966,Diyun Sun,Graduate Student,"Bard, Jared (TAMU) Lab",,Texas A&M University,"Tape Station (Agilent) (Tape Station (Agilent)) | Wednesday, March 04",,0638,WSGI,completed,billing_initialized,hour,61,3/26/26 13:41,3/4/26 11:00,3/26/26 13:41,3/26/26 14:02,3/27/26 03:00,3/26/26 23:59,Paola Galvan,Molecular Genomics Workspace,MGW-5788682,,,,,71476344,No status set,,Molecular Biology,Self-Use,,,,,,3986
MGW-DS-5496,Equipment Scheduling,295966,Diyun Sun,Graduate Student,"Bard, Jared (TAMU) Lab",,Texas A&M University,"Tape Station (Agilent) (Tape Station (Agilent)) | Thursday, March 05",,0638,WSGI,completed,billing_initialized,hour,4,3/26/26 13:43,3/5/26 11:11,3/26/26 13:43,3/26/26 14:02,3/27/26 03:00,3/26/26 23:59,Paola Galvan,Molecular Genomics Workspace,MGW-5788682,,,,,71476450,No status set,,Molecular Biology,Self-Use,,,,,,3986
MGW-DS-5496,Equipment Scheduling,295966,Diyun Sun,Graduate Student,"Bard, Jared (TAMU) Lab",,Texas A&M University,"Tape Station (Agilent) (Tape Station (Agilent)) | Monday, March 09",,0638,WSGI,completed,billing_initialized,hour,27,3/26/26 13:46,3/9/26 11:32,3/26/26 13:46,3/26/26 14:02,3/27/26 03:00,3/26/26 23:59,Paola Galvan,Molecular Genomics Workspace,MGW-5788682,,,,,71476619,No status set,,Molecular Biology,Self-Use,,,,,,3986
MGW-DS-5496,Equipment Scheduling,295966,Diyun Sun,Graduate Student,"Bard, Jared (TAMU) Lab",,Texas A&M University,"Tape Station (Agilent) (Tape Station (Agilent)) | Friday, March 20",,0638,WSGI,completed,billing_initialized,hour,42,3/26/26 13:51,3/20/26 15:33,3/26/26 13:51,3/26/26 14:02,3/27/26 03:00,3/26/26 23:59,Paola Galvan,Molecular Genomics Workspace,MGW-5788682,,,,,71476937,No status set,,Molecular Biology,Self-Use,,,,,,3986
MGW-DS-5533,Equipment Scheduling,297787,Diyun Sun,Graduate Student,"Bard, Jared (TAMU) Lab",,Texas A&M University,DNA D1000 Usage (per sample),,0638,WSGI,completed,billing_initialized,each,81,4/2/26 10:35,4/2/26 14:06,4/23/26 13:28,4/24/26 16:21,4/25/26 03:00,4/24/26 23:59,Diyun Sun,Molecular Genomics Workspace,MGW-5846989,,,,,71685543,No status set,,Self Service - TapeStation/Bioanalyzer,N/A,,,,,,3986
MGW-DS-5533,Equipment Scheduling,295966,Diyun Sun,Graduate Student,"Bard, Jared (TAMU) Lab",,Texas A&M University,"Tape Station (Agilent) (Tape Station (Agilent)) | Thursday, April 02",,0638,WSGI,completed,billing_initialized,hour,30,4/23/26 13:28,4/2/26 14:06,4/23/26 13:28,4/24/26 16:21,4/25/26 03:00,4/24/26 23:59,Paola Galvan,Molecular Genomics Workspace,MGW-5846989,,,,,72193516,No status set,,Molecular Biology,Self-Use,,,,,,3986
MGW-DS-5716,Equipment Scheduling,297793,Diyun Sun,Graduate Student,"Bard, Jared (TAMU) Lab",,Texas A&M University,RNA HS Usage (per sample) - Consumables,,0638,WSGI,completed,billing_initialized,each,18,8/18/26 16:06,8/19/26 11:47,8/20/26 12:20,8/24/26 15:43,8/25/26 03:05,8/24/26 23:59,Diyun Sun,Molecular Genomics Workspace,MGW-6084225,,,,,75067439,No status set,,Self Service - TapeStation/Bioanalyzer,N/A,,,,,,3986
MGW-DS-5716,Equipment Scheduling,295966,Diyun Sun,Graduate Student,"Bard, Jared (TAMU) Lab",,Texas A&M University,"Tape Station (Agilent) (Tape Station (Agilent)) | Wednesday, August 19",,0638,WSGI,completed,billing_initialized,hour,8,8/20/26 12:20,8/19/26 11:47,8/20/26 12:20,8/24/26 15:43,8/25/26 03:05,8/24/26 23:59,Paola Galvan,Molecular Genomics Workspace,MGW-6084225,,,,,75112198,No status set,,Molecular Biology,Self-Use,,,,,,3986
MGW-DS-5716,Equipment Scheduling,297793,Diyun Sun,Graduate Student,"Bard, Jared (TAMU) Lab",,Texas A&M University,RNA HS Usage (per sample) - Consumables,,0638,WSGI,completed,billing_initialized,each,24,8/21/26 13:27,8/21/26 14:05,9/23/26 13:11,9/24/26 11:26,9/25/26 03:05,9/24/26 23:59,Diyun Sun,Molecular Genomics Workspace,MGW-6140676,,,,,75140290,No status set,,Self Service - TapeStation/Bioanalyzer,N/A,,,,,,3986
MGW-DS-5716,Equipment Scheduling,297793,Diyun Sun,Graduate Student,"Bard, Jared (TAMU) Lab",,Texas A&M University,RNA HS Usage (per sample) - Consumables,,0638,WSGI,completed,billing_initialized,each,18,8/23/26 18:18,8/24/26 12:31,9/23/26 13:11,9/24/26 11:26,9/25/26 03:05,9/24/26 23:59,Diyun Sun,Molecular Genomics Workspace,MGW-6140676,,,,,75157394,No status set,,Self Service - TapeStation/Bioanalyzer,N/A,,,,,,3986
MGW-DS-5716,Equipment Scheduling,295966,Diyun Sun,Graduate Student,"Bard, Jared (TAMU) Lab",,Texas A&M University,"Tape Station (Agilent) (Tape Station (Agilent)) | Friday, August 21",,0638,WSGI,completed,billing_initialized,hour,16,9/23/26 13:11,8/21/26 14:05,9/23/26 13:11,9/24/26 11:26,9/25/26 03:05,9/24/26 23:59,Paola Galvan,Molecular Genomics Workspace,MGW-6140676,,,,,75903243,No status set,,Molecular Biology,Self-Use,,,,,,3986
MGW-DS-5716,Equipment Scheduling,295966,Diyun Sun,Graduate Student,"Bard, Jared (TAMU) Lab",,Texas A&M University,"Tape Station (Agilent) (Tape Station (Agilent)) | Monday, August 24",,0638,WSGI,completed,billing_initialized,hour,10,9/23/26 13:11,8/24/26 12:31,9/23/26 13:11,9/24/26 11:26,9/25/26 03:05,9/24/26 23:59,Paola Galvan,Molecular Genomics Workspace,MGW-6140676,,,,,75903249,No status set,,Molecular Biology,Self-Use,,,,,,3986
MGW-DWM-5234,Monarch (NEB) HMW DNA Isolation (per sample),539475,Dr. William Murphy,Principal Investigator,"Murphy, William (TAMU) Lab",Veterinary Integrative Biosciences (VIBS),Texas A&M University,Monarch (NEB) HMW DNA Isolation (per sample),HMW gDNA extraction for PacBio,0638,WSGI,completed,billing_initialized,each,590,9/8/25 11:35,9/8/25 11:35,2/20/26 11:08,2/20/26 12:24,2/21/26 03:00,2/20/26 23:59,jun Fan,Molecular Genomics Workspace,MGW-5720423,,,,,66611821,No status set,,Full Service - Oxford Nanopore Library Prep & Sequencing,N/A,,,,,,3986
MGW-DWM-5234,Monarch (NEB) HMW DNA Isolation (per sample),539475,Dr. William Murphy,Principal Investigator,"Murphy, William (TAMU) Lab",Veterinary Integrative Biosciences (VIBS),Texas A&M University,Monarch (NEB) HMW DNA Isolation (per sample),HMW gDNA extraction for UL-ONT,0638,WSGI,completed,billing_initialized,each,1180,9/8/25 11:36,9/8/25 11:36,2/20/26 11:08,2/20/26 12:24,2/21/26 03:00,2/20/26 23:59,jun Fan,Molecular Genomics Workspace,MGW-5720423,,,,,66611852,No status set,,Full Service - Oxford Nanopore Library Prep & Sequencing,N/A,,,,,,3986
MGW-DWM-5234,Monarch (NEB) HMW DNA Isolation (per sample),539477,Dr. William Murphy,Principal Investigator,"Murphy, William (TAMU) Lab",Veterinary Integrative Biosciences (VIBS),Texas A&M University,Oxford Nanopore Ultra-long DNA Library Prep (per sample),,0638,WSGI,completed,billing_initialized,each,1140,9/8/25 11:36,9/8/25 11:36,2/20/26 11:08,2/20/26 12:24,2/21/26 03:00,2/20/26 23:59,jun Fan,Molecular Genomics Workspace,MGW-5720423,,,,,66611858,No status set,,Full Service - Oxford Nanopore Library Prep & Sequencing,N/A,,,,,,3986
MGW-DWM-5234,Monarch (NEB) HMW DNA Isolation (per sample),529100,Dr. William Murphy,Principal Investigator,"Murphy, William (TAMU) Lab",Veterinary Integrative Biosciences (VIBS),Texas A&M University,"PromethION Flow Cell R10.4.1 (per flow cell, 1-12 flow cells)",,0638,WSGI,completed,billing_initialized,each,4360,9/8/25 11:36,9/8/25 11:36,2/20/26 11:08,2/20/26 12:24,2/21/26 03:00,2/20/26 23:59,jun Fan,Molecular Genomics Workspace,MGW-5720423,,,,,66611876,No status set,,Full Service - Oxford Nanopore Library Prep & Sequencing,N/A,,,,,,3986
MGW-DWM-5234,Monarch (NEB) HMW DNA Isolation (per sample),543492,Dr. William Murphy,Principal Investigator,"Murphy, William (TAMU) Lab",Veterinary Integrative Biosciences (VIBS),Texas A&M University,PacBio-Revio HiFi Whole Genome library prep,,0638,WSGI,completed,billing_initialized,each,500,9/8/25 11:36,9/8/25 11:36,2/20/26 11:08,2/20/26 12:24,2/21/26 03:00,2/20/26 23:59,jun Fan,Molecular Genomics Workspace,MGW-5720423,,,,,66611893,No status set,,Uncategorized - New in Progress,N/A,,,,,,3986
MGW-DWM-5234,Monarch (NEB) HMW DNA Isolation (per sample),543493,Dr. William Murphy,Principal Investigator,"Murphy, William (TAMU) Lab",Veterinary Integrative Biosciences (VIBS),Texas A&M University,PacBio-Revio SMRTcell sequencing,,0638,WSGI,completed,billing_initialized,each,2100,9/8/25 11:36,9/8/25 11:36,2/20/26 11:08,2/20/26 12:24,2/21/26 03:00,2/20/26 23:59,jun Fan,Molecular Genomics Workspace,MGW-5720423,,,,,66611896,No status set,,Uncategorized - New in Progress,N/A,,,,,,3986
MGW-DWM-5223,PacBio-RNA iso seq library ,547907,Dr. William Murphy,Principal Investigator,"Murphy, William (TAMU) Lab",Veterinary Integrative Biosciences (VIBS),Texas A&M University,PacBio-RNA iso seq library -sample add on,,0638,WSGI,completed,billing_initialized,each,500,9/8/25 14:08,9/8/25 14:08,11/24/25 10:25,11/25/25 10:28,11/26/25 03:00,11/25/25 23:59,jun Fan,Molecular Genomics Workspace,MGW-5554524,,,,,66619956,No status set,,Uncategorized - New in Progress,N/A,,,,,,3986
MGW-DWM-5259,Illumina DNA Tagmentation Library Prep (per sample),367936,Dr. William Murphy,Principal Investigator,"Murphy, William (TAMU) Lab",Veterinary Integrative Biosciences (VIBS),Texas A&M University,Illumina DNA Tagmentation Library Prep (per sample),,0638,WSGI,completed,billing_initialized,each,828,9/24/25 15:53,9/24/25 15:53,1/28/26 10:23,1/28/26 11:03,1/29/26 03:00,1/28/26 23:59,jun Fan,Molecular Genomics Workspace,MGW-5668379,,,,,67028249,No status set,,Full Service - DNA Library Preparation (Illumina NGS),N/A,,,,,,3986
MGW-DWM-5259,Illumina DNA Tagmentation Library Prep (per sample),510407,Dr. William Murphy,Principal Investigator,"Murphy, William (TAMU) Lab",Veterinary Integrative Biosciences (VIBS),Texas A&M University,MasterPure Complete DNA Isolation (per sample),,0638,WSGI,completed,billing_initialized,each,69,9/24/25 15:54,9/24/25 15:54,1/28/26 10:23,1/28/26 11:03,1/29/26 03:00,1/28/26 23:59,jun Fan,Molecular Genomics Workspace,MGW-5668379,,,,,67028284,No status set,,Full Service - DNA/RNA isolation,N/A,,,,,,3986
MGW-DWM-5259,Illumina DNA Tagmentation Library Prep (per sample),504480,Dr. William Murphy,Principal Investigator,"Murphy, William (TAMU) Lab",Veterinary Integrative Biosciences (VIBS),Texas A&M University,QC DNA (per sample),,0638,WSGI,completed,billing_initialized,each,40,9/24/25 15:54,9/24/25 15:54,1/28/26 10:23,1/28/26 11:03,1/29/26 03:00,1/28/26 23:59,jun Fan,Molecular Genomics Workspace,MGW-5668379,,,,,67028286,No status set,,Full Service - DNA/RNA QC,N/A,,,,,,3986
MGW-DWM-5259,Illumina DNA Tagmentation Library Prep (per sample),537767,Dr. William Murphy,Principal Investigator,"Murphy, William (TAMU) Lab",Veterinary Integrative Biosciences (VIBS),Texas A&M University,"Sequencing - NovaSeq X Plus (AGBS), 25B, per Lane, 2x150 PE",,0638,WSGI,completed,billing_initialized,each,6094,9/24/25 15:55,9/24/25 15:55,1/28/26 10:23,1/28/26 11:03,1/29/26 03:00,1/28/26 23:59,jun Fan,Molecular Genomics Workspace,MGW-5668379,,,,,67028295,No status set,,Full Service - Sequencing (NovaSeq),N/A,,,,,,3986
MGW-DWM-5085,Monarch (NEB) HMW DNA Isolation (per sample),539475,Dr. William Murphy,Principal Investigator,"Murphy, William (TAMU) Lab",Veterinary Integrative Biosciences (VIBS),Texas A&M University,Monarch (NEB) HMW DNA Isolation (per sample),"LxD97, LxT3, LCO2, CCA21, AJU981 have been completed and will be charged this month",0638,WSGI,completed,billing_initialized,each,5900,9/29/25 10:13,9/29/25 10:13,9/29/25 10:17,9/29/25 16:12,9/30/25 03:00,9/29/25 23:59,Paola Galvan,Molecular Genomics Workspace,MGW-5434252,,,,,67113032,No status set,,Full Service - Oxford Nanopore Library Prep & Sequencing,N/A,,,,,,3986
MGW-DWM-5085,Monarch (NEB) HMW DNA Isolation (per sample),539477,Dr. William Murphy,Principal Investigator,"Murphy, William (TAMU) Lab",Veterinary Integrative Biosciences (VIBS),Texas A&M University,Oxford Nanopore Ultra-long DNA Library Prep (per sample),"LxD97, LxT3, LCO2, CCA21, AJU981 have been completed and will be charged this month",0638,WSGI,completed,billing_initialized,each,5700,9/29/25 10:13,9/29/25 10:13,9/29/25 10:17,9/29/25 16:12,9/30/25 03:00,9/29/25 23:59,Paola Galvan,Molecular Genomics Workspace,MGW-5434252,,,,,67113053,No status set,,Full Service - Oxford Nanopore Library Prep & Sequencing,N/A,,,,,,3986
MGW-DWM-5085,Monarch (NEB) HMW DNA Isolation (per sample),529101,Dr. William Murphy,Principal Investigator,"Murphy, William (TAMU) Lab",Veterinary Integrative Biosciences (VIBS),Texas A&M University,"PromethION Flow Cell R10.4.1 (per flow cell, 13 or more  flow cells)","LxD97, LxT3, LCO2, CCA21, AJU981 have been completed and will be charged this month",0638,WSGI,completed,billing_initialized,each,20600,9/29/25 10:13,9/29/25 10:13,9/29/25 10:17,9/29/25 16:12,9/30/25 03:00,9/29/25 23:59,Paola Galvan,Molecular Genomics Workspace,MGW-5434252,,,,,67113063,No status set,,Full Service - Oxford Nanopore Library Prep & Sequencing,N/A,,,,,,3986
MGW-DWM-5155,Monarch (NEB) HMW DNA Isolation (per sample),539475,Dr. William Murphy,Principal Investigator,"Murphy, William (TAMU) Lab",Veterinary Integrative Biosciences (VIBS),Texas A&M University,Monarch (NEB) HMW DNA Isolation (per sample),LxT3 needed extra two flow cells,0638,WSGI,completed,billing_initialized,each,590,9/29/25 10:18,9/29/25 10:18,9/29/25 10:22,9/29/25 16:12,9/30/25 03:00,9/29/25 23:59,Paola Galvan,Molecular Genomics Workspace,MGW-5434252,,,,,67113688,No status set,,Full Service - Oxford Nanopore Library Prep & Sequencing,N/A,,,,,,3986
MGW-DWM-5155,Monarch (NEB) HMW DNA Isolation (per sample),539477,Dr. William Murphy,Principal Investigator,"Murphy, William (TAMU) Lab",Veterinary Integrative Biosciences (VIBS),Texas A&M University,Oxford Nanopore Ultra-long DNA Library Prep (per sample),LxT3 needed extra two flow cells,0638,WSGI,completed,billing_initialized,each,570,9/29/25 10:18,9/29/25 10:18,9/29/25 10:22,9/29/25 16:12,9/30/25 03:00,9/29/25 23:59,Paola Galvan,Molecular Genomics Workspace,MGW-5434252,,,,,67113692,No status set,,Full Service - Oxford Nanopore Library Prep & Sequencing,N/A,,,,,,3986
MGW-DWM-5155,Monarch (NEB) HMW DNA Isolation (per sample),529101,Dr. William Murphy,Principal Investigator,"Murphy, William (TAMU) Lab",Veterinary Integrative Biosciences (VIBS),Texas A&M University,"PromethION Flow Cell R10.4.1 (per flow cell, 13 or more  flow cells)",LxT3 needed extra two flow cells,0638,WSGI,completed,billing_initialized,each,2060,9/29/25 10:19,9/29/25 10:19,9/29/25 10:22,9/29/25 16:12,9/30/25 03:00,9/29/25 23:59,Paola Galvan,Molecular Genomics Workspace,MGW-5434252,,,,,67113701,No status set,,Full Service - Oxford Nanopore Library Prep & Sequencing,N/A,,,,,,3986
MGW-DWM-5287,PacBio-Revio HiFi Whole Genome library prep,543492,Dr. William Murphy,Principal Investigator,"Murphy, William (TAMU) Lab",Veterinary Integrative Biosciences (VIBS),Texas A&M University,PacBio-Revio HiFi Whole Genome library prep,"There is amplification step involved in Ampli-Fi protocol, extra $10/per sample charge for reagents and consumables.",0638,WSGI,completed,billing_initialized,each,510,10/10/25 15:36,10/10/25 15:36,2/20/26 11:09,2/20/26 12:25,2/21/26 03:00,2/20/26 23:59,jun Fan,Molecular Genomics Workspace,MGW-5720428,,,,,67488253,No status set,,Uncategorized - New in Progress,N/A,,,,,,3986
MGW-DWM-5287,PacBio-Revio HiFi Whole Genome library prep,543493,Dr. William Murphy,Principal Investigator,"Murphy, William (TAMU) Lab",Veterinary Integrative Biosciences (VIBS),Texas A&M University,PacBio-Revio SMRTcell sequencing,,0638,WSGI,completed,billing_initialized,each,1400,10/10/25 15:37,10/10/25 15:37,2/20/26 11:09,2/20/26 12:25,2/21/26 03:00,2/20/26 23:59,jun Fan,Molecular Genomics Workspace,MGW-5720428,,,,,67488301,No status set,,Uncategorized - New in Progress,N/A,,,,,,3986
MGW-DWM-5287,PacBio-Revio HiFi Whole Genome library prep,335709,Dr. William Murphy,Principal Investigator,"Murphy, William (TAMU) Lab",Veterinary Integrative Biosciences (VIBS),Texas A&M University,Molecular Biology Lab Work (per hour),,0638,WSGI,completed,billing_initialized,each,45,10/10/25 15:38,10/10/25 15:38,2/20/26 11:09,2/20/26 12:25,2/21/26 03:00,2/20/26 23:59,jun Fan,Molecular Genomics Workspace,MGW-5720428,,,,,67488404,No status set,,Full Service - Additional Fees,N/A,,,,,,3986
MGW-DD-5472,Project Request,566152,Dylan DeBaun,Graduate Student,"Burbrink, Frank (AMNH) Lab",,American Museum of Natural History,HiC library preparation,,0638,WSGI,completed,billing_initialized,each,751.84,3/9/26 12:24,3/9/26 12:24,6/25/26 11:08,7/7/26 09:51,7/8/26 03:00,7/31/26 23:59,jun Fan,Molecular Genomics Workspace,MGW-6003022,,,,,71049751,No status set,,DNA Library Preparation - Consumables,N/A,,,,,,3986
MGW-DD-5472,Project Request,561152,Dylan DeBaun,Graduate Student,"Burbrink, Frank (AMNH) Lab",,American Museum of Natural History,QC Core-prepared Library,,0638,WSGI,completed,billing_initialized,each,15.55,3/9/26 12:25,3/9/26 12:25,6/25/26 11:08,7/7/26 09:51,7/8/26 03:00,7/31/26 23:59,jun Fan,Molecular Genomics Workspace,MGW-6003022,,,,,71049786,No status set,,QC - Consumables,N/A,,,,,,3986
MGW-DD-5472,Project Request,559373,Dylan DeBaun,Graduate Student,"Burbrink, Frank (AMNH) Lab",,American Museum of Natural History,4200 TapeStation,,0638,WSGI,completed,billing_initialized,hour,5.46,3/9/26 12:26,3/9/26 12:26,6/25/26 11:08,7/7/26 09:51,7/8/26 03:00,7/31/26 23:59,jun Fan,Molecular Genomics Workspace,MGW-6003022,,,,,71049819,No status set,,Instrument Charges,N/A,,,,,,3986
MGW-DD-5472,Project Request,559377,Dylan DeBaun,Graduate Student,"Burbrink, Frank (AMNH) Lab",,American Museum of Natural History,Laboratory Technician,,0638,WSGI,completed,billing_initialized,hour,885,3/9/26 12:26,3/9/26 12:26,6/25/26 11:08,7/7/26 09:51,7/8/26 03:00,7/31/26 23:59,jun Fan,Molecular Genomics Workspace,MGW-6003022,,,,,71049822,No status set,,Laboratory Technician,N/A,,,,,,3986
MGW-DM-5282,Countess Assay (full service; per sample),529020,Dylan McCreedy,Principal Investigator,"McCreedy, Dylan (TAMU) Lab",Biology,Texas A&M University,Sequencing - P4-XLEAP - 100 cycle (~1.8B reads),,0638,WSGI,completed,billing_initialized,each,3180,10/17/25 16:24,10/17/25 16:24,2/20/26 11:18,2/20/26 12:25,2/21/26 03:00,2/20/26 23:59,Sarah Sharpton,Molecular Genomics Workspace,MGW-5720429,,,,,67640278,No status set,,Full Service - Sequencing (NextSeq 2000),N/A,,,,,,3986
MGW-DM-5601,Project Request,561253,Dylan McCreedy,Principal Investigator,"McCreedy, Dylan (TAMU) Lab",Biology,Texas A&M University,NextSeq 2000 P3 XLEAP-SBS Reagent Kit (100 cycles) - Consumables,,0638,WSGI,completed,billing_initialized,each,2565.2,6/15/26 15:53,6/15/26 15:53,8/17/26 10:47,8/24/26 15:43,8/25/26 03:05,8/24/26 23:59,jun Fan,Molecular Genomics Workspace,MGW-6084208,,,,,73507888,No status set,,Sequencing (NextSeq 2000) - Consumables,N/A,,,,,,3986
MGW-DM-5601,Project Request,559371,Dylan McCreedy,Principal Investigator,"McCreedy, Dylan (TAMU) Lab",Biology,Texas A&M University,NextSeq 2000 Sequencing System (S/N VH00580),,0638,WSGI,completed,billing_initialized,each,250,6/15/26 15:54,6/15/26 15:54,8/17/26 10:47,8/24/26 15:43,8/25/26 03:05,8/24/26 23:59,jun Fan,Molecular Genomics Workspace,MGW-6084208,,,,,73507902,No status set,,Instrument Charges,N/A,,,,,,3986
MGW-DM-5601,Project Request,559377,Dylan McCreedy,Principal Investigator,"McCreedy, Dylan (TAMU) Lab",Biology,Texas A&M University,Laboratory Technician,,0638,WSGI,completed,billing_initialized,hour,300,6/15/26 15:54,6/15/26 15:54,8/17/26 10:47,8/24/26 15:43,8/25/26 03:05,8/24/26 23:59,jun Fan,Molecular Genomics Workspace,MGW-6084208,,,,,73507924,No status set,,Laboratory Technician,N/A,,,,,,3986
MGW-DM-5601,Project Request,561181,Dylan McCreedy,Principal Investigator,"McCreedy, Dylan (TAMU) Lab",Biology,Texas A&M University,Single Cell QC Trypan Blue - Consumables ,,0638,WSGI,completed,billing_initialized,each,6.77,6/16/26 12:40,6/16/26 12:40,8/17/26 10:47,8/24/26 15:43,8/25/26 03:05,8/24/26 23:59,Sarah Sharpton,Molecular Genomics Workspace,MGW-6084208,,,,,73530530,No status set,,Single Cell-Visuim QC-Isolation - Consumables,N/A,,,,,,3986
MGW-DM-5601,Project Request,561276,Dylan McCreedy,Principal Investigator,"McCreedy, Dylan (TAMU) Lab",Biology,Texas A&M University,Customer Provided Kit - Chromium Fixed RNA GEM-X Flex Gene Expression - Consumables,,0638,WSGI,completed,billing_initialized,each,120,6/16/26 12:41,6/16/26 12:41,8/17/26 10:47,8/24/26 15:43,8/25/26 03:05,8/24/26 23:59,Sarah Sharpton,Molecular Genomics Workspace,MGW-6084208,,,,,73530660,No status set,,Single Cell Library Preparation - Consumables,N/A,,,,,,3986
MGW-DM-5601,Project Request,561152,Dylan McCreedy,Principal Investigator,"McCreedy, Dylan (TAMU) Lab",Biology,Texas A&M University,QC Core-prepared Library - Consumables,,0638,WSGI,completed,billing_initialized,each,15.55,6/16/26 12:42,6/16/26 12:42,8/17/26 10:47,8/24/26 15:43,8/25/26 03:05,8/24/26 23:59,Sarah Sharpton,Molecular Genomics Workspace,MGW-6084208,,,,,73530746,No status set,,QC - Consumables,N/A,,,,,,3986
MGW-ER-5526,Training Request,561949,Elliott Runyan,,"Dong, Juan (TAMU) Lab",,Texas A&M University,HS D5000 ladder (1-4 samples) - Consumables,,0638,WSGI,completed,billing_initialized,each,21.35,5/20/26 11:48,5/20/26 11:48,5/21/26 10:08,5/27/26 16:32,5/28/26 03:00,5/27/26 23:59,Paola Galvan,Molecular Genomics Workspace,MGW-5910831,,,,,72875984,No status set,,Self Service - TapeStation/Bioanalyzer,N/A,,,,,,3986
MGW-ER-5526,Training Request,297790,Elliott Runyan,,"Dong, Juan (TAMU) Lab",,Texas A&M University,DNA HS D5000 Usage (per sample) - Consumables,,0638,WSGI,completed,billing_initialized,each,75.2,5/20/26 11:48,5/20/26 11:48,5/21/26 10:08,5/27/26 16:32,5/28/26 03:00,5/27/26 23:59,Paola Galvan,Molecular Genomics Workspace,MGW-5910831,,,,,72875992,No status set,,Self Service - TapeStation/Bioanalyzer,N/A,,,,,,3986
MGW-ER-5526,Training Request,559373,Elliott Runyan,,"Dong, Juan (TAMU) Lab",,Texas A&M University,4200 TapeStation,,0638,WSGI,completed,billing_initialized,hour,9.6,5/20/26 11:49,5/20/26 11:49,5/21/26 10:08,5/27/26 16:32,5/28/26 03:00,5/27/26 23:59,Paola Galvan,Molecular Genomics Workspace,MGW-5910831,,,,,72876072,No status set,,Instrument Charges,N/A,,,,,,3986
MGW-ER-5526,Training Request,559377,Elliott Runyan,,"Dong, Juan (TAMU) Lab",,Texas A&M University,Laboratory Technician,,0638,WSGI,completed,billing_initialized,hour,25,5/20/26 11:49,5/20/26 11:49,5/21/26 10:08,5/27/26 16:32,5/28/26 03:00,5/27/26 23:59,Paola Galvan,Molecular Genomics Workspace,MGW-5910831,,,,,72876080,No status set,,Laboratory Technician,N/A,,,,,,3986
MGW-ER-5710,Equipment Scheduling,297790,Elliott Runyan,,"Dong, Juan (TAMU) Lab",,Texas A&M University,DNA HS D5000 Usage (per sample) - Consumables,,0638,WSGI,completed,billing_initialized,each,150.4,8/12/26 16:06,8/13/26 09:55,8/20/26 12:14,8/24/26 15:43,8/25/26 03:05,8/24/26 23:59,Elliott Runyan,Molecular Genomics Workspace,MGW-6084222,,,,,74947399,No status set,,Self Service - TapeStation/Bioanalyzer,N/A,,,,,,3986
MGW-ER-5710,Equipment Scheduling,561950,Elliott Runyan,,"Dong, Juan (TAMU) Lab",,Texas A&M University,HS D5000 ladder (5-20 samples) - Consumables,,0638,WSGI,completed,billing_initialized,each,39.4,8/12/26 18:32,8/13/26 09:55,8/20/26 12:14,8/24/26 15:43,8/25/26 03:05,8/24/26 23:59,Elliott Runyan,Molecular Genomics Workspace,MGW-6084222,,,,,74949997,No status set,,Self Service - TapeStation/Bioanalyzer,N/A,,,,,,3986
MGW-ER-5710,Equipment Scheduling,297790,Elliott Runyan,,"Dong, Juan (TAMU) Lab",,Texas A&M University,DNA HS D5000 Usage (per sample) - Consumables,,0638,WSGI,completed,billing_initialized,each,150.4,8/14/26 13:56,8/14/26 14:16,8/20/26 12:14,8/24/26 15:43,8/25/26 03:05,8/24/26 23:59,Elliott Runyan,Molecular Genomics Workspace,MGW-6084222,,,,,75002465,No status set,,Self Service - TapeStation/Bioanalyzer,N/A,,,,,,3986
MGW-ER-5710,Equipment Scheduling,561950,Elliott Runyan,,"Dong, Juan (TAMU) Lab",,Texas A&M University,HS D5000 ladder (5-20 samples) - Consumables,,0638,WSGI,completed,billing_initialized,each,39.4,8/14/26 13:56,8/14/26 14:16,8/20/26 12:14,8/24/26 15:43,8/25/26 03:05,8/24/26 23:59,Elliott Runyan,Molecular Genomics Workspace,MGW-6084222,,,,,75002468,No status set,,Self Service - TapeStation/Bioanalyzer,N/A,,,,,,3986
MGW-ER-5710,Equipment Scheduling,295966,Elliott Runyan,,"Dong, Juan (TAMU) Lab",,Texas A&M University,"Tape Station (Agilent) (Tape Station (Agilent)) | Thursday, August 13",,0638,WSGI,completed,billing_initialized,hour,16,8/20/26 12:14,8/13/26 09:55,8/20/26 12:14,8/24/26 15:43,8/25/26 03:05,8/24/26 23:59,Paola Galvan,Molecular Genomics Workspace,MGW-6084222,,,,,75111945,No status set,,Molecular Biology,Self-Use,,,,,,3986
MGW-ER-5710,Equipment Scheduling,295966,Elliott Runyan,,"Dong, Juan (TAMU) Lab",,Texas A&M University,"Tape Station (Agilent) (Tape Station (Agilent)) | Friday, August 14",,0638,WSGI,completed,billing_initialized,hour,18,8/20/26 12:14,8/14/26 14:16,8/20/26 12:14,8/24/26 15:43,8/25/26 03:05,8/24/26 23:59,Paola Galvan,Molecular Genomics Workspace,MGW-6084222,,,,,75111952,No status set,,Molecular Biology,Self-Use,,,,,,3986
MGW-EP-5484,Training Request,292897,Emilie Petrich,,"Gill, Clare (TAMU) Lab",,Texas A&M University,DNA/RNA Qubit Usage (per sample) ,,0638,WSGI,completed,billing_initialized,each,16,3/25/26 12:11,3/25/26 12:11,3/27/26 16:18,4/24/26 16:21,4/25/26 03:00,4/24/26 23:59,Paola Galvan,Molecular Genomics Workspace,MGW-5846987,,,,,71436477,No status set,,Self Service - Qubit,N/A,,,,,,3986
MGW-EP-5484,Training Request,559377,Emilie Petrich,,"Gill, Clare (TAMU) Lab",,Texas A&M University,Laboratory Technician,,0638,WSGI,completed,billing_initialized,hour,25,3/25/26 12:11,3/25/26 12:11,3/27/26 16:18,4/24/26 16:21,4/25/26 03:00,4/24/26 23:59,Paola Galvan,Molecular Genomics Workspace,MGW-5846987,,,,,71436487,No status set,,Laboratory Technician,N/A,,,,,,3986
MGW-EP-5669,Equipment Scheduling,292897,Emilie Petrich,,"Gill, Clare (TAMU) Lab",,Texas A&M University,DNA/RNA Qubit Usage (per sample) - Consumables,,0638,WSGI,completed,billing_initialized,each,132,7/15/26 16:16,7/20/26 12:14,7/27/26 13:02,7/27/26 14:09,7/28/26 03:05,7/27/26 23:59,Emilie Petrich,Molecular Genomics Workspace,MGW-6028630,,,,,74247653,No status set,,Self Service - Qubit,N/A,,,,,,3986
MGW-EP-5669,Equipment Scheduling,292907,Emilie Petrich,,"Gill, Clare (TAMU) Lab",,Texas A&M University,"Qubit Fluorometer (Life Technologies) (Qubit Fluorometer (Life Technologies)) | Monday, July 20",,0638,WSGI,completed,billing_initialized,hour,0,7/27/26 13:02,7/20/26 12:14,7/27/26 13:02,7/27/26 14:09,7/28/26 03:05,7/27/26 23:59,Paola Galvan,Molecular Genomics Workspace,MGW-6028630,,,,,74479765,No status set,,Molecular Biology,Self-Use,,,,,,3986
MGW-ES-5467,Project Request,561245,Emma Saso,Graduate Student,"Logan, Cheryl (CSUMB) Lab",,California State University Monterey Bay,NextSeq 2000 P2 XLEAP-SBS Reagent Kit (100 cycles),,0638,WSGI,completed,billing_initialized,each,1201.2,3/4/26 13:17,3/4/26 13:17,3/25/26 14:26,3/26/26 14:02,3/27/26 03:00,3/26/26 23:59,jun Fan,Molecular Genomics Workspace,MGW-5788683,,,,,70938767,No status set,,Sequencing (NextSeq 2000) - Consumables,N/A,,,,,,3986
MGW-ES-5467,Project Request,559371,Emma Saso,Graduate Student,"Logan, Cheryl (CSUMB) Lab",,California State University Monterey Bay,NextSeq 2000 Sequencing System (S/N VH00580),,0638,WSGI,completed,billing_initialized,each,315,3/4/26 13:18,3/4/26 13:18,3/25/26 14:26,3/26/26 14:02,3/27/26 03:00,3/26/26 23:59,jun Fan,Molecular Genomics Workspace,MGW-5788683,,,,,70938804,No status set,,Instrument Charges,N/A,,,,,,3986
MGW-ES-5467,Project Request,559376,Emma Saso,Graduate Student,"Logan, Cheryl (CSUMB) Lab",,California State University Monterey Bay,Consumables,The reagent charge is for client made library QC.,0638,WSGI,completed,billing_initialized,each,360,3/5/26 15:37,3/5/26 15:37,3/25/26 14:26,3/26/26 14:02,3/27/26 03:00,3/26/26 23:59,jun Fan,Molecular Genomics Workspace,MGW-5788683,,,,,70988402,No status set,,Consumables,N/A,,,,,,3986
MGW-ES-5556,Project Request,561151,Emma Saso,Graduate Student,"Logan, Cheryl (CSUMB) Lab",,California State University Monterey Bay,QC RNA,,0638,WSGI,proposed,not_ready_to_bill,each,26.55,5/1/26 15:59,5/1/26 15:59,,n/a,n/a,n/a,jun Fan,Molecular Genomics Workspace,no invoice,,,,,72441127,No status set,,QC - Consumables,N/A,,,,,,3986
MGW-ES-5556,Project Request,561156,Emma Saso,Graduate Student,"Logan, Cheryl (CSUMB) Lab",,California State University Monterey Bay,QC Femto Pluse,,0638,WSGI,proposed,not_ready_to_bill,each,81.62,5/1/26 15:59,5/1/26 15:59,,n/a,n/a,n/a,jun Fan,Molecular Genomics Workspace,no invoice,,,,,72441133,No status set,,QC - Consumables,N/A,,,,,,3986
MGW-ES-5556,Project Request,570519,Emma Saso,Graduate Student,"Logan, Cheryl (CSUMB) Lab",,California State University Monterey Bay,PacBio-ABC only,,0638,WSGI,proposed,not_ready_to_bill,each,96,5/1/26 16:00,5/1/26 16:00,,n/a,n/a,n/a,jun Fan,Molecular Genomics Workspace,no invoice,,,,,72441155,No status set,,PacBio Consumables,N/A,,,,,,3986
MGW-ES-5556,Project Request,563404,Emma Saso,Graduate Student,"Logan, Cheryl (CSUMB) Lab",,California State University Monterey Bay,PacBio-Revio SMRTcell sequencing ,,0638,WSGI,proposed,not_ready_to_bill,each,1090,5/1/26 16:00,5/1/26 16:00,,n/a,n/a,n/a,jun Fan,Molecular Genomics Workspace,no invoice,,,,,72441163,No status set,,PacBio Consumables,N/A,,,,,,3986
MGW-ES-5556,Project Request,570518,Emma Saso,Graduate Student,"Logan, Cheryl (CSUMB) Lab",,California State University Monterey Bay,PacBio-RNA iso seq library ,,0638,WSGI,proposed,not_ready_to_bill,each,360,5/1/26 16:00,5/1/26 16:00,,n/a,n/a,n/a,jun Fan,Molecular Genomics Workspace,no invoice,,,,,72441169,No status set,,PacBio Consumables,N/A,,,,,,3986
MGW-ES-5556,Project Request,559377,Emma Saso,Graduate Student,"Logan, Cheryl (CSUMB) Lab",,California State University Monterey Bay,Laboratory Technician,,0638,WSGI,proposed,not_ready_to_bill,hour,413,5/1/26 16:00,5/1/26 16:00,,n/a,n/a,n/a,jun Fan,Molecular Genomics Workspace,no invoice,,,,,72441218,No status set,,Laboratory Technician,N/A,,,,,,3986
MGW-ES-5556,Project Request,563414,Emma Saso,Graduate Student,"Logan, Cheryl (CSUMB) Lab",,California State University Monterey Bay,Femto Pulse ,,0638,WSGI,proposed,not_ready_to_bill,each,7.5,5/1/26 16:01,5/1/26 16:01,,n/a,n/a,n/a,jun Fan,Molecular Genomics Workspace,no invoice,,,,,72441237,No status set,,Instrument Charges,N/A,,,,,,3986
MGW-ES-5556,Project Request,559381,Emma Saso,Graduate Student,"Logan, Cheryl (CSUMB) Lab",,California State University Monterey Bay,PacBio Revio,"The charge is for Revio operation at $145 per hour for four SMRT Cells, with a typical run time of 24 hours. One SMRT Cell run is charged as 6 hours.",0638,WSGI,proposed,not_ready_to_bill,hour,870,5/1/26 16:01,5/1/26 16:01,,n/a,n/a,n/a,jun Fan,Molecular Genomics Workspace,no invoice,,,,,72441246,No status set,,Instrument Charges,N/A,,,,,,3986
MGW-ES-5572,Project Request,561151,Emma Saso,Graduate Student,"Logan, Cheryl (CSUMB) Lab",,California State University Monterey Bay,QC RNA - Consumables,,0638,WSGI,proposed,not_ready_to_bill,each,1062,5/14/26 21:14,5/14/26 21:14,,n/a,n/a,n/a,jun Fan,Molecular Genomics Workspace,no invoice,,,,,72772604,No status set,,QC - Consumables,N/A,,,,,,3986
MGW-ES-5572,Project Request,561152,Emma Saso,Graduate Student,"Logan, Cheryl (CSUMB) Lab",,California State University Monterey Bay,QC Core-prepared Library - Consumables,,0638,WSGI,proposed,not_ready_to_bill,each,1866,5/14/26 21:14,5/14/26 21:14,,n/a,n/a,n/a,jun Fan,Molecular Genomics Workspace,no invoice,,,,,72772605,No status set,,QC - Consumables,N/A,,,,,,3986
MGW-ES-5572,Project Request,559377,Emma Saso,Graduate Student,"Logan, Cheryl (CSUMB) Lab",,California State University Monterey Bay,Laboratory Technician,,0638,WSGI,proposed,not_ready_to_bill,hour,1416,5/14/26 21:14,5/14/26 21:14,,n/a,n/a,n/a,jun Fan,Molecular Genomics Workspace,no invoice,,,,,72772606,No status set,,Laboratory Technician,N/A,,,,,,3986
MGW-ES-5572,Project Request,564573,Emma Saso,Graduate Student,"Logan, Cheryl (CSUMB) Lab",,California State University Monterey Bay,Wathmaker mRNAseq library - Consumables,,0638,WSGI,proposed,not_ready_to_bill,each,6435.6,5/14/26 21:14,5/14/26 21:14,,n/a,n/a,n/a,jun Fan,Molecular Genomics Workspace,no invoice,,,,,72772607,No status set,,RNA Library Preparation - Consumables,N/A,,,,,,3986
MGW-ES-5572,Project Request,559373,Emma Saso,Graduate Student,"Logan, Cheryl (CSUMB) Lab",,California State University Monterey Bay,4200 TapeStation,,0638,WSGI,proposed,not_ready_to_bill,hour,436.8,5/14/26 21:14,5/14/26 21:14,,n/a,n/a,n/a,jun Fan,Molecular Genomics Workspace,no invoice,,,,,72772608,No status set,,Instrument Charges,N/A,,,,,,3986
MGW-ES-5572,Project Request,559376,Emma Saso,Graduate Student,"Logan, Cheryl (CSUMB) Lab",,California State University Monterey Bay,Consumables,The charge is for sequencing on two lanes of a single NovaSeq 10B flow cell.,0638,WSGI,proposed,not_ready_to_bill,each,2934,5/14/26 21:15,5/14/26 21:15,,n/a,n/a,n/a,jun Fan,Molecular Genomics Workspace,no invoice,,,,,72772609,No status set,,Consumables,N/A,,,,,,3986
MGW-EO-5649,Equipment Scheduling,297786,Emmanuel Osei-Frempong,,"Hagler, Lauren (TAMU) Lab",,Texas A&M University,Genomic  DNA Usage (per sample) - Consumables,,0638,WSGI,completed,billing_initialized,each,54.4,6/25/26 13:18,6/25/26 13:28,7/27/26 12:48,7/27/26 14:09,7/28/26 03:05,7/27/26 23:59,Emmanuel Osei-Frempong,Molecular Genomics Workspace,MGW-6028620,,,,,73740332,No status set,,Self Service - TapeStation/Bioanalyzer,N/A,,,,,,3986
MGW-EO-5649,Equipment Scheduling,295966,Emmanuel Osei-Frempong,,"Hagler, Lauren (TAMU) Lab",,Texas A&M University,"Tape Station (Agilent) (Tape Station (Agilent)) | Thursday, June 25",,0638,WSGI,completed,billing_initialized,hour,14,7/27/26 12:48,6/25/26 13:28,7/27/26 12:48,7/27/26 14:09,7/28/26 03:05,7/27/26 23:59,Paola Galvan,Molecular Genomics Workspace,MGW-6028620,,,,,74479039,No status set,,Molecular Biology,Self-Use,,,,,,3986
MGW-EM-5264,Equipment Scheduling,297786,EnsiyehSadat Mirsadoughi,Student,"Mabbott, Samuel (TAMU) Lab",Biomedical Engineering,Texas A&M University,Genomic  DNA Usage (per sample),,0638,WSGI,completed,billing_initialized,each,30.4,9/9/25 14:32,9/9/25 14:31,9/26/25 13:23,9/29/25 16:12,9/30/25 03:00,9/29/25 23:59,EnsiyehSadat Mirsadoughi,Molecular Genomics Workspace,MGW-5434226,,,,,66656401,No status set,,Self Service - TapeStation/Bioanalyzer,N/A,,,,,,3986
MGW-EM-5264,Equipment Scheduling,297786,EnsiyehSadat Mirsadoughi,Student,"Mabbott, Samuel (TAMU) Lab",Biomedical Engineering,Texas A&M University,Genomic  DNA Usage (per sample),,0638,WSGI,completed,billing_initialized,each,30.4,9/9/25 15:08,9/9/25 14:31,9/26/25 13:23,9/29/25 16:12,9/30/25 03:00,9/29/25 23:59,Paola Galvan,Molecular Genomics Workspace,MGW-5434226,,,,,66658065,No status set,,Self Service - TapeStation/Bioanalyzer,N/A,,,,,,3986
MGW-EM-5264,Equipment Scheduling,297786,EnsiyehSadat Mirsadoughi,Student,"Mabbott, Samuel (TAMU) Lab",Biomedical Engineering,Texas A&M University,Genomic  DNA Usage (per sample),,0638,WSGI,completed,billing_initialized,each,15.2,9/9/25 15:38,9/9/25 14:31,9/26/25 13:23,9/29/25 16:12,9/30/25 03:00,9/29/25 23:59,EnsiyehSadat Mirsadoughi,Molecular Genomics Workspace,MGW-5434226,,,,,66660090,No status set,,Self Service - TapeStation/Bioanalyzer,N/A,,,,,,3986
MGW-EM-5264,Equipment Scheduling,295966,EnsiyehSadat Mirsadoughi,Student,"Mabbott, Samuel (TAMU) Lab",Biomedical Engineering,Texas A&M University,"Tape Station (Agilent) (Tape Station (Agilent)) | Tuesday, September 09",,0638,WSGI,completed,billing_initialized,hour,0,9/26/25 13:23,9/9/25 14:31,9/26/25 13:23,9/29/25 16:12,9/30/25 03:00,9/29/25 23:59,Paola Galvan,Molecular Genomics Workspace,MGW-5434226,,,,,67081294,No status set,,Molecular Biology,Self-Use,,,,,,3986
MGW-EM-5306,Equipment Scheduling,297789,EnsiyehSadat Mirsadoughi,Student,"Mabbott, Samuel (TAMU) Lab",Biomedical Engineering,Texas A&M University,DNA HS D1000  Usage (per sample),,0638,WSGI,completed,billing_initialized,each,13.5,10/3/25 11:21,10/3/25 11:44,10/27/25 10:05,10/28/25 16:51,10/31/25 03:00,10/28/25 23:59,Paola Galvan,Molecular Genomics Workspace,MGW-5492180,,,,,67296738,No status set,,Self Service - TapeStation/Bioanalyzer,N/A,,,,,,3986
MGW-EM-5306,Equipment Scheduling,295966,EnsiyehSadat Mirsadoughi,Student,"Mabbott, Samuel (TAMU) Lab",Biomedical Engineering,Texas A&M University,"Tape Station (Agilent) (Tape Station (Agilent)) | Friday, October 03",,0638,WSGI,completed,billing_initialized,hour,0,10/27/25 10:05,10/3/25 11:44,10/27/25 10:05,10/28/25 16:51,10/31/25 03:00,10/28/25 23:59,Paola Galvan,Molecular Genomics Workspace,MGW-5492180,,,,,67833501,No status set,,Molecular Biology,Self-Use,,,,,,3986
MGW-EM-5306,Equipment Scheduling,297789,EnsiyehSadat Mirsadoughi,Student,"Mabbott, Samuel (TAMU) Lab",Biomedical Engineering,Texas A&M University,DNA HS D1000  Usage (per sample),,0638,WSGI,completed,billing_initialized,each,20.25,10/27/25 10:20,10/6/25 15:05,10/27/25 10:25,10/28/25 16:51,10/31/25 03:00,10/28/25 23:59,Paola Galvan,Molecular Genomics Workspace,MGW-5492180,,,,,67834666,No status set,,Self Service - TapeStation/Bioanalyzer,N/A,,,,,,3986
MGW-EM-5306,Equipment Scheduling,295966,EnsiyehSadat Mirsadoughi,Student,"Mabbott, Samuel (TAMU) Lab",Biomedical Engineering,Texas A&M University,"Tape Station (Agilent) (Tape Station (Agilent)) | Monday, October 06",,0638,WSGI,completed,billing_initialized,hour,0,10/27/25 10:25,10/6/25 15:05,10/27/25 10:25,10/28/25 16:51,10/31/25 03:00,10/28/25 23:59,Paola Galvan,Molecular Genomics Workspace,MGW-5492180,,,,,67835001,No status set,,Molecular Biology,Self-Use,,,,,,3986
MGW-EM-5531,Equipment Scheduling,297786,EnsiyehSadat Mirsadoughi,Student,"Mabbott, Samuel (TAMU) Lab",Biomedical Engineering,Texas A&M University,Genomic  DNA Usage (per sample),,0638,WSGI,completed,billing_initialized,each,40.8,3/27/26 11:24,3/27/26 10:45,4/23/26 13:23,4/24/26 16:21,4/25/26 03:00,4/24/26 23:59,Paola Galvan,Molecular Genomics Workspace,MGW-5846990,,,,,71498288,No status set,,Self Service - TapeStation/Bioanalyzer,N/A,,,,,,3986
MGW-EM-5535,Equipment Scheduling,297786,EnsiyehSadat Mirsadoughi,Student,"Mabbott, Samuel (TAMU) Lab",Biomedical Engineering,Texas A&M University,Genomic  DNA Usage (per sample),,0638,WSGI,completed,billing_initialized,each,81.6,4/3/26 12:09,4/3/26 12:30,4/23/26 13:29,4/24/26 16:21,4/25/26 03:00,4/24/26 23:59,Paola Galvan,Molecular Genomics Workspace,MGW-5846990,,,,,71727801,No status set,,Self Service - TapeStation/Bioanalyzer,N/A,,,,,,3986
MGW-EM-5535,Equipment Scheduling,297787,EnsiyehSadat Mirsadoughi,Student,"Mabbott, Samuel (TAMU) Lab",Biomedical Engineering,Texas A&M University,DNA D1000 Usage (per sample),,0638,WSGI,completed,billing_initialized,each,16.2,4/8/26 15:27,4/3/26 12:30,4/23/26 13:29,4/24/26 16:21,4/25/26 03:00,4/24/26 23:59,Paola Galvan,Molecular Genomics Workspace,MGW-5846990,,,,,71849522,No status set,,Self Service - TapeStation/Bioanalyzer,N/A,,,,,,3986
MGW-EM-5531,Equipment Scheduling,295966,EnsiyehSadat Mirsadoughi,Student,"Mabbott, Samuel (TAMU) Lab",Biomedical Engineering,Texas A&M University,"Tape Station (Agilent) (Tape Station (Agilent)) | Friday, March 27",,0638,WSGI,completed,billing_initialized,hour,20,4/23/26 13:23,3/27/26 10:45,4/23/26 13:23,4/24/26 16:21,4/25/26 03:00,4/24/26 23:59,Paola Galvan,Molecular Genomics Workspace,MGW-5846990,,,,,72193281,No status set,,Molecular Biology,Self-Use,,,,,,3986
MGW-EM-5535,Equipment Scheduling,295966,EnsiyehSadat Mirsadoughi,Student,"Mabbott, Samuel (TAMU) Lab",Biomedical Engineering,Texas A&M University,"Tape Station (Agilent) (Tape Station (Agilent)) | Friday, April 03",,0638,WSGI,completed,billing_initialized,hour,30,4/23/26 13:29,4/3/26 12:30,4/23/26 13:29,4/24/26 16:21,4/25/26 03:00,4/24/26 23:59,Paola Galvan,Molecular Genomics Workspace,MGW-5846990,,,,,72193556,No status set,,Molecular Biology,Self-Use,,,,,,3986
MGW-EN-5267,Equipment Scheduling,397981,Eun-Gyu No,Research Scientist,"Polymenis, Michael (TAMU) Lab",Biochemistry & Biophysics,Texas A&M University,QX200 ddPCR Usage (per set of 8 samples),,0638,WSGI,completed,billing_initialized,each,176,9/10/25 17:04,9/11/25 14:30,9/26/25 13:25,9/29/25 16:12,9/30/25 03:00,9/29/25 23:59,Eun-Gyu No,Molecular Genomics Workspace,MGW-5434232,,,,,66703437,No status set,,Self Service - QX200 ddPCR,N/A,,,,,,3986
MGW-EN-5267,Equipment Scheduling,397981,Eun-Gyu No,Research Scientist,"Polymenis, Michael (TAMU) Lab",Biochemistry & Biophysics,Texas A&M University,QX200 ddPCR Usage (per set of 8 samples),,0638,WSGI,completed,not_billable,each,0,9/23/25 10:32,9/25/25 13:00,9/26/25 13:32,9/29/25 16:12,9/30/25 03:00,9/29/25 23:59,Eun-Gyu No,Molecular Genomics Workspace,MGW-5434244,Cancellation,,,,66977230,No status set,,Self Service - QX200 ddPCR,N/A,,,,,,3986
MGW-EN-5267,Equipment Scheduling,397981,Eun-Gyu No,Research Scientist,"Polymenis, Michael (TAMU) Lab",Biochemistry & Biophysics,Texas A&M University,QX200 ddPCR Usage (per set of 8 samples),,0638,WSGI,completed,billing_initialized,each,440,9/26/25 11:05,9/29/25 12:54,10/27/25 10:03,10/28/25 16:51,10/31/25 03:00,10/28/25 23:59,Eun-Gyu No,Molecular Genomics Workspace,MGW-5492174,,,,,67074349,No status set,,Self Service - QX200 ddPCR,N/A,,,,,,3986
MGW-EN-5267,Equipment Scheduling,296365,Eun-Gyu No,Research Scientist,"Polymenis, Michael (TAMU) Lab",Biochemistry & Biophysics,Texas A&M University,"QX200 Droplet Digital PCR System (Bio-Rad) (ddPCR system) | Thursday, September 11",,0638,WSGI,completed,billing_initialized,hour,0,9/26/25 13:24,9/11/25 14:30,9/26/25 13:24,9/29/25 16:12,9/30/25 03:00,9/29/25 23:59,Paola Galvan,Molecular Genomics Workspace,MGW-5434232,,,,,67081361,No status set,,Molecular Biology,Self Use,,,,,,3986
MGW-EN-5267,Equipment Scheduling,296365,Eun-Gyu No,Research Scientist,"Polymenis, Michael (TAMU) Lab",Biochemistry & Biophysics,Texas A&M University,"QX200 Droplet Digital PCR System (Bio-Rad) (ddPCR system) | Thursday, September 25 (cancellation)",,0638,WSGI,completed,not_billable,hour,0,9/26/25 13:32,9/25/25 13:00,9/26/25 13:32,9/29/25 16:12,9/30/25 03:00,9/29/25 23:59,Paola Galvan,Molecular Genomics Workspace,MGW-5434244,Cancellation,,,,67081794,No status set,,Molecular Biology,Self Use,,,,,,3986
MGW-EN-5267,Equipment Scheduling,296365,Eun-Gyu No,Research Scientist,"Polymenis, Michael (TAMU) Lab",Biochemistry & Biophysics,Texas A&M University,"QX200 Droplet Digital PCR System (Bio-Rad) (ddPCR system) | Monday, September 29",,0638,WSGI,completed,billing_initialized,hour,0,10/27/25 10:03,9/29/25 12:54,10/27/25 10:03,10/28/25 16:51,10/31/25 03:00,10/28/25 23:59,Paola Galvan,Molecular Genomics Workspace,MGW-5492174,,,,,67833373,No status set,,Molecular Biology,Self Use,,,,,,3986
MGW-EN-5654,Equipment Scheduling,561750,Eun-Gyu No,Research Scientist,"Polymenis, Michael (TAMU) Lab",Biochemistry & Biophysics,Texas A&M University,QX200 ddPCR Usage (3 columns) - Consumables,,0638,WSGI,completed,billing_initialized,each,176.16,7/1/26 19:42,7/2/26 12:04,7/27/26 12:49,7/27/26 14:09,7/28/26 03:05,7/27/26 23:59,Eun-Gyu No,Molecular Genomics Workspace,MGW-6028624,,,,,73942789,No status set,,Self Service - QX200 ddPCR,N/A,,,,,,3986
MGW-EN-5654,Equipment Scheduling,292897,Eun-Gyu No,Research Scientist,"Polymenis, Michael (TAMU) Lab",Biochemistry & Biophysics,Texas A&M University,DNA/RNA Qubit Usage (per sample) - Consumables,,0638,WSGI,completed,billing_initialized,each,40,7/6/26 11:38,7/6/26 13:00,7/27/26 14:04,7/27/26 14:09,7/28/26 03:05,7/27/26 23:59,Eun-Gyu No,Molecular Genomics Workspace,MGW-6028624,,,,,74010828,No status set,,Self Service - Qubit,N/A,,,,,,3986
MGW-EN-5654,Equipment Scheduling,561750,Eun-Gyu No,Research Scientist,"Polymenis, Michael (TAMU) Lab",Biochemistry & Biophysics,Texas A&M University,QX200 ddPCR Usage (3 columns) - Consumables,,0638,WSGI,completed,billing_initialized,each,176.16,7/6/26 14:03,7/7/26 07:00,7/27/26 12:53,7/27/26 14:09,7/28/26 03:05,7/27/26 23:59,Eun-Gyu No,Molecular Genomics Workspace,MGW-6028624,,,,,74021568,No status set,,Self Service - QX200 ddPCR,N/A,,,,,,3986
MGW-EN-5654,Equipment Scheduling,292897,Eun-Gyu No,Research Scientist,"Polymenis, Michael (TAMU) Lab",Biochemistry & Biophysics,Texas A&M University,DNA/RNA Qubit Usage (per sample) - Consumables,,0638,WSGI,completed,billing_initialized,each,44,7/15/26 10:53,7/15/26 11:29,7/27/26 12:55,7/27/26 14:09,7/28/26 03:05,7/27/26 23:59,Eun-Gyu No,Molecular Genomics Workspace,MGW-6028624,,,,,74233500,No status set,,Self Service - Qubit,N/A,,,,,,3986
MGW-EN-5654,Equipment Scheduling,561754,Eun-Gyu No,Research Scientist,"Polymenis, Michael (TAMU) Lab",Biochemistry & Biophysics,Texas A&M University,QX200 ddPCR Usage (6 columns) - Consumables,,0638,WSGI,completed,billing_initialized,each,324.72,7/15/26 12:18,7/16/26 09:25,7/27/26 12:55,7/27/26 14:09,7/28/26 03:05,7/27/26 23:59,Eun-Gyu No,Molecular Genomics Workspace,MGW-6028624,,,,,74236709,No status set,,Self Service - QX200 ddPCR,N/A,,,,,,3986
MGW-EN-5654,Equipment Scheduling,561750,Eun-Gyu No,Research Scientist,"Polymenis, Michael (TAMU) Lab",Biochemistry & Biophysics,Texas A&M University,QX200 ddPCR Usage (3 columns) - Consumables,,0638,WSGI,completed,billing_initialized,each,176.16,7/17/26 09:43,7/17/26 12:10,7/27/26 13:01,7/27/26 14:09,7/28/26 03:05,7/27/26 23:59,Paola Galvan,Molecular Genomics Workspace,MGW-6028624,,,,,74286246,No status set,,Self Service - QX200 ddPCR,N/A,,,,,,3986
MGW-EN-5654,Equipment Scheduling,561750,Eun-Gyu No,Research Scientist,"Polymenis, Michael (TAMU) Lab",Biochemistry & Biophysics,Texas A&M University,QX200 ddPCR Usage (3 columns) - Consumables,,0638,WSGI,completed,billing_initialized,each,176.16,7/24/26 14:50,7/28/26 08:00,8/20/26 12:06,8/24/26 15:43,8/25/26 03:05,8/24/26 23:59,Paola Galvan,Molecular Genomics Workspace,MGW-6084216,,,,,74448120,No status set,,Self Service - QX200 ddPCR,N/A,,,,,,3986
MGW-EN-5654,Equipment Scheduling,292897,Eun-Gyu No,Research Scientist,"Polymenis, Michael (TAMU) Lab",Biochemistry & Biophysics,Texas A&M University,DNA/RNA Qubit Usage (per sample) - Consumables,,0638,WSGI,completed,billing_initialized,each,40,7/27/26 10:09,7/27/26 10:30,7/27/26 13:14,7/27/26 14:09,7/28/26 03:05,7/27/26 23:59,Eun-Gyu No,Molecular Genomics Workspace,MGW-6028624,,,,,74467825,No status set,,Self Service - Qubit,N/A,,,,,,3986
MGW-EN-5654,Equipment Scheduling,296365,Eun-Gyu No,Research Scientist,"Polymenis, Michael (TAMU) Lab",Biochemistry & Biophysics,Texas A&M University,"QX200 Droplet Digital PCR System (Bio-Rad) (ddPCR system) | Thursday, July 02",,0638,WSGI,completed,billing_initialized,hour,198,7/27/26 12:49,7/2/26 12:04,7/27/26 12:49,7/27/26 14:09,7/28/26 03:05,7/27/26 23:59,Paola Galvan,Molecular Genomics Workspace,MGW-6028624,,,,,74479119,No status set,,Molecular Biology,Self Use,,,,,,3986
MGW-EN-5654,Equipment Scheduling,296365,Eun-Gyu No,Research Scientist,"Polymenis, Michael (TAMU) Lab",Biochemistry & Biophysics,Texas A&M University,"QX200 Droplet Digital PCR System (Bio-Rad) (ddPCR system) | Tuesday, July 07",,0638,WSGI,completed,billing_initialized,hour,148.67,7/27/26 12:53,7/7/26 07:00,7/27/26 12:53,7/27/26 14:09,7/28/26 03:05,7/27/26 23:59,Paola Galvan,Molecular Genomics Workspace,MGW-6028624,,,,,74479327,No status set,,Molecular Biology,Self Use,,,,,,3986
MGW-EN-5654,Equipment Scheduling,292907,Eun-Gyu No,Research Scientist,"Polymenis, Michael (TAMU) Lab",Biochemistry & Biophysics,Texas A&M University,"Qubit Fluorometer (Life Technologies) (Qubit Fluorometer (Life Technologies)) | Wednesday, July 15",,0638,WSGI,completed,billing_initialized,hour,0,7/27/26 12:55,7/15/26 11:29,7/27/26 12:55,7/27/26 14:09,7/28/26 03:05,7/27/26 23:59,Paola Galvan,Molecular Genomics Workspace,MGW-6028624,,,,,74479423,No status set,,Molecular Biology,Self-Use,,,,,,3986
MGW-EN-5654,Equipment Scheduling,296365,Eun-Gyu No,Research Scientist,"Polymenis, Michael (TAMU) Lab",Biochemistry & Biophysics,Texas A&M University,"QX200 Droplet Digital PCR System (Bio-Rad) (ddPCR system) | Thursday, July 16",,0638,WSGI,completed,billing_initialized,hour,116,7/27/26 12:55,7/16/26 09:25,7/27/26 12:55,7/27/26 14:09,7/28/26 03:05,7/27/26 23:59,Paola Galvan,Molecular Genomics Workspace,MGW-6028624,,,,,74479435,No status set,,Molecular Biology,Self Use,,,,,,3986
MGW-EN-5654,Equipment Scheduling,296365,Eun-Gyu No,Research Scientist,"Polymenis, Michael (TAMU) Lab",Biochemistry & Biophysics,Texas A&M University,"QX200 Droplet Digital PCR System (Bio-Rad) (ddPCR system) | Friday, July 17",,0638,WSGI,completed,billing_initialized,hour,168,7/27/26 13:01,7/17/26 12:10,7/27/26 13:01,7/27/26 14:09,7/28/26 03:05,7/27/26 23:59,Paola Galvan,Molecular Genomics Workspace,MGW-6028624,,,,,74479726,No status set,,Molecular Biology,Self Use,,,,,,3986
MGW-EN-5654,Equipment Scheduling,292907,Eun-Gyu No,Research Scientist,"Polymenis, Michael (TAMU) Lab",Biochemistry & Biophysics,Texas A&M University,"Qubit Fluorometer (Life Technologies) (Qubit Fluorometer (Life Technologies)) | Monday, July 27",,0638,WSGI,completed,billing_initialized,hour,0,7/27/26 13:14,7/27/26 10:30,7/27/26 13:14,7/27/26 14:09,7/28/26 03:05,7/27/26 23:59,Paola Galvan,Molecular Genomics Workspace,MGW-6028624,,,,,74480414,No status set,,Molecular Biology,Self-Use,,,,,,3986
MGW-EN-5654,Equipment Scheduling,292907,Eun-Gyu No,Research Scientist,"Polymenis, Michael (TAMU) Lab",Biochemistry & Biophysics,Texas A&M University,"Qubit Fluorometer (Life Technologies) (Qubit Fluorometer (Life Technologies)) | Monday, July 06",,0638,WSGI,completed,billing_initialized,hour,0,7/27/26 14:04,7/6/26 13:00,7/27/26 14:04,7/27/26 14:09,7/28/26 03:05,7/27/26 23:59,Paola Galvan,Molecular Genomics Workspace,MGW-6028624,,,,,74484587,No status set,,Molecular Biology,Self-Use,,,,,,3986
MGW-EN-5707,Equipment Scheduling,561750,Eun-Gyu No,Research Scientist,"Polymenis, Michael (TAMU) Lab",Biochemistry & Biophysics,Texas A&M University,QX200 ddPCR Usage (3 columns) - Consumables,,0638,WSGI,completed,billing_initialized,each,176.16,8/7/26 16:46,8/11/26 09:03,8/20/26 12:11,8/24/26 15:43,8/25/26 03:05,8/24/26 23:59,Eun-Gyu No,Molecular Genomics Workspace,MGW-6084216,,,,,74837379,No status set,,Self Service - QX200 ddPCR,N/A,,,,,,3986
MGW-EN-5707,Equipment Scheduling,292897,Eun-Gyu No,Research Scientist,"Polymenis, Michael (TAMU) Lab",Biochemistry & Biophysics,Texas A&M University,DNA/RNA Qubit Usage (per sample) - Consumables,,0638,WSGI,completed,billing_initialized,each,44,8/7/26 16:48,8/10/26 11:07,8/20/26 12:11,8/24/26 15:43,8/25/26 03:05,8/24/26 23:59,Eun-Gyu No,Molecular Genomics Workspace,MGW-6084216,,,,,74837429,No status set,,Self Service - Qubit,N/A,,,,,,3986
MGW-EN-5654,Equipment Scheduling,296365,Eun-Gyu No,Research Scientist,"Polymenis, Michael (TAMU) Lab",Biochemistry & Biophysics,Texas A&M University,"QX200 Droplet Digital PCR System (Bio-Rad) (ddPCR system) | Tuesday, July 28",,0638,WSGI,completed,billing_initialized,hour,148,8/20/26 12:06,7/28/26 08:00,8/20/26 12:06,8/24/26 15:43,8/25/26 03:05,8/24/26 23:59,Paola Galvan,Molecular Genomics Workspace,MGW-6084216,,,,,75111558,No status set,,Molecular Biology,Self Use,,,,,,3986
MGW-EN-5707,Equipment Scheduling,292907,Eun-Gyu No,Research Scientist,"Polymenis, Michael (TAMU) Lab",Biochemistry & Biophysics,Texas A&M University,"Qubit Fluorometer (Life Technologies) (Qubit Fluorometer (Life Technologies)) | Monday, August 10",,0638,WSGI,completed,billing_initialized,hour,0,8/20/26 12:11,8/10/26 11:07,8/20/26 12:11,8/24/26 15:43,8/25/26 03:05,8/24/26 23:59,Paola Galvan,Molecular Genomics Workspace,MGW-6084216,,,,,75111811,No status set,,Molecular Biology,Self-Use,,,,,,3986
MGW-EN-5707,Equipment Scheduling,296365,Eun-Gyu No,Research Scientist,"Polymenis, Michael (TAMU) Lab",Biochemistry & Biophysics,Texas A&M University,"QX200 Droplet Digital PCR System (Bio-Rad) (ddPCR system) | Tuesday, August 11",,0638,WSGI,completed,billing_initialized,hour,125.33,8/20/26 12:11,8/11/26 09:03,8/20/26 12:11,8/24/26 15:43,8/25/26 03:05,8/24/26 23:59,Paola Galvan,Molecular Genomics Workspace,MGW-6084216,,,,,75111812,No status set,,Molecular Biology,Self Use,,,,,,3986
MGW-EV-5543,Equipment Scheduling,561756,Eva Vitucci,Post-Doctoral Fellow,"Johnson, Natalie (TAMU) Lab",Environmental and Occupational Health,Texas A&M University,QX200 ddPCR Usage (8 columns),,0638,WSGI,completed,not_billable,each,0,4/20/26 12:59,4/21/26 11:00,4/23/26 13:32,4/24/26 16:21,4/25/26 03:00,4/24/26 23:59,Eva Vitucci,Molecular Genomics Workspace,MGW-5846992,Cancellation,,,,72100389,No status set,,Self Service - QX200 ddPCR,N/A,,,,,,3986
MGW-EV-5543,Equipment Scheduling,296365,Eva Vitucci,Post-Doctoral Fellow,"Johnson, Natalie (TAMU) Lab",Environmental and Occupational Health,Texas A&M University,"QX200 Droplet Digital PCR System (Bio-Rad) (ddPCR system) | Tuesday, April 21 (cancellation)",,0638,WSGI,completed,not_billable,hour,0,4/23/26 13:32,4/21/26 11:00,4/23/26 13:32,4/24/26 16:21,4/25/26 03:00,4/24/26 23:59,Paola Galvan,Molecular Genomics Workspace,MGW-5846992,Cancellation,,,,72193722,No status set,,Molecular Biology,Self Use,,,,,,3986
MGW-EV-5543,Equipment Scheduling,561756,Eva Vitucci,Post-Doctoral Fellow,"Johnson, Natalie (TAMU) Lab",Environmental and Occupational Health,Texas A&M University,QX200 ddPCR Usage (8 columns),,0638,WSGI,completed,not_billable,each,0,4/27/26 11:07,4/28/26 11:00,5/21/26 16:17,5/27/26 16:32,5/28/26 03:00,5/27/26 23:59,Eva Vitucci,Molecular Genomics Workspace,MGW-5910824,Cancellation,,,,72243476,No status set,,Self Service - QX200 ddPCR,N/A,,,,,,3986
MGW-EV-5543,Equipment Scheduling,561756,Eva Vitucci,Post-Doctoral Fellow,"Johnson, Natalie (TAMU) Lab",Environmental and Occupational Health,Texas A&M University,QX200 ddPCR Usage (8 columns),,0638,WSGI,completed,billing_initialized,each,404.8,4/28/26 13:02,4/28/26 13:26,5/21/26 15:52,5/27/26 16:32,5/28/26 03:00,5/27/26 23:59,Paola Galvan,Molecular Genomics Workspace,MGW-5910824,,,,,72291934,No status set,,Self Service - QX200 ddPCR,N/A,,,,,,3986
MGW-EV-5543,Equipment Scheduling,296365,Eva Vitucci,Post-Doctoral Fellow,"Johnson, Natalie (TAMU) Lab",Environmental and Occupational Health,Texas A&M University,"QX200 Droplet Digital PCR System (Bio-Rad) (ddPCR system) | Tuesday, April 28",,0638,WSGI,completed,billing_initialized,hour,170,5/21/26 15:52,4/28/26 13:26,5/21/26 15:52,5/27/26 16:32,5/28/26 03:00,5/27/26 23:59,Paola Galvan,Molecular Genomics Workspace,MGW-5910824,,,,,72915501,No status set,,Molecular Biology,Self Use,,,,,,3986
MGW-EV-5543,Equipment Scheduling,296365,Eva Vitucci,Post-Doctoral Fellow,"Johnson, Natalie (TAMU) Lab",Environmental and Occupational Health,Texas A&M University,"QX200 Droplet Digital PCR System (Bio-Rad) (ddPCR system) | Tuesday, April 28 (cancellation)",,0638,WSGI,completed,not_billable,hour,0,5/21/26 16:17,4/28/26 11:00,5/21/26 16:17,5/27/26 16:32,5/28/26 03:00,5/27/26 23:59,Paola Galvan,Molecular Genomics Workspace,MGW-5910824,Cancellation,,,,72916273,No status set,,Molecular Biology,Self Use,,,,,,3986
MGW-EV-5605,Equipment Scheduling,561753,Eva Vitucci,Post-Doctoral Fellow,"Johnson, Natalie (TAMU) Lab",Environmental and Occupational Health,Texas A&M University,QX200 ddPCR Usage (5 columns) - Consumables,,0638,WSGI,completed,billing_initialized,each,276.6,5/26/26 17:38,5/28/26 12:30,6/22/26 12:26,6/25/26 11:44,7/6/26 17:14,6/25/26 23:59,Eva Vitucci,Molecular Genomics Workspace,MGW-5970366,,,,,72989474,No status set,,Self Service - QX200 ddPCR,N/A,,,,,,3986
MGW-EV-5612,Equipment Scheduling,561753,Eva Vitucci,Post-Doctoral Fellow,"Johnson, Natalie (TAMU) Lab",Environmental and Occupational Health,Texas A&M University,QX200 ddPCR Usage (5 columns) - Consumables,,0638,WSGI,completed,not_billable,each,0,6/10/26 16:42,6/11/26 13:00,6/22/26 12:32,6/25/26 11:44,7/6/26 17:14,6/25/26 23:59,Eva Vitucci,Molecular Genomics Workspace,MGW-5970366,Cancellation,,,,73418732,No status set,,Self Service - QX200 ddPCR,N/A,,,,,,3986
MGW-EV-5612,Equipment Scheduling,561753,Eva Vitucci,Post-Doctoral Fellow,"Johnson, Natalie (TAMU) Lab",Environmental and Occupational Health,Texas A&M University,QX200 ddPCR Usage (5 columns) - Consumables,,0638,WSGI,completed,billing_initialized,each,276.6,6/15/26 14:21,6/15/26 14:23,6/22/26 12:32,6/25/26 11:44,7/6/26 17:14,6/25/26 23:59,Eva Vitucci,Molecular Genomics Workspace,MGW-5970366,,,,,73503220,No status set,,Self Service - QX200 ddPCR,N/A,,,,,,3986
MGW-EV-5605,Equipment Scheduling,296365,Eva Vitucci,Post-Doctoral Fellow,"Johnson, Natalie (TAMU) Lab",Environmental and Occupational Health,Texas A&M University,"QX200 Droplet Digital PCR System (Bio-Rad) (ddPCR system) | Thursday, May 28",,0638,WSGI,completed,billing_initialized,hour,180,6/22/26 12:26,5/28/26 12:30,6/22/26 12:26,6/25/26 11:44,7/6/26 17:14,6/25/26 23:59,Paola Galvan,Molecular Genomics Workspace,MGW-5970366,,,,,73639372,No status set,,Molecular Biology,Self Use,,,,,,3986
MGW-EV-5612,Equipment Scheduling,296365,Eva Vitucci,Post-Doctoral Fellow,"Johnson, Natalie (TAMU) Lab",Environmental and Occupational Health,Texas A&M University,"QX200 Droplet Digital PCR System (Bio-Rad) (ddPCR system) | Thursday, June 11 (cancellation)",,0638,WSGI,completed,not_billable,hour,0,6/22/26 12:32,6/11/26 13:00,6/22/26 12:32,6/25/26 11:44,7/6/26 17:14,6/25/26 23:59,Paola Galvan,Molecular Genomics Workspace,MGW-5970366,Cancellation,,,,73639617,No status set,,Molecular Biology,Self Use,,,,,,3986
MGW-EV-5612,Equipment Scheduling,296365,Eva Vitucci,Post-Doctoral Fellow,"Johnson, Natalie (TAMU) Lab",Environmental and Occupational Health,Texas A&M University,"QX200 Droplet Digital PCR System (Bio-Rad) (ddPCR system) | Monday, June 15",,0638,WSGI,completed,billing_initialized,hour,134.67,6/22/26 12:32,6/15/26 14:23,6/22/26 12:32,6/25/26 11:44,7/6/26 17:14,6/25/26 23:59,Paola Galvan,Molecular Genomics Workspace,MGW-5970366,,,,,73639638,No status set,,Molecular Biology,Self Use,,,,,,3986
MGW-EV-5612,Equipment Scheduling,561750,Eva Vitucci,Post-Doctoral Fellow,"Johnson, Natalie (TAMU) Lab",Environmental and Occupational Health,Texas A&M University,QX200 ddPCR Usage (3 columns) - Consumables,,0638,WSGI,completed,not_billable,each,0,6/22/26 13:08,6/23/26 11:00,6/25/26 11:08,6/25/26 11:44,7/6/26 17:14,6/25/26 23:59,Eva Vitucci,Molecular Genomics Workspace,MGW-5970366,Cancellation,,,,73641504,No status set,,Self Service - QX200 ddPCR,N/A,,,,,,3986
MGW-EV-5612,Equipment Scheduling,561750,Eva Vitucci,Post-Doctoral Fellow,"Johnson, Natalie (TAMU) Lab",Environmental and Occupational Health,Texas A&M University,QX200 ddPCR Usage (3 columns) - Consumables,,0638,WSGI,completed,billing_initialized,each,176.16,6/23/26 12:27,6/23/26 12:27,6/25/26 11:08,6/25/26 11:44,7/6/26 17:14,6/25/26 23:59,Eva Vitucci,Molecular Genomics Workspace,MGW-5970366,,,,,73674727,No status set,,Self Service - QX200 ddPCR,N/A,,,,,,3986
MGW-EV-5612,Equipment Scheduling,296365,Eva Vitucci,Post-Doctoral Fellow,"Johnson, Natalie (TAMU) Lab",Environmental and Occupational Health,Texas A&M University,"QX200 Droplet Digital PCR System (Bio-Rad) (ddPCR system) | Tuesday, June 23 (cancellation)",,0638,WSGI,completed,not_billable,hour,0,6/25/26 11:08,6/23/26 11:00,6/25/26 11:08,6/25/26 11:44,7/6/26 17:14,6/25/26 23:59,Paola Galvan,Molecular Genomics Workspace,MGW-5970366,Cancellation,,,,73734922,No status set,,Molecular Biology,Self Use,,,,,,3986
MGW-EV-5612,Equipment Scheduling,296365,Eva Vitucci,Post-Doctoral Fellow,"Johnson, Natalie (TAMU) Lab",Environmental and Occupational Health,Texas A&M University,"QX200 Droplet Digital PCR System (Bio-Rad) (ddPCR system) | Tuesday, June 23",,0638,WSGI,completed,billing_initialized,hour,120.67,6/25/26 11:08,6/23/26 12:27,6/25/26 11:08,6/25/26 11:44,7/6/26 17:14,6/25/26 23:59,Paola Galvan,Molecular Genomics Workspace,MGW-5970366,,,,,73734923,No status set,,Molecular Biology,Self Use,,,,,,3986
MGW-FL-5325,"GEM-X Single Cell 3' mRNA HT Library Prep (per sample, 4 samples)",539124,Fei Liu,Principal Investigator,"Liu, Fei (TAMU) Lab",Molecular and Cellular Medicine,Texas A&M University,"GEM-X Single Cell 3' mRNA HT Library Prep (per sample, 4 samples)",,0638,WSGI,completed,billing_initialized,each,7900,11/3/25 15:51,11/3/25 15:51,2/20/26 11:27,2/20/26 12:25,2/21/26 03:00,2/20/26 23:59,jun Fan,Molecular Genomics Workspace,MGW-5720431,,,,,68092537,No status set,,Full Service - Single Cell Library Preparation ,N/A,,,,,,3986
MGW-FL-5325,"GEM-X Single Cell 3' mRNA HT Library Prep (per sample, 4 samples)",504635,Fei Liu,Principal Investigator,"Liu, Fei (TAMU) Lab",Molecular and Cellular Medicine,Texas A&M University,Single Cell Pre-library QC (per sample),,0638,WSGI,completed,billing_initialized,each,840,11/3/25 15:51,11/3/25 15:51,2/20/26 11:27,2/20/26 12:25,2/21/26 03:00,2/20/26 23:59,jun Fan,Molecular Genomics Workspace,MGW-5720431,,,,,68092570,No status set,,Full Service - Cell Counting & Viability,N/A,,,,,,3986
MGW-FL-5325,"GEM-X Single Cell 3' mRNA HT Library Prep (per sample, 4 samples)",529020,Fei Liu,Principal Investigator,"Liu, Fei (TAMU) Lab",Molecular and Cellular Medicine,Texas A&M University,Sequencing - P4-XLEAP - 100 cycle (~1.8B reads),,0638,WSGI,completed,billing_initialized,each,3180,11/3/25 15:54,11/3/25 15:54,2/20/26 11:27,2/20/26 12:25,2/21/26 03:00,2/20/26 23:59,jun Fan,Molecular Genomics Workspace,MGW-5720431,,,,,68092801,No status set,,Full Service - Sequencing (NextSeq 2000),N/A,,,,,,3986
MGW-FL-5460,Project Request,561181,Fei Liu,Principal Investigator,"Liu, Fei (TAMU) Lab",Molecular and Cellular Medicine,Texas A&M University,Single Cell QC Trypan Blue ,,0638,WSGI,completed,billing_initialized,each,13.54,2/26/26 13:52,2/26/26 13:52,4/23/26 12:41,4/24/26 16:21,4/25/26 03:00,4/24/26 23:59,Sarah Sharpton,Molecular Genomics Workspace,MGW-5846979,,,,,70749527,No status set,,Single Cell-Visuim QC-Isolation - Consumables,N/A,,,,,,3986
MGW-FL-5460,Project Request,561180,Fei Liu,Principal Investigator,"Liu, Fei (TAMU) Lab",Molecular and Cellular Medicine,Texas A&M University,Single Cell QC Mixi GO II ,,0638,WSGI,completed,billing_initialized,each,33.52,2/26/26 13:52,2/26/26 13:52,4/23/26 12:41,4/24/26 16:21,4/25/26 03:00,4/24/26 23:59,Sarah Sharpton,Molecular Genomics Workspace,MGW-5846979,,,,,70749547,No status set,,Single Cell-Visuim QC-Isolation - Consumables,N/A,,,,,,3986
MGW-FL-5460,Project Request,561268,Fei Liu,Principal Investigator,"Liu, Fei (TAMU) Lab",Molecular and Cellular Medicine,Texas A&M University,Chromium GEM-X Single Cell 3ʹ Chip Kit v4,,0638,WSGI,completed,billing_initialized,each,343.75,2/26/26 13:53,2/26/26 13:53,4/23/26 12:41,4/24/26 16:21,4/25/26 03:00,4/24/26 23:59,Sarah Sharpton,Molecular Genomics Workspace,MGW-5846979,,,,,70749569,No status set,,Single Cell Library Preparation - Consumables,N/A,,,,,,3986
MGW-FL-5460,Project Request,561266,Fei Liu,Principal Investigator,"Liu, Fei (TAMU) Lab",Molecular and Cellular Medicine,Texas A&M University,Chromium GEM-X Single Cell 3ʹ Kit v4,,0638,WSGI,completed,billing_initialized,each,3713.9,2/26/26 13:53,2/26/26 13:53,4/23/26 12:41,4/24/26 16:21,4/25/26 03:00,4/24/26 23:59,Sarah Sharpton,Molecular Genomics Workspace,MGW-5846979,,,,,70749579,No status set,,Single Cell Library Preparation - Consumables,N/A,,,,,,3986
MGW-FL-5460,Project Request,559389,Fei Liu,Principal Investigator,"Liu, Fei (TAMU) Lab",Molecular and Cellular Medicine,Texas A&M University,Chromium iX/X,,0638,WSGI,completed,billing_initialized,hour,58.5,2/26/26 13:53,2/26/26 13:53,4/23/26 12:41,4/24/26 16:21,4/25/26 03:00,4/24/26 23:59,Sarah Sharpton,Molecular Genomics Workspace,MGW-5846979,,,,,70749602,No status set,,Instrument Charges,N/A,,,,,,3986
MGW-FL-5460,Project Request,559373,Fei Liu,Principal Investigator,"Liu, Fei (TAMU) Lab",Molecular and Cellular Medicine,Texas A&M University,4200 TapeStation,,0638,WSGI,completed,billing_initialized,hour,4.8,2/26/26 13:53,2/26/26 13:53,4/23/26 12:41,4/24/26 16:21,4/25/26 03:00,4/24/26 23:59,Sarah Sharpton,Molecular Genomics Workspace,MGW-5846979,,,,,70749623,No status set,,Instrument Charges,N/A,,,,,,3986
MGW-FL-5460,Project Request,561152,Fei Liu,Principal Investigator,"Liu, Fei (TAMU) Lab",Molecular and Cellular Medicine,Texas A&M University,QC Core-prepared Library,,0638,WSGI,completed,billing_initialized,each,31.1,2/26/26 13:54,2/26/26 13:54,4/23/26 12:41,4/24/26 16:21,4/25/26 03:00,4/24/26 23:59,Sarah Sharpton,Molecular Genomics Workspace,MGW-5846979,,,,,70749652,No status set,,QC - Consumables,N/A,,,,,,3986
MGW-FL-5460,Project Request,559371,Fei Liu,Principal Investigator,"Liu, Fei (TAMU) Lab",Molecular and Cellular Medicine,Texas A&M University,NextSeq 2000 Sequencing System (S/N VH00580),,0638,WSGI,completed,billing_initialized,each,250,2/26/26 13:54,2/26/26 13:54,4/23/26 12:41,4/24/26 16:21,4/25/26 03:00,4/24/26 23:59,Sarah Sharpton,Molecular Genomics Workspace,MGW-5846979,,,,,70749697,No status set,,Instrument Charges,N/A,,,,,,3986
MGW-FL-5460,Project Request,559377,Fei Liu,Principal Investigator,"Liu, Fei (TAMU) Lab",Molecular and Cellular Medicine,Texas A&M University,Laboratory Technician,,0638,WSGI,completed,billing_initialized,hour,350,2/26/26 13:54,2/26/26 13:54,4/23/26 12:41,4/24/26 16:21,4/25/26 03:00,4/24/26 23:59,Sarah Sharpton,Molecular Genomics Workspace,MGW-5846979,,,,,70749730,No status set,,Laboratory Technician,N/A,,,,,,3986
MGW-FL-5460,Project Request,561245,Fei Liu,Principal Investigator,"Liu, Fei (TAMU) Lab",Molecular and Cellular Medicine,Texas A&M University,NextSeq 2000 P2 XLEAP-SBS Reagent Kit (100 cycles),,0638,WSGI,completed,billing_initialized,each,1201.2,4/6/26 13:19,4/6/26 13:19,4/23/26 12:41,4/24/26 16:21,4/25/26 03:00,4/24/26 23:59,Sarah Sharpton,Molecular Genomics Workspace,MGW-5846979,,,,,71777853,No status set,,Sequencing (NextSeq 2000) - Consumables,N/A,,,,,,3986
MGW-FDV-5591,Project Request,572579,Florencia Díaz Viraqué,Research Associate,"Robello, Carlos (IPM) Lab",,Institut Pasteur de Montevideo,PacBio-Ampli-Fi library preparation,,0638,WSGI,cancelled,cancelled,each,0,5/22/26 13:30,5/22/26 13:30,,n/a,n/a,n/a,jun Fan,Molecular Genomics Workspace,no invoice,,,,,72934043,No status set,,PacBio Consumables,N/A,,,,,,3986
MGW-FDV-5591,Project Request,563704,Florencia Díaz Viraqué,Research Associate,"Robello, Carlos (IPM) Lab",,Institut Pasteur de Montevideo,Blue Pippen,,0638,WSGI,cancelled,cancelled,each,0,5/22/26 13:30,5/22/26 13:30,,n/a,n/a,n/a,jun Fan,Molecular Genomics Workspace,no invoice,,,,,72934050,No status set,,Instrument Charges,N/A,,,,,,3986
MGW-FDV-5591,Project Request,563414,Florencia Díaz Viraqué,Research Associate,"Robello, Carlos (IPM) Lab",,Institut Pasteur de Montevideo,Femto Pulse ,,0638,WSGI,cancelled,cancelled,each,0,5/22/26 13:30,5/22/26 13:30,,n/a,n/a,n/a,jun Fan,Molecular Genomics Workspace,no invoice,,,,,72934056,No status set,,Instrument Charges,N/A,,,,,,3986
MGW-FDV-5591,Project Request,559381,Florencia Díaz Viraqué,Research Associate,"Robello, Carlos (IPM) Lab",,Institut Pasteur de Montevideo,PacBio Revio,,0638,WSGI,cancelled,cancelled,hour,0,5/22/26 13:31,5/22/26 13:31,,n/a,n/a,n/a,jun Fan,Molecular Genomics Workspace,no invoice,,,,,72934097,No status set,,Instrument Charges,N/A,,,,,,3986
MGW-FDV-5591,Project Request,563404,Florencia Díaz Viraqué,Research Associate,"Robello, Carlos (IPM) Lab",,Institut Pasteur de Montevideo,PacBio-Revio SMRTcell sequencing - Consumables ,,0638,WSGI,cancelled,cancelled,each,0,5/22/26 13:32,5/22/26 13:32,,n/a,n/a,n/a,jun Fan,Molecular Genomics Workspace,no invoice,,,,,72934121,No status set,,PacBio Consumables,N/A,,,,,,3986
MGW-FDV-5591,Project Request,559377,Florencia Díaz Viraqué,Research Associate,"Robello, Carlos (IPM) Lab",,Institut Pasteur de Montevideo,Laboratory Technician,,0638,WSGI,cancelled,cancelled,hour,0,5/22/26 13:34,5/22/26 13:34,,n/a,n/a,n/a,jun Fan,Molecular Genomics Workspace,no invoice,,,,,72934192,No status set,,Laboratory Technician,N/A,,,,,,3986
MGW-GDC-5594,Project Request,571644,Gabriela Delevati Colpo,,Admin (UTHealth) Lab,,University of Texas Health Science Center,Qiagen PAXgene Blood RNA Kit - Consumables,,0638,WSGI,completed,billing_initialized,each,2350,6/4/26 10:42,6/4/26 10:42,7/24/26 10:12,7/24/26 10:15,7/25/26 03:05,7/24/26 23:59,jun Fan,Molecular Genomics Workspace,MGW-6025988,,,,,73254591,No status set,,DNA-RNA-Isolation - Consumable,N/A,,,,,,3986
MGW-GDC-5594,Project Request,559377,Gabriela Delevati Colpo,,Admin (UTHealth) Lab,,University of Texas Health Science Center,Laboratory Technician,,0638,WSGI,completed,billing_initialized,hour,3304,6/4/26 10:48,6/4/26 10:48,7/24/26 10:12,7/24/26 10:15,7/25/26 03:05,7/24/26 23:59,jun Fan,Molecular Genomics Workspace,MGW-6025988,,,,,73255055,No status set,,Laboratory Technician,N/A,,,,,,3986
MGW-GDC-5594,Project Request,559373,Gabriela Delevati Colpo,,Admin (UTHealth) Lab,,University of Texas Health Science Center,4200 TapeStation,,0638,WSGI,completed,billing_initialized,hour,342.16,6/4/26 10:48,6/4/26 10:48,7/24/26 10:12,7/24/26 10:15,7/25/26 03:05,7/24/26 23:59,jun Fan,Molecular Genomics Workspace,MGW-6025988,,,,,73255068,No status set,,Instrument Charges,N/A,,,,,,3986
MGW-GDC-5594,Project Request,561152,Gabriela Delevati Colpo,,Admin (UTHealth) Lab,,University of Texas Health Science Center,QC Core-prepared Library - Consumables,,0638,WSGI,completed,billing_initialized,each,1461.7,6/4/26 10:49,6/4/26 10:49,7/24/26 10:12,7/24/26 10:15,7/25/26 03:05,7/24/26 23:59,jun Fan,Molecular Genomics Workspace,MGW-6025988,,,,,73255123,No status set,,QC - Consumables,N/A,,,,,,3986
MGW-GDC-5594,Project Request,561151,Gabriela Delevati Colpo,,Admin (UTHealth) Lab,,University of Texas Health Science Center,QC RNA - Consumables,,0638,WSGI,completed,billing_initialized,each,831.9,6/4/26 10:49,6/4/26 10:49,7/24/26 10:12,7/24/26 10:15,7/25/26 03:05,7/24/26 23:59,jun Fan,Molecular Genomics Workspace,MGW-6025988,,,,,73255158,No status set,,QC - Consumables,N/A,,,,,,3986
MGW-GDC-5594,Project Request,559376,Gabriela Delevati Colpo,,Admin (UTHealth) Lab,,University of Texas Health Science Center,Consumables,Reagent and consumable charges for QIAseq FastSelect RNA Library Preparation.,0638,WSGI,completed,billing_initialized,each,6669.3,6/4/26 16:39,6/4/26 16:39,7/24/26 10:12,7/24/26 10:15,7/25/26 03:05,7/24/26 23:59,jun Fan,Molecular Genomics Workspace,MGW-6025988,,,,,73274862,No status set,,Consumables,N/A,,,,,,3986
MGW-GDC-5594,Project Request,571884,Gabriela Delevati Colpo,,Admin (UTHealth) Lab,,University of Texas Health Science Center,NovaSeq X 10B 300 cycles 1 lane- Consumables,,0638,WSGI,completed,billing_initialized,each,5708,6/4/26 17:00,6/4/26 17:00,7/24/26 10:12,7/24/26 10:15,7/25/26 03:05,7/24/26 23:59,jun Fan,Molecular Genomics Workspace,MGW-6025988,,,,,73275688,No status set,,NovaSeq - Consumables,N/A,,,,,,3986
MGW-GE-5636,Project Request,561154,George Elane,,"Elane, George (TAMU) Lab",,Texas A&M University,QC Client-prepared Library KAPA - Consumables,,0638,WSGI,proposed,not_ready_to_bill,each,110,7/13/26 16:37,7/13/26 16:37,,n/a,n/a,n/a,jun Fan,Molecular Genomics Workspace,no invoice,,,,,74192715,No status set,,QC - Consumables,N/A,,,,,,3986
MGW-GE-5636,Project Request,561155,George Elane,,"Elane, George (TAMU) Lab",,Texas A&M University,QC Client-prepared Library KAPA (each additional library),,0638,WSGI,proposed,not_ready_to_bill,each,9.2,7/13/26 16:37,7/13/26 16:37,,n/a,n/a,n/a,jun Fan,Molecular Genomics Workspace,no invoice,,,,,74192720,No status set,,QC - Consumables,N/A,,,,,,3986
MGW-GE-5636,Project Request,561153,George Elane,,"Elane, George (TAMU) Lab",,Texas A&M University,QC Client-prepared Library - Consumables,,0638,WSGI,proposed,not_ready_to_bill,each,62.56,7/13/26 16:38,7/13/26 16:38,,n/a,n/a,n/a,jun Fan,Molecular Genomics Workspace,no invoice,,,,,74192743,No status set,,QC - Consumables,N/A,,,,,,3986
MGW-GE-5636,Project Request,559377,George Elane,,"Elane, George (TAMU) Lab",,Texas A&M University,Laboratory Technician,,0638,WSGI,proposed,not_ready_to_bill,hour,50,7/13/26 16:38,7/13/26 16:38,,n/a,n/a,n/a,jun Fan,Molecular Genomics Workspace,no invoice,,,,,74192758,No status set,,Laboratory Technician,N/A,,,,,,3986
MGW-GE-5636,Project Request,559371,George Elane,,"Elane, George (TAMU) Lab",,Texas A&M University,NextSeq 2000 Sequencing System (S/N VH00580),,0638,WSGI,proposed,not_ready_to_bill,each,250,7/13/26 16:38,7/13/26 16:38,,n/a,n/a,n/a,jun Fan,Molecular Genomics Workspace,no invoice,,,,,74192765,No status set,,Instrument Charges,N/A,,,,,,3986
MGW-GE-5636,Project Request,559374,George Elane,,"Elane, George (TAMU) Lab",,Texas A&M University,CFX384 Touch Real-time PCR Detection System,,0638,WSGI,proposed,not_ready_to_bill,hour,3.12,7/13/26 16:39,7/13/26 16:39,,n/a,n/a,n/a,jun Fan,Molecular Genomics Workspace,no invoice,,,,,74192769,No status set,,Instrument Charges,N/A,,,,,,3986
MGW-GE-5636,Project Request,561262,George Elane,,"Elane, George (TAMU) Lab",,Texas A&M University,NextSeq 2000 P4 XLEAP-SBS Reagent Kit (100 cycles) - Consumables,,0638,WSGI,proposed,not_ready_to_bill,each,3059.1,7/13/26 16:39,7/13/26 16:39,,n/a,n/a,n/a,jun Fan,Molecular Genomics Workspace,no invoice,,,,,74192775,No status set,,Sequencing (NextSeq 2000) - Consumables,N/A,,,,,,3986
MGW-GE-5636,Project Request,559373,George Elane,,"Elane, George (TAMU) Lab",,Texas A&M University,4200 TapeStation,,0638,WSGI,proposed,not_ready_to_bill,hour,4.8,7/13/26 16:43,7/13/26 16:43,,n/a,n/a,n/a,jun Fan,Molecular Genomics Workspace,no invoice,,,,,74192865,No status set,,Instrument Charges,N/A,,,,,,3986
MGW-GJ-5675,Project Request,560903,Gessica Johannsen,Administrator,"Johannsen, Gessica (IB) Lab",,Integrated Biometrics,QC DNA - Consumables,,0638,WSGI,financials_approved,not_ready_to_bill,each,534,7/30/26 11:59,7/30/26 11:59,,n/a,n/a,n/a,Paola Galvan,Molecular Genomics Workspace,no invoice,,,,,74579642,No status set,,QC - Consumables,N/A,,,,,,3986
MGW-GJ-5675,Project Request,561549,Gessica Johannsen,Administrator,"Johannsen, Gessica (IB) Lab",,Integrated Biometrics,Droplet Digital PCR Full Service per 8 samples; one target - Consumables,,0638,WSGI,financials_approved,not_ready_to_bill,each,300.48,7/30/26 12:05,7/30/26 12:05,,n/a,n/a,n/a,Paola Galvan,Molecular Genomics Workspace,no invoice,,,,,74580193,No status set,,Droplet Digital PCR - Consumables,N/A,,,,,,3986
MGW-GJ-5675,Project Request,559379,Gessica Johannsen,Administrator,"Johannsen, Gessica (IB) Lab",,Integrated Biometrics,Bio-Rad ddPCR System,,0638,WSGI,financials_approved,not_ready_to_bill,hour,861,7/30/26 12:06,7/30/26 12:06,,n/a,n/a,n/a,Paola Galvan,Molecular Genomics Workspace,no invoice,,,,,74580272,No status set,,Instrument Charges,N/A,,,,,,3986
MGW-GJ-5675,Project Request,559377,Gessica Johannsen,Administrator,"Johannsen, Gessica (IB) Lab",,Integrated Biometrics,Laboratory Technician,,0638,WSGI,financials_approved,not_ready_to_bill,hour,354,7/30/26 12:07,7/30/26 12:07,,n/a,n/a,n/a,Paola Galvan,Molecular Genomics Workspace,no invoice,,,,,74580350,No status set,,Laboratory Technician,N/A,,,,,,3986
MGW-GJ-5675,Project Request,576689,Gessica Johannsen,Administrator,"Johannsen, Gessica (IB) Lab",,Integrated Biometrics,DNeasy Blood & Tissue Isolation,,0638,WSGI,financials_approved,not_ready_to_bill,each,454.5,8/4/26 11:15,8/4/26 11:15,,n/a,n/a,n/a,Paola Galvan,Molecular Genomics Workspace,no invoice,,,,,74716602,No status set,,DNA-RNA-Isolation - Consumable,N/A,,,,,,3986
MGW-GC-5661,Equipment Scheduling,561671,Gisselle Campos,,"Wang, Zhuoyu (TAMU) Lab",,Texas A&M University,QX200 ddPCR Usage (1 column) - Consumables,,0638,WSGI,completed,not_billable,each,0,7/3/26 10:33,7/8/26 12:00,7/27/26 13:31,7/27/26 14:09,7/28/26 03:05,7/27/26 23:59,Gisselle Campos,Molecular Genomics Workspace,MGW-6028625,Cancellation,,,,73977178,No status set,,Self Service - QX200 ddPCR,N/A,,,,,,3986
MGW-GC-5661,Equipment Scheduling,561671,Gisselle Campos,,"Wang, Zhuoyu (TAMU) Lab",,Texas A&M University,QX200 ddPCR Usage (1 column) - Consumables,,0638,WSGI,completed,billing_initialized,each,74.19,7/8/26 13:03,7/8/26 13:04,7/27/26 12:53,7/27/26 14:09,7/28/26 03:05,7/27/26 23:59,Gisselle Campos,Molecular Genomics Workspace,MGW-6028625,,,,,74092876,No status set,,Self Service - QX200 ddPCR,N/A,,,,,,3986
MGW-GC-5661,Equipment Scheduling,561671,Gisselle Campos,,"Wang, Zhuoyu (TAMU) Lab",,Texas A&M University,QX200 ddPCR Usage (1 column) - Consumables,,0638,WSGI,completed,billing_initialized,each,74.19,7/9/26 10:24,7/10/26 11:14,7/27/26 12:58,7/27/26 14:09,7/28/26 03:05,7/27/26 23:59,Gisselle Campos,Molecular Genomics Workspace,MGW-6028625,,,,,74115496,No status set,,Self Service - QX200 ddPCR,N/A,,,,,,3986
MGW-GC-5661,Equipment Scheduling,561671,Gisselle Campos,,"Wang, Zhuoyu (TAMU) Lab",,Texas A&M University,QX200 ddPCR Usage (1 column) - Consumables,,0638,WSGI,completed,billing_initialized,each,74.19,7/14/26 21:53,7/15/26 11:07,7/27/26 12:54,7/27/26 14:09,7/28/26 03:05,7/27/26 23:59,Gisselle Campos,Molecular Genomics Workspace,MGW-6028625,,,,,74223417,No status set,,Self Service - QX200 ddPCR,N/A,,,,,,3986
MGW-GC-5661,Equipment Scheduling,561671,Gisselle Campos,,"Wang, Zhuoyu (TAMU) Lab",,Texas A&M University,QX200 ddPCR Usage (1 column) - Consumables,,0638,WSGI,completed,billing_initialized,each,74.19,7/20/26 09:47,7/21/26 11:12,7/27/26 13:02,7/27/26 14:09,7/28/26 03:05,7/27/26 23:59,Gisselle Campos,Molecular Genomics Workspace,MGW-6028625,,,,,74320023,No status set,,Self Service - QX200 ddPCR,N/A,,,,,,3986
MGW-GC-5661,Equipment Scheduling,296365,Gisselle Campos,,"Wang, Zhuoyu (TAMU) Lab",,Texas A&M University,"QX200 Droplet Digital PCR System (Bio-Rad) (ddPCR system) | Wednesday, July 08",,0638,WSGI,completed,billing_initialized,hour,152,7/27/26 12:53,7/8/26 13:04,7/27/26 12:53,7/27/26 14:09,7/28/26 03:05,7/27/26 23:59,Paola Galvan,Molecular Genomics Workspace,MGW-6028625,,,,,74479363,No status set,,Molecular Biology,Self Use,,,,,,3986
MGW-GC-5661,Equipment Scheduling,296365,Gisselle Campos,,"Wang, Zhuoyu (TAMU) Lab",,Texas A&M University,"QX200 Droplet Digital PCR System (Bio-Rad) (ddPCR system) | Wednesday, July 15",,0638,WSGI,completed,billing_initialized,hour,154.67,7/27/26 12:54,7/15/26 11:07,7/27/26 12:54,7/27/26 14:09,7/28/26 03:05,7/27/26 23:59,Paola Galvan,Molecular Genomics Workspace,MGW-6028625,,,,,74479402,No status set,,Molecular Biology,Self Use,,,,,,3986
MGW-GC-5661,Equipment Scheduling,296365,Gisselle Campos,,"Wang, Zhuoyu (TAMU) Lab",,Texas A&M University,"QX200 Droplet Digital PCR System (Bio-Rad) (ddPCR system) | Friday, July 10",,0638,WSGI,completed,billing_initialized,hour,161.33,7/27/26 12:58,7/10/26 11:14,7/27/26 12:58,7/27/26 14:09,7/28/26 03:05,7/27/26 23:59,Paola Galvan,Molecular Genomics Workspace,MGW-6028625,,,,,74479559,No status set,,Molecular Biology,Self Use,,,,,,3986
MGW-GC-5661,Equipment Scheduling,296365,Gisselle Campos,,"Wang, Zhuoyu (TAMU) Lab",,Texas A&M University,"QX200 Droplet Digital PCR System (Bio-Rad) (ddPCR system) | Tuesday, July 21",,0638,WSGI,completed,billing_initialized,hour,152,7/27/26 13:02,7/21/26 11:12,7/27/26 13:02,7/27/26 14:09,7/28/26 03:05,7/27/26 23:59,Paola Galvan,Molecular Genomics Workspace,MGW-6028625,,,,,74479773,No status set,,Molecular Biology,Self Use,,,,,,3986
MGW-GC-5661,Equipment Scheduling,296365,Gisselle Campos,,"Wang, Zhuoyu (TAMU) Lab",,Texas A&M University,"QX200 Droplet Digital PCR System (Bio-Rad) (ddPCR system) | Tuesday, July 21 (cancellation)",,0638,WSGI,completed,not_billable,hour,0,7/27/26 13:31,7/21/26 14:36,7/27/26 13:31,7/27/26 14:09,7/28/26 03:05,7/27/26 23:59,Paola Galvan,Molecular Genomics Workspace,MGW-6028625,Cancellation,,,,74481155,No status set,,Molecular Biology,Self Use,,,,,,3986
MGW-GC-5661,Equipment Scheduling,296365,Gisselle Campos,,"Wang, Zhuoyu (TAMU) Lab",,Texas A&M University,"QX200 Droplet Digital PCR System (Bio-Rad) (ddPCR system) | Wednesday, July 08 (cancellation)",,0638,WSGI,completed,not_billable,hour,0,7/27/26 13:31,7/8/26 12:00,7/27/26 13:31,7/27/26 14:09,7/28/26 03:05,7/27/26 23:59,Paola Galvan,Molecular Genomics Workspace,MGW-6028625,Cancellation,,,,74481167,No status set,,Molecular Biology,Self Use,,,,,,3986
MGW-GC-5740,Equipment Scheduling,561671,Gisselle Campos,,"Wang, Zhuoyu (TAMU) Lab",,Texas A&M University,QX200 ddPCR Usage (1 column) - Consumables,,0638,WSGI,completed,billing_initialized,each,74.19,8/25/26 17:18,8/28/26 08:06,9/23/26 13:21,9/24/26 11:26,9/25/26 03:05,9/24/26 23:59,Gisselle Campos,Molecular Genomics Workspace,MGW-6140678,,,,,75215846,No status set,,Self Service - QX200 ddPCR,N/A,,,,,,3986
MGW-GC-5740,Equipment Scheduling,296365,Gisselle Campos,,"Wang, Zhuoyu (TAMU) Lab",,Texas A&M University,"QX200 Droplet Digital PCR System (Bio-Rad) (ddPCR system) | Friday, August 28",,0638,WSGI,completed,billing_initialized,hour,182.67,9/23/26 13:21,8/28/26 08:06,9/23/26 13:21,9/24/26 11:26,9/25/26 03:05,9/24/26 23:59,Paola Galvan,Molecular Genomics Workspace,MGW-6140678,,,,,75903645,No status set,,Molecular Biology,Self Use,,,,,,3986
MGW-GN-5288,QC RNA  (per sample),504608,Giuliana Noratto,,"Noratto, Giuliana (TAMU) Lab",Nutrition & Food Science,Texas A&M University,QC RNA  (per sample),,0638,WSGI,completed,billing_initialized,each,1092,10/10/25 20:07,10/10/25 20:07,3/23/26 10:36,3/26/26 14:02,3/27/26 03:00,3/26/26 23:59,jun Fan,Molecular Genomics Workspace,MGW-5788671,,,,,67491424,No status set,,Full Service - DNA/RNA QC,N/A,,,,,,3986
MGW-GN-5367,Project Request,561151,Giuliana Noratto,,"Noratto, Giuliana (TAMU) Lab",Nutrition & Food Science,Texas A&M University,QC RNA,"we do not know how many samples will be replaced, so the current quote is based on 40 samples.",0638,WSGI,completed,billing_initialized,each,504.45,12/12/25 21:37,12/12/25 21:37,3/23/26 10:36,3/26/26 14:02,3/27/26 03:00,3/26/26 23:59,jun Fan,Molecular Genomics Workspace,MGW-5788671,,,,,69121667,No status set,,QC - Consumables,N/A,,,,,,3986
MGW-GN-5367,Project Request,559376,Giuliana Noratto,,"Noratto, Giuliana (TAMU) Lab",Nutrition & Food Science,Texas A&M University,Consumables,Dual rRNA–depleted RNA followed by RNA-seq library preparation using the Watchmaker kit.,0638,WSGI,completed,billing_initialized,each,17600,12/12/25 21:38,12/12/25 21:38,3/23/26 10:36,3/26/26 14:02,3/27/26 03:00,3/26/26 23:59,jun Fan,Molecular Genomics Workspace,MGW-5788671,,,,,69121668,No status set,,Consumables,N/A,,,,,,3986
MGW-GVT-5233,RNA Standard  Usage (per sample),297792,Guadalupe Valencia Toxqui,,"Ramsey, Jolene (TAMU) Lab",,Texas A&M University,RNA Standard  Usage (per sample),,0638,WSGI,completed,billing_initialized,each,65.8,9/5/25 13:15,9/5/25 13:15,9/29/25 10:26,9/29/25 16:12,9/30/25 03:00,9/29/25 23:59,Paola Galvan,Molecular Genomics Workspace,MGW-5434221,,,,,66578121,No status set,,Self Service - TapeStation/Bioanalyzer,N/A,,,,,,3986
MGW-HN-5262,Equipment Scheduling,297793,Hailee Nerber,,"Skare, Jon (TAMU) Lab",,Texas A&M University,RNA HS Usage (per sample),,0638,WSGI,completed,billing_initialized,each,10.5,9/5/25 14:02,9/8/25 11:09,9/26/25 13:23,9/29/25 16:12,9/30/25 03:00,9/29/25 23:59,Hailee Nerber,Molecular Genomics Workspace,MGW-5434222,,,,,66580208,No status set,,Self Service - TapeStation/Bioanalyzer,N/A,,,,,,3986
MGW-HN-5262,Equipment Scheduling,295966,Hailee Nerber,,"Skare, Jon (TAMU) Lab",,Texas A&M University,"Tape Station (Agilent) (Tape Station (Agilent)) | Monday, September 08",,0638,WSGI,completed,billing_initialized,hour,0,9/26/25 13:23,9/8/25 11:09,9/26/25 13:23,9/29/25 16:12,9/30/25 03:00,9/29/25 23:59,Paola Galvan,Molecular Genomics Workspace,MGW-5434222,,,,,67081273,No status set,,Molecular Biology,Self-Use,,,,,,3986
MGW-HN-5262,Equipment Scheduling,297792,Hailee Nerber,,"Skare, Jon (TAMU) Lab",,Texas A&M University,RNA Standard  Usage (per sample),,0638,WSGI,completed,billing_initialized,each,28.2,9/28/25 16:02,9/29/25 13:06,9/29/25 15:29,9/29/25 16:12,9/30/25 03:00,9/29/25 23:59,Hailee Nerber,Molecular Genomics Workspace,MGW-5434222,,,,,67096242,No status set,,Self Service - TapeStation/Bioanalyzer,N/A,,,,,,3986
MGW-HN-5262,Equipment Scheduling,295966,Hailee Nerber,,"Skare, Jon (TAMU) Lab",,Texas A&M University,"Tape Station (Agilent) (Tape Station (Agilent)) | Monday, September 29",,0638,WSGI,completed,billing_initialized,hour,0,9/29/25 15:29,9/29/25 13:06,9/29/25 15:29,9/29/25 16:12,9/30/25 03:00,9/29/25 23:59,Paola Galvan,Molecular Genomics Workspace,MGW-5434222,,,,,67142163,No status set,,Molecular Biology,Self-Use,,,,,,3986
MGW-HN-5312,Equipment Scheduling,297792,Hailee Nerber,,"Skare, Jon (TAMU) Lab",,Texas A&M University,RNA Standard  Usage (per sample),,0638,WSGI,completed,billing_initialized,each,37.6,10/16/25 15:40,10/17/25 14:51,10/27/25 10:08,10/28/25 16:51,10/31/25 03:00,10/28/25 23:59,Hailee Nerber,Molecular Genomics Workspace,MGW-5492186,,,,,67615039,No status set,,Self Service - TapeStation/Bioanalyzer,N/A,,,,,,3986
MGW-HN-5312,Equipment Scheduling,295966,Hailee Nerber,,"Skare, Jon (TAMU) Lab",,Texas A&M University,"Tape Station (Agilent) (Tape Station (Agilent)) | Friday, October 17",,0638,WSGI,completed,billing_initialized,hour,0,10/27/25 10:08,10/17/25 14:51,10/27/25 10:08,10/28/25 16:51,10/31/25 03:00,10/28/25 23:59,Paola Galvan,Molecular Genomics Workspace,MGW-5492186,,,,,67833702,No status set,,Molecular Biology,Self-Use,,,,,,3986
MGW-HN-5453,Equipment Scheduling,297792,Hailee Nerber,,"Skare, Jon (TAMU) Lab",,Texas A&M University,RNA Standard  Usage (per sample),,0638,WSGI,completed,billing_initialized,each,16.5,2/10/26 10:30,2/10/26 15:21,2/20/26 12:08,2/20/26 12:25,2/21/26 03:00,2/20/26 23:59,Hailee Nerber,Molecular Genomics Workspace,MGW-5720451,,,,,70347886,No status set,,Self Service - TapeStation/Bioanalyzer,N/A,,,,,,3986
MGW-HN-5453,Equipment Scheduling,295966,Hailee Nerber,,"Skare, Jon (TAMU) Lab",,Texas A&M University,"Tape Station (Agilent) (Tape Station (Agilent)) | Tuesday, February 10",,0638,WSGI,completed,billing_initialized,hour,8,2/20/26 12:08,2/10/26 15:21,2/20/26 12:08,2/20/26 12:25,2/21/26 03:00,2/20/26 23:59,Paola Galvan,Molecular Genomics Workspace,MGW-5720451,,,,,70600925,No status set,,Molecular Biology,Self-Use,,,,,,3986
MGW-HB-5466,Training Request,559377,Hajar Bennis,,"Gentry, Terry J. (TAMU) Lab",Soil & Crop Sciences,Texas A&M University,Laboratory Technician,,0638,WSGI,completed,billing_initialized,hour,50,3/4/26 09:33,3/4/26 09:33,3/27/26 16:16,4/24/26 16:21,4/25/26 03:00,4/24/26 23:59,Paola Galvan,Molecular Genomics Workspace,MGW-5846981,,,,,70924127,No status set,,Laboratory Technician,N/A,,,,,,3986
MGW-HB-5542,Equipment Scheduling,561756,Hajar Bennis,,"Gentry, Terry J. (TAMU) Lab",Soil & Crop Sciences,Texas A&M University,QX200 ddPCR Usage (8 columns),,0638,WSGI,completed,not_billable,each,0,4/15/26 15:07,4/16/26 12:30,4/23/26 13:32,4/24/26 16:21,4/25/26 03:00,4/24/26 23:59,Hajar Bennis,Molecular Genomics Workspace,MGW-5846981,Cancellation,,,,72010752,No status set,,Self Service - QX200 ddPCR,N/A,,,,,,3986
MGW-HB-5540,Equipment Scheduling,561762,Hajar Bennis,,"Gentry, Terry J. (TAMU) Lab",Soil & Crop Sciences,Texas A&M University,QX200 ddPCR Usage (12 columns),,0638,WSGI,completed,billing_initialized,each,594,4/15/26 17:19,4/15/26 12:00,4/23/26 13:32,4/24/26 16:21,4/25/26 03:00,4/24/26 23:59,Paola Galvan,Molecular Genomics Workspace,MGW-5846981,,,,,72014418,No status set,,Self Service - QX200 ddPCR,N/A,,,,,,3986
MGW-HB-5540,Equipment Scheduling,561751,Hajar Bennis,,"Gentry, Terry J. (TAMU) Lab",Soil & Crop Sciences,Texas A&M University,QX200 ddPCR Usage (4 columns),,0638,WSGI,completed,not_billable,each,0,4/16/26 15:55,4/17/26 11:00,4/23/26 13:32,4/24/26 16:21,4/25/26 03:00,4/24/26 23:59,Paola Galvan,Molecular Genomics Workspace,MGW-5846981,Equipment Failure,,,,72043741,No status set,,Self Service - QX200 ddPCR,N/A,,,,,,3986
MGW-HB-5540,Equipment Scheduling,296365,Hajar Bennis,,"Gentry, Terry J. (TAMU) Lab",Soil & Crop Sciences,Texas A&M University,"QX200 Droplet Digital PCR System (Bio-Rad) (ddPCR system) | Wednesday, April 15",,0638,WSGI,completed,billing_initialized,hour,206,4/23/26 13:32,4/15/26 12:00,4/23/26 13:32,4/24/26 16:21,4/25/26 03:00,4/24/26 23:59,Paola Galvan,Molecular Genomics Workspace,MGW-5846981,,,,,72193713,No status set,,Molecular Biology,Self Use,,,,,,3986
MGW-HB-5541,Equipment Scheduling,296365,Hajar Bennis,,"Gentry, Terry J. (TAMU) Lab",Soil & Crop Sciences,Texas A&M University,"QX200 Droplet Digital PCR System (Bio-Rad) (ddPCR system) | Wednesday, April 15 (cancellation)",,0638,WSGI,completed,not_billable,hour,0,4/23/26 13:32,4/15/26 15:00,4/23/26 13:32,4/24/26 16:21,4/25/26 03:00,4/24/26 23:59,Paola Galvan,Molecular Genomics Workspace,MGW-5846981,Cancellation,,,,72193714,No status set,,Molecular Biology,Self Use,,,,,,3986
MGW-HB-5540,Equipment Scheduling,296365,Hajar Bennis,,"Gentry, Terry J. (TAMU) Lab",Soil & Crop Sciences,Texas A&M University,"QX200 Droplet Digital PCR System (Bio-Rad) (ddPCR system) | Friday, April 17",,0638,WSGI,completed,billing_initialized,hour,240,4/23/26 13:32,4/17/26 11:00,4/23/26 13:32,4/24/26 16:21,4/25/26 03:00,4/24/26 23:59,Paola Galvan,Molecular Genomics Workspace,MGW-5846981,,,,,72193716,No status set,,Molecular Biology,Self Use,,,,,,3986
MGW-HB-5542,Equipment Scheduling,296365,Hajar Bennis,,"Gentry, Terry J. (TAMU) Lab",Soil & Crop Sciences,Texas A&M University,"QX200 Droplet Digital PCR System (Bio-Rad) (ddPCR system) | Thursday, April 16 (cancellation)",,0638,WSGI,completed,not_billable,hour,0,4/23/26 13:32,4/16/26 12:30,4/23/26 13:32,4/24/26 16:21,4/25/26 03:00,4/24/26 23:59,Paola Galvan,Molecular Genomics Workspace,MGW-5846981,Cancellation,,,,72193717,No status set,,Molecular Biology,Self Use,,,,,,3986
MGW-HL-5613,Equipment Scheduling,297790,Hanhong Liu,,"Zhu, Mingyuan (TAMU) Lab",,Texas A&M University,DNA HS D5000 Usage (per sample) - Consumables,,0638,WSGI,completed,billing_initialized,each,75.2,6/16/26 11:11,6/17/26 10:20,6/22/26 12:32,6/25/26 11:44,7/6/26 17:14,6/25/26 23:59,Hanhong Liu,Molecular Genomics Workspace,MGW-5970370,,,,,73523310,No status set,,Self Service - TapeStation/Bioanalyzer,N/A,,,,,,3986
MGW-HL-5613,Equipment Scheduling,561949,Hanhong Liu,,"Zhu, Mingyuan (TAMU) Lab",,Texas A&M University,HS D5000 ladder (1-4 samples) - Consumables,,0638,WSGI,completed,billing_initialized,each,21.35,6/16/26 11:11,6/17/26 10:20,6/22/26 12:32,6/25/26 11:44,7/6/26 17:14,6/25/26 23:59,Hanhong Liu,Molecular Genomics Workspace,MGW-5970370,,,,,73523315,No status set,,Self Service - TapeStation/Bioanalyzer,N/A,,,,,,3986
MGW-HL-5613,Equipment Scheduling,297790,Hanhong Liu,,"Zhu, Mingyuan (TAMU) Lab",,Texas A&M University,DNA HS D5000 Usage (per sample) - Consumables,,0638,WSGI,completed,billing_initialized,each,75.2,6/17/26 17:09,6/18/26 14:44,6/22/26 12:33,6/25/26 11:44,7/6/26 17:14,6/25/26 23:59,Hanhong Liu,Molecular Genomics Workspace,MGW-5970370,,,,,73572914,No status set,,Self Service - TapeStation/Bioanalyzer,N/A,,,,,,3986
MGW-HL-5613,Equipment Scheduling,561949,Hanhong Liu,,"Zhu, Mingyuan (TAMU) Lab",,Texas A&M University,HS D5000 ladder (1-4 samples) - Consumables,,0638,WSGI,completed,billing_initialized,each,21.35,6/17/26 17:09,6/18/26 14:44,6/22/26 12:33,6/25/26 11:44,7/6/26 17:14,6/25/26 23:59,Hanhong Liu,Molecular Genomics Workspace,MGW-5970370,,,,,73572916,No status set,,Self Service - TapeStation/Bioanalyzer,N/A,,,,,,3986
MGW-HL-5613,Equipment Scheduling,295966,Hanhong Liu,,"Zhu, Mingyuan (TAMU) Lab",,Texas A&M University,"Tape Station (Agilent) (Tape Station (Agilent)) | Wednesday, June 17",,0638,WSGI,completed,billing_initialized,hour,9,6/22/26 12:32,6/17/26 10:20,6/22/26 12:32,6/25/26 11:44,7/6/26 17:14,6/25/26 23:59,Paola Galvan,Molecular Genomics Workspace,MGW-5970370,,,,,73639648,No status set,,Molecular Biology,Self-Use,,,,,,3986
MGW-HL-5613,Equipment Scheduling,295966,Hanhong Liu,,"Zhu, Mingyuan (TAMU) Lab",,Texas A&M University,"Tape Station (Agilent) (Tape Station (Agilent)) | Thursday, June 18",,0638,WSGI,completed,billing_initialized,hour,9,6/22/26 12:33,6/18/26 14:44,6/22/26 12:33,6/25/26 11:44,7/6/26 17:14,6/25/26 23:59,Paola Galvan,Molecular Genomics Workspace,MGW-5970370,,,,,73639673,No status set,,Molecular Biology,Self-Use,,,,,,3986
MGW-HL-5709,Equipment Scheduling,297790,Hanhong Liu,,"Zhu, Mingyuan (TAMU) Lab",,Texas A&M University,DNA HS D5000 Usage (per sample) - Consumables,,0638,WSGI,completed,billing_initialized,each,300.8,8/12/26 22:19,8/13/26 15:19,8/20/26 12:12,8/24/26 15:43,8/25/26 03:05,8/24/26 23:59,Hanhong Liu,Molecular Genomics Workspace,MGW-6084223,,,,,74950791,No status set,,Self Service - TapeStation/Bioanalyzer,N/A,,,,,,3986
MGW-HL-5709,Equipment Scheduling,561950,Hanhong Liu,,"Zhu, Mingyuan (TAMU) Lab",,Texas A&M University,HS D5000 ladder (5-20 samples) - Consumables,,0638,WSGI,completed,billing_initialized,each,39.4,8/12/26 22:19,8/13/26 15:19,8/20/26 12:12,8/24/26 15:43,8/25/26 03:05,8/24/26 23:59,Hanhong Liu,Molecular Genomics Workspace,MGW-6084223,,,,,74950792,No status set,,Self Service - TapeStation/Bioanalyzer,N/A,,,,,,3986
MGW-HL-5709,Equipment Scheduling,297790,Hanhong Liu,,"Zhu, Mingyuan (TAMU) Lab",,Texas A&M University,DNA HS D5000 Usage (per sample) - Consumables,,0638,WSGI,completed,billing_initialized,each,150.4,8/14/26 15:23,8/19/26 10:01,8/20/26 12:20,8/24/26 15:43,8/25/26 03:05,8/24/26 23:59,Hanhong Liu,Molecular Genomics Workspace,MGW-6084223,,,,,75006102,No status set,,Self Service - TapeStation/Bioanalyzer,N/A,,,,,,3986
MGW-HL-5709,Equipment Scheduling,561950,Hanhong Liu,,"Zhu, Mingyuan (TAMU) Lab",,Texas A&M University,HS D5000 ladder (5-20 samples) - Consumables,,0638,WSGI,completed,billing_initialized,each,39.4,8/14/26 15:23,8/19/26 10:01,8/20/26 12:20,8/24/26 15:43,8/25/26 03:05,8/24/26 23:59,Hanhong Liu,Molecular Genomics Workspace,MGW-6084223,,,,,75006109,No status set,,Self Service - TapeStation/Bioanalyzer,N/A,,,,,,3986
MGW-HL-5709,Equipment Scheduling,295966,Hanhong Liu,,"Zhu, Mingyuan (TAMU) Lab",,Texas A&M University,"Tape Station (Agilent) (Tape Station (Agilent)) | Thursday, August 13",,0638,WSGI,completed,billing_initialized,hour,25,8/20/26 12:12,8/13/26 15:19,8/20/26 12:12,8/24/26 15:43,8/25/26 03:05,8/24/26 23:59,Paola Galvan,Molecular Genomics Workspace,MGW-6084223,,,,,75111846,No status set,,Molecular Biology,Self-Use,,,,,,3986
MGW-HL-5709,Equipment Scheduling,295966,Hanhong Liu,,"Zhu, Mingyuan (TAMU) Lab",,Texas A&M University,"Tape Station (Agilent) (Tape Station (Agilent)) | Wednesday, August 19",,0638,WSGI,completed,billing_initialized,hour,14,8/20/26 12:20,8/19/26 10:01,8/20/26 12:20,8/24/26 15:43,8/25/26 03:05,8/24/26 23:59,Paola Galvan,Molecular Genomics Workspace,MGW-6084223,,,,,75112195,No status set,,Molecular Biology,Self-Use,,,,,,3986
MGW-HL-5709,Equipment Scheduling,297790,Hanhong Liu,,"Zhu, Mingyuan (TAMU) Lab",,Texas A&M University,DNA HS D5000 Usage (per sample) - Consumables,,0638,WSGI,completed,billing_initialized,each,150.4,8/31/26 08:23,8/31/26 14:27,9/23/26 13:23,9/24/26 11:26,9/25/26 03:05,9/24/26 23:59,Hanhong Liu,Molecular Genomics Workspace,MGW-6140680,,,,,75330362,No status set,,Self Service - TapeStation/Bioanalyzer,N/A,,,,,,3986
MGW-HL-5709,Equipment Scheduling,561950,Hanhong Liu,,"Zhu, Mingyuan (TAMU) Lab",,Texas A&M University,HS D5000 ladder (5-20 samples) - Consumables,,0638,WSGI,completed,billing_initialized,each,39.4,8/31/26 08:23,8/31/26 14:27,9/23/26 13:23,9/24/26 11:26,9/25/26 03:05,9/24/26 23:59,Hanhong Liu,Molecular Genomics Workspace,MGW-6140680,,,,,75330366,No status set,,Self Service - TapeStation/Bioanalyzer,N/A,,,,,,3986
MGW-HL-5709,Equipment Scheduling,295966,Hanhong Liu,,"Zhu, Mingyuan (TAMU) Lab",,Texas A&M University,"Tape Station (Agilent) (Tape Station (Agilent)) | Monday, August 31",,0638,WSGI,completed,billing_initialized,hour,15,9/23/26 13:23,8/31/26 14:27,9/23/26 13:23,9/24/26 11:26,9/25/26 03:05,9/24/26 23:59,Paola Galvan,Molecular Genomics Workspace,MGW-6140680,,,,,75903736,No status set,,Molecular Biology,Self-Use,,,,,,3986
MGW-HC-5684,Project Request,559373,Hannah Carter,,"Porter, Weston (TAMU) Lab",,Texas A&M University,4200 TapeStation,,0638,WSGI,completed,billing_initialized,hour,28.8,8/6/26 13:15,8/6/26 13:15,9/21/26 10:12,9/24/26 11:26,9/25/26 03:05,9/24/26 23:59,jun Fan,Molecular Genomics Workspace,MGW-6140674,,,,,74799801,No status set,,Instrument Charges,N/A,,,,,,3986
MGW-HC-5684,Project Request,559371,Hannah Carter,,"Porter, Weston (TAMU) Lab",,Texas A&M University,NextSeq 2000 Sequencing System (S/N VH00580),,0638,WSGI,completed,billing_initialized,each,75,8/6/26 13:15,8/6/26 13:15,9/21/26 10:12,9/24/26 11:26,9/25/26 03:05,9/24/26 23:59,jun Fan,Molecular Genomics Workspace,MGW-6140674,,,,,74799802,No status set,,Instrument Charges,N/A,,,,,,3986
MGW-HC-5684,Project Request,561151,Hannah Carter,,"Porter, Weston (TAMU) Lab",,Texas A&M University,QC RNA - Consumables,,0638,WSGI,completed,billing_initialized,each,106.2,8/6/26 13:15,8/6/26 13:15,9/21/26 10:12,9/24/26 11:26,9/25/26 03:05,9/24/26 23:59,jun Fan,Molecular Genomics Workspace,MGW-6140674,,,,,74799816,No status set,,QC - Consumables,N/A,,,,,,3986
MGW-HC-5684,Project Request,561152,Hannah Carter,,"Porter, Weston (TAMU) Lab",,Texas A&M University,QC Core-prepared Library - Consumables,,0638,WSGI,completed,billing_initialized,each,186.6,8/6/26 13:15,8/6/26 13:15,9/21/26 10:12,9/24/26 11:26,9/25/26 03:05,9/24/26 23:59,jun Fan,Molecular Genomics Workspace,MGW-6140674,,,,,74799828,No status set,,QC - Consumables,N/A,,,,,,3986
MGW-HC-5684,Project Request,561161,Hannah Carter,,"Porter, Weston (TAMU) Lab",,Texas A&M University,Qiagen Rneasy Mini Kit - Consumables,,0638,WSGI,completed,billing_initialized,each,199.68,8/6/26 13:16,8/6/26 13:16,9/21/26 10:12,9/24/26 11:26,9/25/26 03:05,9/24/26 23:59,jun Fan,Molecular Genomics Workspace,MGW-6140674,,,,,74799840,No status set,,DNA-RNA-Isolation - Consumable,N/A,,,,,,3986
MGW-HC-5684,Project Request,564573,Hannah Carter,,"Porter, Weston (TAMU) Lab",,Texas A&M University,Wathmaker mRNAseq library - Consumables,,0638,WSGI,completed,billing_initialized,each,643.56,8/6/26 13:16,8/6/26 13:16,9/21/26 10:12,9/24/26 11:26,9/25/26 03:05,9/24/26 23:59,jun Fan,Molecular Genomics Workspace,MGW-6140674,,,,,74799856,No status set,,RNA Library Preparation - Consumables,N/A,,,,,,3986
MGW-HC-5684,Project Request,559377,Hannah Carter,,"Porter, Weston (TAMU) Lab",,Texas A&M University,Laboratory Technician,,0638,WSGI,completed,billing_initialized,hour,450,8/6/26 13:17,8/6/26 13:17,9/21/26 10:12,9/24/26 11:26,9/25/26 03:05,9/24/26 23:59,jun Fan,Molecular Genomics Workspace,MGW-6140674,,,,,74799905,No status set,,Laboratory Technician,N/A,,,,,,3986
MGW-HC-5684,Project Request,561256,Hannah Carter,,"Porter, Weston (TAMU) Lab",,Texas A&M University,NextSeq 2000 P3 XLEAP-SBS Reagent Kit (200 cycles) - Consumables,,0638,WSGI,completed,billing_initialized,each,1097.58,8/6/26 13:18,8/6/26 13:18,9/21/26 10:12,9/24/26 11:26,9/25/26 03:05,9/24/26 23:59,jun Fan,Molecular Genomics Workspace,MGW-6140674,,,,,74799941,No status set,,Sequencing (NextSeq 2000) - Consumables,N/A,,,,,,3986
MGW-HK-5431,Project Request,561159,Harpreet Kaur,,"Porter, Weston (TAMU) Lab",,Texas A&M University,Qiagen miRNeasy Serum/Plasma Advanced Kit (50),The number might change once the actual samples arrive.,0638,WSGI,completed,billing_initialized,each,393.87,2/3/26 11:41,2/3/26 11:41,3/23/26 10:32,4/24/26 16:20,4/25/26 03:00,4/24/26 23:59,jun Fan,Molecular Genomics Workspace,MGW-5846975,,,,,70163800,No status set,,DNA-RNA-Isolation - Consumable,N/A,,,,,,3986
MGW-HK-5431,Project Request,561151,Harpreet Kaur,,"Porter, Weston (TAMU) Lab",,Texas A&M University,QC RNA,including Qubit and Tapestaion,0638,WSGI,completed,billing_initialized,each,168.15,2/3/26 11:42,2/3/26 11:42,3/23/26 10:32,4/24/26 16:20,4/25/26 03:00,4/24/26 23:59,jun Fan,Molecular Genomics Workspace,MGW-5846975,,,,,70163814,No status set,,QC - Consumables,N/A,,,,,,3986
MGW-HK-5431,Project Request,559373,Harpreet Kaur,,"Porter, Weston (TAMU) Lab",,Texas A&M University,4200 TapeStation,Tapestation instrument running charge for RNA QC and library QC,0638,WSGI,completed,billing_initialized,hour,45.6,2/3/26 11:42,2/3/26 11:42,3/23/26 10:32,4/24/26 16:20,4/25/26 03:00,4/24/26 23:59,jun Fan,Molecular Genomics Workspace,MGW-5846975,,,,,70163824,No status set,,Instrument Charges,N/A,,,,,,3986
MGW-HK-5431,Project Request,559371,Harpreet Kaur,,"Porter, Weston (TAMU) Lab",,Texas A&M University,NextSeq 2000 Sequencing System (S/N VH00580),Nextseq instrument running charge for sequencing.,0638,WSGI,completed,billing_initialized,each,250,2/3/26 11:42,2/3/26 11:42,3/23/26 10:32,4/24/26 16:20,4/25/26 03:00,4/24/26 23:59,jun Fan,Molecular Genomics Workspace,MGW-5846975,,,,,70163835,No status set,,Instrument Charges,N/A,,,,,,3986
MGW-HK-5431,Project Request,559377,Harpreet Kaur,,"Porter, Weston (TAMU) Lab",,Texas A&M University,Laboratory Technician,"The labor hours cover RNA extraction, QC, library preparation, and sequencing loading.",0638,WSGI,completed,billing_initialized,hour,700,2/3/26 11:43,2/3/26 11:43,3/23/26 10:32,4/24/26 16:20,4/25/26 03:00,4/24/26 23:59,jun Fan,Molecular Genomics Workspace,MGW-5846975,,,,,70163849,No status set,,Laboratory Technician,N/A,,,,,,3986
MGW-HK-5431,Project Request,561152,Harpreet Kaur,,"Porter, Weston (TAMU) Lab",,Texas A&M University,QC Core-prepared Library,,0638,WSGI,completed,billing_initialized,each,295.45,2/3/26 11:43,2/3/26 11:43,3/23/26 10:32,4/24/26 16:20,4/25/26 03:00,4/24/26 23:59,jun Fan,Molecular Genomics Workspace,MGW-5846975,,,,,70163863,No status set,,QC - Consumables,N/A,,,,,,3986
MGW-HK-5431,Project Request,564573,Harpreet Kaur,,"Porter, Weston (TAMU) Lab",,Texas A&M University,Wathmaker mRNAseq library,,0638,WSGI,completed,billing_initialized,each,1018.97,2/3/26 11:52,2/3/26 11:52,3/23/26 10:32,4/24/26 16:20,4/25/26 03:00,4/24/26 23:59,jun Fan,Molecular Genomics Workspace,MGW-5846975,,,,,70164259,No status set,,RNA Library Preparation - Consumables,N/A,,,,,,3986
MGW-HK-5431,Project Request,561246,Harpreet Kaur,,"Porter, Weston (TAMU) Lab",,Texas A&M University,NextSeq 2000 P2 XLEAP-SBS Reagent Kit (200 cycles),,0638,WSGI,completed,billing_initialized,each,2258.3,2/3/26 11:52,2/3/26 11:52,3/23/26 10:32,4/24/26 16:20,4/25/26 03:00,4/24/26 23:59,jun Fan,Molecular Genomics Workspace,MGW-5846975,,,,,70164295,No status set,,Sequencing (NextSeq 2000) - Consumables,N/A,,,,,,3986
MGW-HK-5555,Project Request,561549,Harpreet Kaur,,"Porter, Weston (TAMU) Lab",,Texas A&M University,Droplet Digital PCR Full Service per 8 samples; one target - Consumables,Provided own assay kit - charge for consumables only,0638,WSGI,completed,billing_initialized,each,176.16,5/14/26 11:46,5/14/26 11:46,8/12/26 15:17,8/24/26 15:43,8/25/26 03:05,8/24/26 23:59,Paola Galvan,Molecular Genomics Workspace,MGW-6084205,,,,,72755877,No status set,,Droplet Digital PCR - Consumables,N/A,,,,,,3986
MGW-HK-5555,Project Request,559379,Harpreet Kaur,,"Porter, Weston (TAMU) Lab",,Texas A&M University,Bio-Rad ddPCR System,Instrument run charge,0638,WSGI,completed,billing_initialized,hour,168,5/14/26 11:47,5/14/26 11:47,8/12/26 15:17,8/24/26 15:43,8/25/26 03:05,8/24/26 23:59,Paola Galvan,Molecular Genomics Workspace,MGW-6084205,,,,,72755885,No status set,,Instrument Charges,N/A,,,,,,3986
MGW-HK-5555,Project Request,559377,Harpreet Kaur,,"Porter, Weston (TAMU) Lab",,Texas A&M University,Laboratory Technician,,0638,WSGI,completed,billing_initialized,hour,125,5/14/26 11:47,5/14/26 11:47,8/12/26 15:17,8/24/26 15:43,8/25/26 03:05,8/24/26 23:59,Paola Galvan,Molecular Genomics Workspace,MGW-6084205,,,,,72755897,No status set,,Laboratory Technician,N/A,,,,,,3986
MGW-HK-5635,Project Request,561160,Harpreet Kaur,,"Porter, Weston (TAMU) Lab",,Texas A&M University,Qiagen Rneasy Plus Universeral RNA Isolation - Consumables,,0638,WSGI,financials_approved,not_ready_to_bill,each,1582.4,7/13/26 16:45,7/13/26 16:45,,n/a,n/a,n/a,jun Fan,Molecular Genomics Workspace,no invoice,,,,,74192981,No status set,,DNA-RNA-Isolation - Consumable,N/A,,,,,,3986
MGW-HK-5635,Project Request,561151,Harpreet Kaur,,"Porter, Weston (TAMU) Lab",,Texas A&M University,QC RNA - Consumables,,0638,WSGI,financials_approved,not_ready_to_bill,each,708,7/13/26 16:45,7/13/26 16:45,,n/a,n/a,n/a,jun Fan,Molecular Genomics Workspace,no invoice,,,,,74192986,No status set,,QC - Consumables,N/A,,,,,,3986
MGW-HK-5635,Project Request,559373,Harpreet Kaur,,"Porter, Weston (TAMU) Lab",,Texas A&M University,4200 TapeStation,,0638,WSGI,financials_approved,not_ready_to_bill,hour,96,7/13/26 16:45,7/13/26 16:45,,n/a,n/a,n/a,jun Fan,Molecular Genomics Workspace,no invoice,,,,,74192992,No status set,,Instrument Charges,N/A,,,,,,3986
MGW-HK-5635,Project Request,559377,Harpreet Kaur,,"Porter, Weston (TAMU) Lab",,Texas A&M University,Laboratory Technician,,0638,WSGI,financials_approved,not_ready_to_bill,hour,350,7/13/26 16:45,7/13/26 16:45,,n/a,n/a,n/a,jun Fan,Molecular Genomics Workspace,no invoice,,,,,74192994,No status set,,Laboratory Technician,N/A,,,,,,3986
MGW-HK-5635,Project Request,561549,Harpreet Kaur,,"Porter, Weston (TAMU) Lab",,Texas A&M University,Droplet Digital PCR Full Service per 8 samples; one target - Consumables,,0638,WSGI,financials_approved,not_ready_to_bill,each,901.44,7/13/26 16:51,7/13/26 16:51,,n/a,n/a,n/a,jun Fan,Molecular Genomics Workspace,no invoice,,,,,74193175,No status set,,Droplet Digital PCR - Consumables,N/A,,,,,,3986
MGW-HK-5635,Project Request,559379,Harpreet Kaur,,"Porter, Weston (TAMU) Lab",,Texas A&M University,Bio-Rad ddPCR System,,0638,WSGI,financials_approved,not_ready_to_bill,hour,280,7/13/26 16:52,7/13/26 16:52,,n/a,n/a,n/a,jun Fan,Molecular Genomics Workspace,no invoice,,,,,74193187,No status set,,Instrument Charges,N/A,,,,,,3986
MGW-HK-5635,Project Request,559377,Harpreet Kaur,,"Porter, Weston (TAMU) Lab",,Texas A&M University,Laboratory Technician,,0638,WSGI,financials_approved,not_ready_to_bill,hour,75,7/13/26 16:52,7/13/26 16:52,,n/a,n/a,n/a,jun Fan,Molecular Genomics Workspace,no invoice,,,,,74193198,No status set,,Laboratory Technician,N/A,,,,,,3986
MGW-HT-5274,Equipment Scheduling,292897,Henry Thornton,,"Stelly, David (TAMU) Lab",,Texas A&M University,DNA/RNA Qubit Usage (per sample) ,,0638,WSGI,completed,billing_initialized,each,2.9,9/19/25 15:59,9/16/25 16:09,9/26/25 13:32,9/29/25 16:12,9/30/25 03:00,9/29/25 23:59,Paola Galvan,Molecular Genomics Workspace,MGW-5434240,,,,,66925426,No status set,,Self Service - Qubit,N/A,,,,,,3986
MGW-HT-5274,Equipment Scheduling,292907,Henry Thornton,,"Stelly, David (TAMU) Lab",,Texas A&M University,"Qubit Fluorometer (Life Technologies) (Qubit Fluorometer (Life Technologies)) | Tuesday, September 16",,0638,WSGI,completed,billing_initialized,hour,0,9/26/25 13:32,9/16/25 16:09,9/26/25 13:32,9/29/25 16:12,9/30/25 03:00,9/29/25 23:59,Paola Galvan,Molecular Genomics Workspace,MGW-5434240,,,,,67081777,No status set,,Molecular Biology,Self-Use,,,,,,3986
MGW-HZ-5693,QC RNA - Consumables,561151,Hongbin Zhang,,"Zhang, Hongbin (TAMU) Lab",Soil & Crop Sciences,Texas A&M University,QC RNA - Consumables,TapeStation only,0638,WSGI,proposed,not_ready_to_bill,each,99,8/13/26 14:24,8/13/26 14:24,,n/a,n/a,n/a,Sarah Sharpton,Molecular Genomics Workspace,no invoice,,,,,74966919,No status set,,QC - Consumables,N/A,,,,,,3986
MGW-HZ-5693,QC RNA - Consumables,559373,Hongbin Zhang,,"Zhang, Hongbin (TAMU) Lab",Soil & Crop Sciences,Texas A&M University,4200 TapeStation,,0638,WSGI,proposed,not_ready_to_bill,hour,39.6,8/14/26 10:54,8/14/26 10:54,,n/a,n/a,n/a,Sarah Sharpton,Molecular Genomics Workspace,no invoice,,,,,74986393,No status set,,Instrument Charges,N/A,,,,,,3986
MGW-HZ-5693,QC RNA - Consumables,559376,Hongbin Zhang,,"Zhang, Hongbin (TAMU) Lab",Soil & Crop Sciences,Texas A&M University,Consumables,TapeStation RNA Ladder,0638,WSGI,proposed,not_ready_to_bill,each,10,8/14/26 10:54,8/14/26 10:54,,n/a,n/a,n/a,Sarah Sharpton,Molecular Genomics Workspace,no invoice,,,,,74986417,No status set,,Consumables,N/A,,,,,,3986
MGW-HW-5241,QC RNA  (per sample),504608,Hongying Wang,Post-Doctoral Fellow,"Sun, Yuxiang (TAMU) Lab",Nutrition & Food Science,Texas A&M University,QC RNA  (per sample),,0638,WSGI,completed,billing_initialized,each,163.8,9/8/25 21:16,9/8/25 21:16,9/29/25 16:06,9/29/25 16:12,9/30/25 03:00,9/29/25 23:59,jun Fan,Molecular Genomics Workspace,MGW-5434214,,,,,66632206,No status set,,Full Service - DNA/RNA QC,N/A,,,,,,3986
MGW-HW-5241,QC RNA  (per sample),307585,Hongying Wang,Post-Doctoral Fellow,"Sun, Yuxiang (TAMU) Lab",Nutrition & Food Science,Texas A&M University,Bioinformatics Service (per hour),,0638,WSGI,completed,billing_initialized,hour,75,9/8/25 21:17,9/8/25 21:17,9/29/25 16:06,9/29/25 16:12,9/30/25 03:00,9/29/25 23:59,jun Fan,Molecular Genomics Workspace,MGW-5434214,,,,,66632217,No status set,,Full Service - Bioinformatics,N/A,,,,,,3986
MGW-HW-5241,QC RNA  (per sample),534534,Hongying Wang,Post-Doctoral Fellow,"Sun, Yuxiang (TAMU) Lab",Nutrition & Food Science,Texas A&M University,Sequencing - P3-XLEAP - 200 cycle (~1B reads),,0638,WSGI,completed,billing_initialized,each,945,9/8/25 21:20,9/8/25 21:20,9/29/25 16:06,9/29/25 16:12,9/30/25 03:00,9/29/25 23:59,jun Fan,Molecular Genomics Workspace,MGW-5434214,,,,,66632225,No status set,,Full Service - Sequencing (NextSeq 2000),N/A,,,,,,3986
MGW-HW-5241,QC RNA  (per sample),504610,Hongying Wang,Post-Doctoral Fellow,"Sun, Yuxiang (TAMU) Lab",Nutrition & Food Science,Texas A&M University,Illumina Stranded mRNA (Ligation) Library Preparation (per sample),,0638,WSGI,completed,billing_initialized,each,1260,9/15/25 09:43,9/15/25 09:43,9/29/25 16:06,9/29/25 16:12,9/30/25 03:00,9/29/25 23:59,jun Fan,Molecular Genomics Workspace,MGW-5434214,,,,,66774148,No status set,,Full Service - RNA Library Preparation for Illumina NGS,N/A,,,,,,3986
MGW-HW-5302,"ddPCR, Probe Chemistry, full service, per column (1-8 samples)",445827,Hongying Wang,Post-Doctoral Fellow,"Sun, Yuxiang (TAMU) Lab",Nutrition & Food Science,Texas A&M University,"ddPCR, Probe Chemistry, full service, per column (1-8 samples)",,0638,WSGI,completed,billing_initialized,each,960,10/24/25 15:46,10/24/25 15:46,4/23/26 12:36,4/24/26 16:20,4/25/26 03:00,4/24/26 23:59,jun Fan,Molecular Genomics Workspace,MGW-5846970,,,,,67813302,No status set,,Full Service - Droplet Digital PCR,N/A,,,,,,3986
MGW-HA-5295,QC RNA  (per sample),504608,Hussain Alcassab,,"Gregory, Carl A (TAMU) Lab",Molecular and Cellular Medicine,Texas A&M University,QC RNA  (per sample),,0638,WSGI,completed,billing_initialized,each,450.45,10/19/25 12:15,10/19/25 12:15,12/15/25 10:10,12/18/25 16:34,12/19/25 03:00,12/18/25 23:59,jun Fan,Molecular Genomics Workspace,MGW-5607169,,,,,67645877,No status set,,Full Service - DNA/RNA QC,N/A,,,,,,3986
MGW-HA-5295,QC RNA  (per sample),504610,Hussain Alcassab,,"Gregory, Carl A (TAMU) Lab",Molecular and Cellular Medicine,Texas A&M University,Illumina Stranded mRNA (Ligation) Library Preparation (per sample),,0638,WSGI,completed,billing_initialized,each,3465,10/19/25 12:15,10/19/25 12:15,12/15/25 10:10,12/18/25 16:34,12/19/25 03:00,12/18/25 23:59,jun Fan,Molecular Genomics Workspace,MGW-5607169,,,,,67645878,No status set,,Full Service - RNA Library Preparation for Illumina NGS,N/A,,,,,,3986
MGW-HA-5295,QC RNA  (per sample),534534,Hussain Alcassab,,"Gregory, Carl A (TAMU) Lab",Molecular and Cellular Medicine,Texas A&M University,Sequencing - P3-XLEAP - 200 cycle (~1B reads),,0638,WSGI,completed,billing_initialized,each,3024,10/19/25 12:16,10/19/25 12:16,12/15/25 10:10,12/18/25 16:34,12/19/25 03:00,12/18/25 23:59,jun Fan,Molecular Genomics Workspace,MGW-5607169,,,,,67645882,No status set,,Full Service - Sequencing (NextSeq 2000),N/A,,,,,,3986
MGW-HWH-5242,QC RNA  (per sample),504608,Hye Won Han,Graduate Student,"Sun, Yuxiang (TAMU) Lab",Nutrition & Food Science,Texas A&M University,QC RNA  (per sample),,0638,WSGI,completed,billing_initialized,each,614.25,9/15/25 09:52,9/15/25 09:52,9/29/25 16:06,9/29/25 16:12,9/30/25 03:00,9/29/25 23:59,jun Fan,Molecular Genomics Workspace,MGW-5434214,,,,,66774563,No status set,,Full Service - DNA/RNA QC,N/A,,,,,,3986
MGW-HWH-5242,QC RNA  (per sample),504610,Hye Won Han,Graduate Student,"Sun, Yuxiang (TAMU) Lab",Nutrition & Food Science,Texas A&M University,Illumina Stranded mRNA (Ligation) Library Preparation (per sample),,0638,WSGI,completed,billing_initialized,each,3780,9/15/25 09:52,9/15/25 09:52,9/29/25 16:06,9/29/25 16:12,9/30/25 03:00,9/29/25 23:59,jun Fan,Molecular Genomics Workspace,MGW-5434214,,,,,66774571,No status set,,Full Service - RNA Library Preparation for Illumina NGS,N/A,,,,,,3986
MGW-HWH-5242,QC RNA  (per sample),534534,Hye Won Han,Graduate Student,"Sun, Yuxiang (TAMU) Lab",Nutrition & Food Science,Texas A&M University,Sequencing - P3-XLEAP - 200 cycle (~1B reads),,0638,WSGI,completed,billing_initialized,each,2835,9/15/25 09:52,9/15/25 09:52,9/29/25 16:06,9/29/25 16:12,9/30/25 03:00,9/29/25 23:59,jun Fan,Molecular Genomics Workspace,MGW-5434214,,,,,66774576,No status set,,Full Service - Sequencing (NextSeq 2000),N/A,,,,,,3986
MGW-HWH-5242,QC RNA  (per sample),307585,Hye Won Han,Graduate Student,"Sun, Yuxiang (TAMU) Lab",Nutrition & Food Science,Texas A&M University,Bioinformatics Service (per hour),,0638,WSGI,completed,billing_initialized,hour,75,9/15/25 09:52,9/15/25 09:52,9/29/25 16:06,9/29/25 16:12,9/30/25 03:00,9/29/25 23:59,jun Fan,Molecular Genomics Workspace,MGW-5434214,,,,,66774579,No status set,,Full Service - Bioinformatics,N/A,,,,,,3986
MGW-HWH-5711,Equipment Scheduling,297793,Hye Won Han,Graduate Student,"Sun, Yuxiang (TAMU) Lab",Nutrition & Food Science,Texas A&M University,RNA HS Usage (per sample) - Consumables,,0638,WSGI,completed,billing_initialized,each,18,8/6/26 14:28,8/7/26 15:00,8/20/26 12:17,8/24/26 15:43,8/25/26 03:05,8/24/26 23:59,Paola Galvan,Molecular Genomics Workspace,MGW-6084219,,,,,74802790,No status set,,Self Service - TapeStation/Bioanalyzer,N/A,,,,,,3986
MGW-HWH-5711,Equipment Scheduling,559377,Hye Won Han,Graduate Student,"Sun, Yuxiang (TAMU) Lab",Nutrition & Food Science,Texas A&M University,Laboratory Technician,,0638,WSGI,completed,billing_initialized,hour,25,8/6/26 14:28,8/7/26 15:00,8/20/26 12:17,8/24/26 15:43,8/25/26 03:05,8/24/26 23:59,Paola Galvan,Molecular Genomics Workspace,MGW-6084219,,,,,74802816,No status set,,Laboratory Technician,N/A,,,,,,3986
MGW-HWH-5711,Equipment Scheduling,295966,Hye Won Han,Graduate Student,"Sun, Yuxiang (TAMU) Lab",Nutrition & Food Science,Texas A&M University,"Tape Station (Agilent) (Tape Station (Agilent)) | Friday, August 07",,0638,WSGI,completed,billing_initialized,hour,10,8/20/26 12:17,8/7/26 15:00,8/20/26 12:17,8/24/26 15:43,8/25/26 03:05,8/24/26 23:59,Paola Galvan,Molecular Genomics Workspace,MGW-6084219,,,,,75112033,No status set,,Molecular Biology,Self-Use,,,,,,3986
MGW-HWH-5711,Equipment Scheduling,297793,Hye Won Han,Graduate Student,"Sun, Yuxiang (TAMU) Lab",Nutrition & Food Science,Texas A&M University,RNA HS Usage (per sample) - Consumables,,0638,WSGI,completed,billing_initialized,each,36,9/23/26 13:16,8/25/26 16:23,9/23/26 13:17,9/24/26 11:26,9/25/26 03:05,9/24/26 23:59,Paola Galvan,Molecular Genomics Workspace,MGW-6140686,,,,,75903429,No status set,,Self Service - TapeStation/Bioanalyzer,N/A,,,,,,3986
MGW-HWH-5711,Equipment Scheduling,295966,Hye Won Han,Graduate Student,"Sun, Yuxiang (TAMU) Lab",Nutrition & Food Science,Texas A&M University,"Tape Station (Agilent) (Tape Station (Agilent)) | Tuesday, August 25",,0638,WSGI,completed,billing_initialized,hour,20,9/23/26 13:17,8/25/26 16:23,9/23/26 13:17,9/24/26 11:26,9/25/26 03:05,9/24/26 23:59,Paola Galvan,Molecular Genomics Workspace,MGW-6140686,,,,,75903477,No status set,,Molecular Biology,Self-Use,,,,,,3986
MGW-HWH-5711,Equipment Scheduling,297792,Hye Won Han,Graduate Student,"Sun, Yuxiang (TAMU) Lab",Nutrition & Food Science,Texas A&M University,RNA Standard  Usage (per sample) - Consumables,,0638,WSGI,completed,billing_initialized,each,11,9/23/26 13:18,8/26/26 16:52,9/23/26 13:19,9/24/26 11:26,9/25/26 03:05,9/24/26 23:59,Paola Galvan,Molecular Genomics Workspace,MGW-6140686,,,,,75903559,No status set,,Self Service - TapeStation/Bioanalyzer,N/A,,,,,,3986
MGW-HWH-5711,Equipment Scheduling,295966,Hye Won Han,Graduate Student,"Sun, Yuxiang (TAMU) Lab",Nutrition & Food Science,Texas A&M University,"Tape Station (Agilent) (Tape Station (Agilent)) | Wednesday, August 26",,0638,WSGI,completed,billing_initialized,hour,7,9/23/26 13:19,8/26/26 16:52,9/23/26 13:19,9/24/26 11:26,9/25/26 03:05,9/24/26 23:59,Paola Galvan,Molecular Genomics Workspace,MGW-6140686,,,,,75903572,No status set,,Molecular Biology,Self-Use,,,,,,3986
MGW-IS-5284,"ddPCR, Probe Chemistry, full service, per column (1-8 samples)",504480,Irtisha Singh,,"Singh, Irtisha (TAMU) Lab",Cell Biology and Genetics,Texas A&M University,QC DNA (per sample),"Dr. Singh and Dr. Gaharwar have $2,208 in credit for a previous project, in which credit will be applied to this project. Price adjusted due to credit applied",0638,WSGI,completed,billing_initialized,each,0,10/7/25 15:34,10/7/25 15:34,4/23/26 12:35,4/24/26 16:20,4/25/26 03:00,4/24/26 23:59,Paola Galvan,Molecular Genomics Workspace,MGW-5846967,,,,,67397083,No status set,,Full Service - DNA/RNA QC,N/A,,,,,,3986
MGW-IM-5646,Project Request,561151,Isabella McGrath,,"Pillai, Suresh (TAMU) Lab",Poultry Science,Texas A&M University,QC RNA - Consumables,,0638,WSGI,completed,billing_initialized,each,70.8,7/20/26 16:59,7/20/26 16:59,8/12/26 15:35,8/24/26 15:43,8/25/26 03:05,8/24/26 23:59,jun Fan,Molecular Genomics Workspace,MGW-6084215,,,,,74345098,No status set,,QC - Consumables,N/A,,,,,,3986
MGW-IM-5646,Project Request,559373,Isabella McGrath,,"Pillai, Suresh (TAMU) Lab",Poultry Science,Texas A&M University,4200 TapeStation,,0638,WSGI,completed,billing_initialized,hour,9.6,7/20/26 17:00,7/20/26 17:00,8/12/26 15:35,8/24/26 15:43,8/25/26 03:05,8/24/26 23:59,jun Fan,Molecular Genomics Workspace,MGW-6084215,,,,,74345104,No status set,,Instrument Charges,N/A,,,,,,3986
MGW-IM-5647,Project Request,561151,Isabella McGrath,,"Pillai, Suresh (TAMU) Lab",Poultry Science,Texas A&M University,QC RNA - Consumables,,0638,WSGI,completed,billing_initialized,each,17.7,7/25/26 20:31,7/25/26 20:31,8/12/26 15:35,8/24/26 15:43,8/25/26 03:05,8/24/26 23:59,jun Fan,Molecular Genomics Workspace,MGW-6084215,,,,,74456052,No status set,,QC - Consumables,N/A,,,,,,3986
MGW-IM-5647,Project Request,559373,Isabella McGrath,,"Pillai, Suresh (TAMU) Lab",Poultry Science,Texas A&M University,4200 TapeStation,,0638,WSGI,completed,billing_initialized,hour,2.4,7/25/26 20:32,7/25/26 20:32,8/12/26 15:35,8/24/26 15:43,8/25/26 03:05,8/24/26 23:59,jun Fan,Molecular Genomics Workspace,MGW-6084215,,,,,74456053,No status set,,Instrument Charges,N/A,,,,,,3986
MGW-IM-5687,Project Request,560903,Isabella McGrath,,"Pillai, Suresh (TAMU) Lab",Poultry Science,Texas A&M University,QC DNA - Consumables,,0638,WSGI,completed,billing_initialized,each,53.4,8/11/26 13:39,8/11/26 13:39,8/18/26 14:24,8/24/26 15:43,8/25/26 03:05,8/24/26 23:59,Paola Galvan,Molecular Genomics Workspace,MGW-6084215,,,,,74902960,No status set,,QC - Consumables,N/A,,,,,,3986
MGW-IM-5687,Project Request,559373,Isabella McGrath,,"Pillai, Suresh (TAMU) Lab",Poultry Science,Texas A&M University,4200 TapeStation,,0638,WSGI,completed,billing_initialized,hour,3.6,8/11/26 13:39,8/11/26 13:39,8/18/26 14:24,8/24/26 15:43,8/25/26 03:05,8/24/26 23:59,Paola Galvan,Molecular Genomics Workspace,MGW-6084215,,,,,74903015,No status set,,Instrument Charges,N/A,,,,,,3986
MGW-IM-5687,Project Request,559377,Isabella McGrath,,"Pillai, Suresh (TAMU) Lab",Poultry Science,Texas A&M University,Laboratory Technician,,0638,WSGI,completed,billing_initialized,hour,25,8/11/26 13:39,8/11/26 13:39,8/18/26 14:24,8/24/26 15:43,8/25/26 03:05,8/24/26 23:59,Paola Galvan,Molecular Genomics Workspace,MGW-6084215,,,,,74903033,No status set,,Laboratory Technician,N/A,,,,,,3986
MGW-JL-5378,Equipment Scheduling,297787,Jackson Linde,,"Behmer, Spencer (TAMU) Lab",Entomology,Texas A&M University,DNA D1000 Usage (per sample),,0638,WSGI,completed,billing_initialized,each,129.6,12/3/25 10:27,12/3/25 11:59,12/15/25 15:40,12/18/25 16:34,12/19/25 03:00,12/18/25 23:59,Jackson Linde,Molecular Genomics Workspace,MGW-5607175,,,,,68855606,No status set,,Self Service - TapeStation/Bioanalyzer,N/A,,,,,,3986
MGW-JL-5378,Equipment Scheduling,297787,Jackson Linde,,"Behmer, Spencer (TAMU) Lab",Entomology,Texas A&M University,DNA D1000 Usage (per sample),,0638,WSGI,completed,billing_initialized,each,43.2,12/5/25 12:38,12/5/25 16:00,12/15/25 15:41,12/18/25 16:34,12/19/25 03:00,12/18/25 23:59,Jackson Linde,Molecular Genomics Workspace,MGW-5607175,,,,,68941618,No status set,,Self Service - TapeStation/Bioanalyzer,N/A,,,,,,3986
MGW-JL-5378,Equipment Scheduling,297787,Jackson Linde,,"Behmer, Spencer (TAMU) Lab",Entomology,Texas A&M University,DNA D1000 Usage (per sample),,0638,WSGI,completed,billing_initialized,each,43.2,12/8/25 14:31,12/8/25 16:00,12/15/25 12:53,12/18/25 16:34,12/19/25 03:00,12/18/25 23:59,Jackson Linde,Molecular Genomics Workspace,MGW-5607175,,,,,68984676,No status set,,Self Service - TapeStation/Bioanalyzer,N/A,,,,,,3986
MGW-JL-5378,Equipment Scheduling,297787,Jackson Linde,,"Behmer, Spencer (TAMU) Lab",Entomology,Texas A&M University,DNA D1000 Usage (per sample),,0638,WSGI,completed,billing_initialized,each,43.2,12/11/25 13:24,12/11/25 14:00,12/15/25 12:53,12/18/25 16:34,12/19/25 03:00,12/18/25 23:59,Jackson Linde,Molecular Genomics Workspace,MGW-5607175,,,,,69075497,No status set,,Self Service - TapeStation/Bioanalyzer,N/A,,,,,,3986
MGW-JL-5378,Equipment Scheduling,295966,Jackson Linde,,"Behmer, Spencer (TAMU) Lab",Entomology,Texas A&M University,"Tape Station (Agilent) (Tape Station (Agilent)) | Monday, December 08",,0638,WSGI,completed,billing_initialized,hour,30,12/15/25 12:53,12/8/25 16:00,12/15/25 12:53,12/18/25 16:34,12/19/25 03:00,12/18/25 23:59,Paola Galvan,Molecular Genomics Workspace,MGW-5607175,,,,,69147052,No status set,,Molecular Biology,Self-Use,,,,,,3986
MGW-JL-5378,Equipment Scheduling,295966,Jackson Linde,,"Behmer, Spencer (TAMU) Lab",Entomology,Texas A&M University,"Tape Station (Agilent) (Tape Station (Agilent)) | Thursday, December 11",,0638,WSGI,completed,billing_initialized,hour,30,12/15/25 12:53,12/11/25 14:00,12/15/25 12:53,12/18/25 16:34,12/19/25 03:00,12/18/25 23:59,Paola Galvan,Molecular Genomics Workspace,MGW-5607175,,,,,69147080,No status set,,Molecular Biology,Self-Use,,,,,,3986
MGW-JL-5378,Equipment Scheduling,295966,Jackson Linde,,"Behmer, Spencer (TAMU) Lab",Entomology,Texas A&M University,"Tape Station (Agilent) (Tape Station (Agilent)) | Wednesday, December 03",,0638,WSGI,completed,billing_initialized,hour,151,12/15/25 15:40,12/3/25 11:59,12/15/25 15:40,12/18/25 16:34,12/19/25 03:00,12/18/25 23:59,Paola Galvan,Molecular Genomics Workspace,MGW-5607175,,,,,69158212,No status set,,Molecular Biology,Self-Use,,,,,,3986
MGW-JL-5378,Equipment Scheduling,295966,Jackson Linde,,"Behmer, Spencer (TAMU) Lab",Entomology,Texas A&M University,"Tape Station (Agilent) (Tape Station (Agilent)) | Friday, December 05",,0638,WSGI,completed,billing_initialized,hour,30,12/15/25 15:41,12/5/25 16:00,12/15/25 15:41,12/18/25 16:34,12/19/25 03:00,12/18/25 23:59,Paola Galvan,Molecular Genomics Workspace,MGW-5607175,,,,,69158286,No status set,,Molecular Biology,Self-Use,,,,,,3986
MGW-JM-5718,Project Request,574258,Jamal Mohammed,Post-Doctoral Fellow,"Davis, Teresa (TAMU) Lab",,Texas A&M University,PacBio-Kinnex full-length RNAseq library preparation,,0638,WSGI,proposed,not_ready_to_bill,each,700,8/25/26 14:56,8/25/26 14:56,,n/a,n/a,n/a,jun Fan,Molecular Genomics Workspace,no invoice,,,,,75211213,No status set,,PacBio Consumables,N/A,,,,,,3986
MGW-JM-5718,Project Request,570518,Jamal Mohammed,Post-Doctoral Fellow,"Davis, Teresa (TAMU) Lab",,Texas A&M University,PacBio-RNA iso seq library - Consumables ,,0638,WSGI,proposed,not_ready_to_bill,each,105,8/25/26 14:56,8/25/26 14:56,,n/a,n/a,n/a,jun Fan,Molecular Genomics Workspace,no invoice,,,,,75211216,No status set,,PacBio Consumables,N/A,,,,,,3986
MGW-JM-5718,Project Request,563404,Jamal Mohammed,Post-Doctoral Fellow,"Davis, Teresa (TAMU) Lab",,Texas A&M University,PacBio-Revio SMRTcell sequencing - Consumables ,,0638,WSGI,proposed,not_ready_to_bill,each,2180,8/25/26 14:56,8/25/26 14:56,,n/a,n/a,n/a,jun Fan,Molecular Genomics Workspace,no invoice,,,,,75211220,No status set,,PacBio Consumables,N/A,,,,,,3986
MGW-JM-5718,Project Request,563414,Jamal Mohammed,Post-Doctoral Fellow,"Davis, Teresa (TAMU) Lab",,Texas A&M University,Femto Pulse ,,0638,WSGI,proposed,not_ready_to_bill,each,6.81,8/25/26 14:56,8/25/26 14:56,,n/a,n/a,n/a,jun Fan,Molecular Genomics Workspace,no invoice,,,,,75211249,No status set,,Instrument Charges,N/A,,,,,,3986
MGW-JM-5718,Project Request,559381,Jamal Mohammed,Post-Doctoral Fellow,"Davis, Teresa (TAMU) Lab",,Texas A&M University,PacBio Revio,,0638,WSGI,proposed,not_ready_to_bill,hour,648,8/25/26 14:57,8/25/26 14:57,,n/a,n/a,n/a,jun Fan,Molecular Genomics Workspace,no invoice,,,,,75211253,No status set,,Instrument Charges,N/A,,,,,,3986
MGW-JM-5718,Project Request,559377,Jamal Mohammed,Post-Doctoral Fellow,"Davis, Teresa (TAMU) Lab",,Texas A&M University,Laboratory Technician,,0638,WSGI,proposed,not_ready_to_bill,hour,50,8/25/26 14:59,8/25/26 14:59,,n/a,n/a,n/a,jun Fan,Molecular Genomics Workspace,no invoice,,,,,75211409,No status set,,Laboratory Technician,N/A,,,,,,3986
MGW-JM-5718,Project Request,578492,Jamal Mohammed,Post-Doctoral Fellow,"Davis, Teresa (TAMU) Lab",,Texas A&M University,RNA-repurification by Zymo Onestep PCR inhibitor removal,,0638,WSGI,proposed,not_ready_to_bill,each,16,8/26/26 20:33,8/26/26 20:33,,n/a,n/a,n/a,jun Fan,Molecular Genomics Workspace,no invoice,,,,,75249225,No status set,,DNA-RNA-Isolation - Consumable,N/A,,,,,,3986
MGW-JM-5718,Project Request,562236,Jamal Mohammed,Post-Doctoral Fellow,"Davis, Teresa (TAMU) Lab",,Texas A&M University,QC DNA/RNA Qubit Only - Consumables,,0638,WSGI,proposed,not_ready_to_bill,each,12,8/26/26 20:33,8/26/26 20:33,,n/a,n/a,n/a,jun Fan,Molecular Genomics Workspace,no invoice,,,,,75249226,No status set,,QC - Consumables,N/A,,,,,,3986
MGW-JKF-5269,Equipment Scheduling,292905,Jasmine Kannampuzha Francis,,"Nabity, Mary (TAMU) Lab",Vet Med Pathobiology,Texas A&M University,"CFX Real-Time System (Bio-Rad) - REYN (CFX384 Real-Time System (Bio-Rad) GNK) | Monday, September 15",PCR plate 10,0638,WSGI,completed,billing_initialized,hour,10.36,9/26/25 13:29,9/15/25 13:12,9/26/25 13:29,9/29/25 16:12,9/30/25 03:00,9/29/25 23:59,Paola Galvan,Molecular Genomics Workspace,MGW-5434246,,,,,67081543,No status set,,Molecular Biology,Self-Use,,,,,,3986
MGW-JKF-5311,Equipment Scheduling,292905,Jasmine Kannampuzha Francis,,"Nabity, Mary (TAMU) Lab",Vet Med Pathobiology,Texas A&M University,"CFX Real-Time System (Bio-Rad) - REYN (CFX384 Real-Time System (Bio-Rad) GNK) | Thursday, October 16",,0638,WSGI,completed,billing_initialized,hour,16.5,10/27/25 10:06,10/16/25 13:30,10/27/25 10:06,10/28/25 16:51,10/31/25 03:00,10/28/25 23:59,Paola Galvan,Molecular Genomics Workspace,MGW-5492188,,,,,67833556,No status set,,Molecular Biology,Self-Use,,,,,,3986
MGW-JKF-5357,Equipment Scheduling,292905,Jasmine Kannampuzha Francis,,"Nabity, Mary (TAMU) Lab",Vet Med Pathobiology,Texas A&M University,"CFX Real-Time System (Bio-Rad) - REYN (CFX384 Real-Time System (Bio-Rad) GNK) | Thursday, November 13",,0638,WSGI,completed,billing_initialized,hour,11,11/20/25 12:00,11/13/25 13:39,11/20/25 12:00,11/25/25 10:28,11/26/25 03:00,11/25/25 23:59,Paola Galvan,Molecular Genomics Workspace,MGW-5554544,,,,,68561221,No status set,,Molecular Biology,Self-Use,,,,,,3986
MGW-JKF-5412,Equipment Scheduling,292905,Jasmine Kannampuzha Francis,,"Nabity, Mary (TAMU) Lab",Vet Med Pathobiology,Texas A&M University,"CFX Real-Time System 384 well (Bio-Rad) - REYN (CFX384 Real-Time System (Bio-Rad) GNK) | Thursday, December 18",,0638,WSGI,completed,billing_initialized,hour,3.12,1/28/26 10:48,12/18/25 13:15,1/28/26 10:48,1/28/26 11:03,1/29/26 03:00,1/28/26 23:59,Paola Galvan,Molecular Genomics Workspace,MGW-5668387,,,,,69986635,No status set,,Molecular Biology,Self-Use,,,,,,3986
MGW-JKF-5445,Equipment Scheduling,292905,Jasmine Kannampuzha Francis,,"Nabity, Mary (TAMU) Lab",Vet Med Pathobiology,Texas A&M University,"CFX Real-Time System 384 well (Bio-Rad) - REYN (CFX384 Real-Time System (Bio-Rad) GNK) | Thursday, February 05",,0638,WSGI,completed,billing_initialized,hour,3.77,2/20/26 12:02,2/5/26 12:48,2/20/26 12:02,2/20/26 12:25,2/21/26 03:00,2/20/26 23:59,Paola Galvan,Molecular Genomics Workspace,MGW-5720455,,,,,70600652,No status set,,Molecular Biology,Self-Use,,,,,,3986
MGW-JKF-5577,Equipment Scheduling,292905,Jasmine Kannampuzha Francis,,"Nabity, Mary (TAMU) Lab",Vet Med Pathobiology,Texas A&M University,"CFX Real-Time System 384 well (Bio-Rad) - REYN (CFX384 Real-Time System (Bio-Rad) GNK) | Thursday, April 23",,0638,WSGI,completed,billing_initialized,hour,3.67,5/21/26 15:50,4/23/26 13:42,5/21/26 15:50,5/27/26 16:32,5/28/26 03:00,5/27/26 23:59,Paola Galvan,Molecular Genomics Workspace,MGW-5910834,,,,,72915457,No status set,,Molecular Biology,Self-Use,,,,,,3986
MGW-JG-5396,Project Request,559376,Javier Gimpel,Research Associate,"Marx, Isa (Kura Biotech R&D) Lab",,Kura Biotech,Consumables,1 PacBio amplicon library preparation (including sample QC and library QC),0638,WSGI,completed,billing_initialized,each,600,1/7/26 15:13,1/7/26 15:13,2/20/26 11:48,2/20/26 12:25,2/21/26 03:00,2/20/26 23:59,jun Fan,Molecular Genomics Workspace,MGW-5720441,,,,,69549499,No status set,,Consumables,N/A,,,,,,3986
MGW-JG-5396,Project Request,559376,Javier Gimpel,Research Associate,"Marx, Isa (Kura Biotech R&D) Lab",,Kura Biotech,Consumables,One SMRT Cell sequencing on the Revio.,0638,WSGI,completed,billing_initialized,each,2800,1/7/26 15:13,1/7/26 15:13,2/20/26 11:48,2/20/26 12:25,2/21/26 03:00,2/20/26 23:59,jun Fan,Molecular Genomics Workspace,MGW-5720441,,,,,69549501,No status set,,Consumables,N/A,,,,,,3986
MGW-JM-5248,"10x Genomics Single Cell Fixed RNA Profiling, Singleplex, per sample",506492,Jayshree Mishra,,"Kumar, Narendra (TAMU) Lab",Pharmacy - Instruction,Texas A&M University,"10x Genomics Single Cell Fixed RNA Profiling, Singleplex, per sample",,0638,WSGI,completed,billing_initialized,each,5000,9/17/25 12:10,9/17/25 12:10,1/28/26 10:40,1/28/26 11:03,1/29/26 03:00,1/28/26 23:59,jun Fan,Molecular Genomics Workspace,MGW-5668377,,,,,66856743,No status set,,Uncategorized - New in Progress,N/A,,,,,,3986
MGW-JM-5248,"10x Genomics Single Cell Fixed RNA Profiling, Singleplex, per sample",539127,Jayshree Mishra,,"Kumar, Narendra (TAMU) Lab",Pharmacy - Instruction,Texas A&M University,Miltenyi Nuclei Isolation from Tissues for Single Cell mRNA (per sample),This number is an estimate and may change once we have the actual data from practice.,0638,WSGI,completed,billing_initialized,each,490,9/17/25 12:11,9/17/25 12:11,1/28/26 10:40,1/28/26 11:03,1/29/26 03:00,1/28/26 23:59,jun Fan,Molecular Genomics Workspace,MGW-5668377,,,,,66856856,No status set,,Full Service - Nuclei Isolation,N/A,,,,,,3986
MGW-JM-5248,"10x Genomics Single Cell Fixed RNA Profiling, Singleplex, per sample",504635,Jayshree Mishra,,"Kumar, Narendra (TAMU) Lab",Pharmacy - Instruction,Texas A&M University,Single Cell Pre-library QC (per sample),This number is an estimate and may change once we have the actual data from practice.,0638,WSGI,completed,billing_initialized,each,140,9/17/25 12:12,9/17/25 12:12,1/28/26 10:40,1/28/26 11:03,1/29/26 03:00,1/28/26 23:59,jun Fan,Molecular Genomics Workspace,MGW-5668377,,,,,66856904,No status set,,Full Service - Cell Counting & Viability,N/A,,,,,,3986
MGW-JM-5248,"10x Genomics Single Cell Fixed RNA Profiling, Singleplex, per sample",534532,Jayshree Mishra,,"Kumar, Narendra (TAMU) Lab",Pharmacy - Instruction,Texas A&M University,Sequencing - P3-XLEAP - 100 cycle (~1B reads),,0638,WSGI,completed,billing_initialized,each,2745,9/17/25 12:12,9/17/25 12:12,1/28/26 10:40,1/28/26 11:03,1/29/26 03:00,1/28/26 23:59,jun Fan,Molecular Genomics Workspace,MGW-5668377,,,,,66856960,No status set,,Full Service - Sequencing (NextSeq 2000),N/A,,,,,,3986
MGW-JC-5252,"Oxford Nanopore Rapid Barcoding Library Preparation (per library, 2-12 samples)",444321,Jeffrey Cirillo,,"Cirillo, Jeffrey (TAMU) Lab",Microbial Pathogenesis and Immunology,Texas A&M University,"Oxford Nanopore Rapid Barcoding Library Preparation (per library, 2-12 samples)",,0638,WSGI,completed,billing_initialized,each,215,9/19/25 16:53,9/19/25 16:53,1/26/26 12:53,1/28/26 11:03,1/29/26 03:00,1/28/26 23:59,jun Fan,Molecular Genomics Workspace,MGW-5668378,,,,,66926717,No status set,,Full Service - Oxford Nanopore Library Prep & Sequencing,N/A,,,,,,3986
MGW-JC-5252,"Oxford Nanopore Rapid Barcoding Library Preparation (per library, 2-12 samples)",504480,Jeffrey Cirillo,,"Cirillo, Jeffrey (TAMU) Lab",Microbial Pathogenesis and Immunology,Texas A&M University,QC DNA (per sample),,0638,WSGI,completed,billing_initialized,each,60,9/19/25 16:54,9/19/25 16:54,1/26/26 12:53,1/28/26 11:03,1/29/26 03:00,1/28/26 23:59,jun Fan,Molecular Genomics Workspace,MGW-5668378,,,,,66926732,No status set,,Full Service - DNA/RNA QC,N/A,,,,,,3986
MGW-JC-5252,"Oxford Nanopore Rapid Barcoding Library Preparation (per library, 2-12 samples)",469076,Jeffrey Cirillo,,"Cirillo, Jeffrey (TAMU) Lab",Microbial Pathogenesis and Immunology,Texas A&M University,MinION R10.4.1 DNA Flow Cell,,0638,WSGI,completed,billing_initialized,each,890,9/19/25 16:54,9/19/25 16:54,1/26/26 12:53,1/28/26 11:03,1/29/26 03:00,1/28/26 23:59,jun Fan,Molecular Genomics Workspace,MGW-5668378,,,,,66926745,No status set,,Full Service - Oxford Nanopore Library Prep & Sequencing,N/A,,,,,,3986
MGW-JJ-5299,Countess Assay (full service; per sample),504633,Jeffrey Jones,,"Jones, Jeffrey (TAMU) Lab",,Texas A&M University,Countess Assay (full service; per sample),,0638,WSGI,completed,billing_initialized,each,6.4,10/21/25 11:57,10/21/25 11:57,12/15/25 10:23,12/18/25 16:34,12/19/25 03:00,12/18/25 23:59,Sarah Sharpton,Molecular Genomics Workspace,MGW-5607170,,,,,67693140,No status set,,Full Service - Cell Counting & Viability,N/A,,,,,,3986
MGW-JJ-5299,Countess Assay (full service; per sample),548823,Jeffrey Jones,,"Jones, Jeffrey (TAMU) Lab",,Texas A&M University,10x promotion-Flex,,0638,WSGI,completed,billing_initialized,each,1625,10/21/25 11:58,10/21/25 11:58,12/15/25 10:23,12/18/25 16:34,12/19/25 03:00,12/18/25 23:59,Sarah Sharpton,Molecular Genomics Workspace,MGW-5607170,,,,,67693186,No status set,,,N/A,,,,,,3986
MGW-JJ-5299,Countess Assay (full service; per sample),534532,Jeffrey Jones,,"Jones, Jeffrey (TAMU) Lab",,Texas A&M University,Sequencing - P3-XLEAP - 100 cycle (~1B reads),,0638,WSGI,completed,billing_initialized,each,2745,10/21/25 11:58,10/21/25 11:58,12/15/25 10:23,12/18/25 16:34,12/19/25 03:00,12/18/25 23:59,Sarah Sharpton,Molecular Genomics Workspace,MGW-5607170,,,,,67693193,No status set,,Full Service - Sequencing (NextSeq 2000),N/A,,,,,,3986
MGW-JP-5485,Training Request,297793,Jeremy Pinheiro,,"Bard, Jared (TAMU) Lab",,Texas A&M University,RNA HS Usage (per sample),,0638,WSGI,completed,billing_initialized,each,72,3/26/26 15:44,3/26/26 15:44,3/27/26 16:18,4/24/26 16:21,4/25/26 03:00,4/24/26 23:59,Paola Galvan,Molecular Genomics Workspace,MGW-5846989,,,,,71481888,No status set,,Self Service - TapeStation/Bioanalyzer,N/A,,,,,,3986
MGW-JP-5485,Training Request,559373,Jeremy Pinheiro,,"Bard, Jared (TAMU) Lab",,Texas A&M University,4200 TapeStation,,0638,WSGI,completed,billing_initialized,hour,24.6,3/26/26 15:45,3/26/26 15:45,3/27/26 16:18,4/24/26 16:21,4/25/26 03:00,4/24/26 23:59,Paola Galvan,Molecular Genomics Workspace,MGW-5846989,,,,,71481911,No status set,,Instrument Charges,N/A,,,,,,3986
MGW-JP-5485,Training Request,559377,Jeremy Pinheiro,,"Bard, Jared (TAMU) Lab",,Texas A&M University,Laboratory Technician,,0638,WSGI,completed,billing_initialized,hour,25,3/26/26 15:45,3/26/26 15:45,3/27/26 16:18,4/24/26 16:21,4/25/26 03:00,4/24/26 23:59,Paola Galvan,Molecular Genomics Workspace,MGW-5846989,,,,,71481933,No status set,,Laboratory Technician,N/A,,,,,,3986
MGW-JP-5534,Equipment Scheduling,297787,Jeremy Pinheiro,,"Bard, Jared (TAMU) Lab",,Texas A&M University,DNA D1000 Usage (per sample),,0638,WSGI,completed,billing_initialized,each,64.8,4/3/26 10:58,4/3/26 12:00,4/23/26 13:28,4/24/26 16:21,4/25/26 03:00,4/24/26 23:59,Jeremy Pinheiro,Molecular Genomics Workspace,MGW-5846989,,,,,71724897,No status set,,Self Service - TapeStation/Bioanalyzer,N/A,,,,,,3986
MGW-JP-5534,Equipment Scheduling,295966,Jeremy Pinheiro,,"Bard, Jared (TAMU) Lab",,Texas A&M University,"Tape Station (Agilent) (Tape Station (Agilent)) | Friday, April 03",,0638,WSGI,completed,billing_initialized,hour,30,4/23/26 13:28,4/3/26 12:00,4/23/26 13:28,4/24/26 16:21,4/25/26 03:00,4/24/26 23:59,Paola Galvan,Molecular Genomics Workspace,MGW-5846989,,,,,72193524,No status set,,Molecular Biology,Self-Use,,,,,,3986
MGW-JM-5488,Project Request,559371,Jerome Menet,Principal Investigator,"Menet, Jerome (TAMU) Lab",Biology,Texas A&M University,NextSeq 2000 Sequencing System (S/N VH00580),,0638,WSGI,completed,billing_initialized,each,250,4/2/26 20:07,4/2/26 20:07,5/26/26 10:21,5/27/26 16:32,5/28/26 03:00,5/27/26 23:59,jun Fan,Molecular Genomics Workspace,MGW-5910821,,,,,71714489,No status set,,Instrument Charges,N/A,,,,,,3986
MGW-JM-5488,Project Request,561241,Jerome Menet,Principal Investigator,"Menet, Jerome (TAMU) Lab",Biology,Texas A&M University,NextSeq 2000 P1 XLEAP-SBS Reagent Kit (600 cycles),,0638,WSGI,completed,billing_initialized,each,1672,4/2/26 20:08,4/2/26 20:08,5/26/26 10:21,5/27/26 16:32,5/28/26 03:00,5/27/26 23:59,jun Fan,Molecular Genomics Workspace,MGW-5910821,,,,,71714490,No status set,,Sequencing (NextSeq 2000) - Consumables,N/A,,,,,,3986
MGW-JM-5488,Project Request,559377,Jerome Menet,Principal Investigator,"Menet, Jerome (TAMU) Lab",Biology,Texas A&M University,Laboratory Technician,,0638,WSGI,completed,billing_initialized,hour,25,4/2/26 20:08,4/2/26 20:08,5/26/26 10:21,5/27/26 16:32,5/28/26 03:00,5/27/26 23:59,jun Fan,Molecular Genomics Workspace,MGW-5910821,,,,,71714492,No status set,,Laboratory Technician,N/A,,,,,,3986
MGW-JM-5488,Project Request,561153,Jerome Menet,Principal Investigator,"Menet, Jerome (TAMU) Lab",Biology,Texas A&M University,QC Client-prepared Library,,0638,WSGI,completed,billing_initialized,each,46.92,4/2/26 20:08,4/2/26 20:08,5/26/26 10:21,5/27/26 16:32,5/28/26 03:00,5/27/26 23:59,jun Fan,Molecular Genomics Workspace,MGW-5910821,,,,,71714495,No status set,,QC - Consumables,N/A,,,,,,3986
MGW-JM-5488,Project Request,559373,Jerome Menet,Principal Investigator,"Menet, Jerome (TAMU) Lab",Biology,Texas A&M University,4200 TapeStation,,0638,WSGI,completed,billing_initialized,hour,3.6,4/2/26 20:08,4/2/26 20:08,5/26/26 10:21,5/27/26 16:32,5/28/26 03:00,5/27/26 23:59,jun Fan,Molecular Genomics Workspace,MGW-5910821,,,,,71714498,No status set,,Instrument Charges,N/A,,,,,,3986
MGW-JT-C-5695,Equipment Scheduling,297787,Jesus Torres - Campos,,"Hagler, Lauren (TAMU) Lab",,Texas A&M University,DNA D1000 Usage (per sample) - Consumables,,0638,WSGI,completed,billing_initialized,each,16.2,8/20/26 12:03,7/1/26 12:30,8/20/26 12:06,8/24/26 15:43,8/25/26 03:05,8/24/26 23:59,Paola Galvan,Molecular Genomics Workspace,MGW-6084227,,,,,75111467,No status set,,Self Service - TapeStation/Bioanalyzer,N/A,,,,,,3986
MGW-JT-C-5696,Equipment Scheduling,297792,Jesus Torres - Campos,,"Hagler, Lauren (TAMU) Lab",,Texas A&M University,RNA Standard  Usage (per sample) - Consumables,,0638,WSGI,completed,billing_initialized,each,16.5,8/20/26 12:04,7/1/26 12:45,8/20/26 12:06,8/24/26 15:43,8/25/26 03:05,8/24/26 23:59,Paola Galvan,Molecular Genomics Workspace,MGW-6084227,,,,,75111499,No status set,,Self Service - TapeStation/Bioanalyzer,N/A,,,,,,3986
MGW-JT-C-5697,Equipment Scheduling,297792,Jesus Torres - Campos,,"Hagler, Lauren (TAMU) Lab",,Texas A&M University,RNA Standard  Usage (per sample) - Consumables,,0638,WSGI,completed,billing_initialized,each,22,8/20/26 12:05,7/15/26 13:00,8/20/26 12:06,8/24/26 15:43,8/25/26 03:05,8/24/26 23:59,Paola Galvan,Molecular Genomics Workspace,MGW-6084227,,,,,75111519,No status set,,Self Service - TapeStation/Bioanalyzer,N/A,,,,,,3986
MGW-JT-C-5695,Equipment Scheduling,295966,Jesus Torres - Campos,,"Hagler, Lauren (TAMU) Lab",,Texas A&M University,"Tape Station (Agilent) (Tape Station (Agilent)) | Wednesday, July 01",,0638,WSGI,completed,billing_initialized,hour,10,8/20/26 12:06,7/1/26 12:30,8/20/26 12:06,8/24/26 15:43,8/25/26 03:05,8/24/26 23:59,Paola Galvan,Molecular Genomics Workspace,MGW-6084227,,,,,75111553,No status set,,Molecular Biology,Self-Use,,,,,,3986
MGW-JT-C-5696,Equipment Scheduling,295966,Jesus Torres - Campos,,"Hagler, Lauren (TAMU) Lab",,Texas A&M University,"Tape Station (Agilent) (Tape Station (Agilent)) | Wednesday, July 01",,0638,WSGI,completed,billing_initialized,hour,5,8/20/26 12:06,7/1/26 12:45,8/20/26 12:06,8/24/26 15:43,8/25/26 03:05,8/24/26 23:59,Paola Galvan,Molecular Genomics Workspace,MGW-6084227,,,,,75111554,No status set,,Molecular Biology,Self-Use,,,,,,3986
MGW-JT-C-5697,Equipment Scheduling,295966,Jesus Torres - Campos,,"Hagler, Lauren (TAMU) Lab",,Texas A&M University,"Tape Station (Agilent) (Tape Station (Agilent)) | Wednesday, July 15",,0638,WSGI,completed,billing_initialized,hour,6,8/20/26 12:06,7/15/26 13:00,8/20/26 12:06,8/24/26 15:43,8/25/26 03:05,8/24/26 23:59,Paola Galvan,Molecular Genomics Workspace,MGW-6084227,,,,,75111556,No status set,,Molecular Biology,Self-Use,,,,,,3986
MGW-JH-5263,Equipment Scheduling,397981,Jialin Hu,,"Gentry, Terry J. (TAMU) Lab",Soil & Crop Sciences,Texas A&M University,QX200 ddPCR Usage (per set of 8 samples),,0638,WSGI,completed,not_billable,each,0,9/8/25 12:04,9/9/25 12:30,9/26/25 13:23,9/29/25 16:12,9/30/25 03:00,9/29/25 23:59,Jialin Hu,Molecular Genomics Workspace,MGW-5434224,Cancellation,,,,66613197,No status set,,Self Service - QX200 ddPCR,N/A,,,,,,3986
MGW-JH-5263,Equipment Scheduling,397981,Jialin Hu,,"Gentry, Terry J. (TAMU) Lab",Soil & Crop Sciences,Texas A&M University,QX200 ddPCR Usage (per set of 8 samples),,0638,WSGI,completed,billing_initialized,each,176,9/9/25 15:54,9/11/25 10:04,9/26/25 13:24,9/29/25 16:12,9/30/25 03:00,9/29/25 23:59,Jialin Hu,Molecular Genomics Workspace,MGW-5434224,,,,,66660749,No status set,,Self Service - QX200 ddPCR,N/A,,,,,,3986
MGW-JH-5263,Equipment Scheduling,296365,Jialin Hu,,"Gentry, Terry J. (TAMU) Lab",Soil & Crop Sciences,Texas A&M University,"QX200 Droplet Digital PCR System (Bio-Rad) (ddPCR system) | Tuesday, September 09 (cancellation)",,0638,WSGI,completed,not_billable,hour,0,9/26/25 13:23,9/9/25 12:30,9/26/25 13:23,9/29/25 16:12,9/30/25 03:00,9/29/25 23:59,Paola Galvan,Molecular Genomics Workspace,MGW-5434224,Cancellation,,,,67081276,No status set,,Molecular Biology,Self Use,,,,,,3986
MGW-JH-5263,Equipment Scheduling,296365,Jialin Hu,,"Gentry, Terry J. (TAMU) Lab",Soil & Crop Sciences,Texas A&M University,"QX200 Droplet Digital PCR System (Bio-Rad) (ddPCR system) | Thursday, September 11",,0638,WSGI,completed,billing_initialized,hour,0,9/26/25 13:24,9/11/25 10:04,9/26/25 13:24,9/29/25 16:12,9/30/25 03:00,9/29/25 23:59,Paola Galvan,Molecular Genomics Workspace,MGW-5434224,,,,,67081348,No status set,,Molecular Biology,Self Use,,,,,,3986
MGW-JH-5313,Equipment Scheduling,397981,Jialin Hu,,"Gentry, Terry J. (TAMU) Lab",Soil & Crop Sciences,Texas A&M University,QX200 ddPCR Usage (per set of 8 samples),,0638,WSGI,completed,billing_initialized,each,176,10/10/25 15:17,10/13/25 09:57,10/27/25 10:09,10/28/25 16:51,10/31/25 03:00,10/28/25 23:59,Jialin Hu,Molecular Genomics Workspace,MGW-5492183,,,,,67487447,No status set,,Self Service - QX200 ddPCR,N/A,,,,,,3986
MGW-JH-5313,Equipment Scheduling,296365,Jialin Hu,,"Gentry, Terry J. (TAMU) Lab",Soil & Crop Sciences,Texas A&M University,"QX200 Droplet Digital PCR System (Bio-Rad) (ddPCR system) | Monday, October 13",,0638,WSGI,completed,billing_initialized,hour,0,10/27/25 10:09,10/13/25 09:57,10/27/25 10:09,10/28/25 16:51,10/31/25 03:00,10/28/25 23:59,Paola Galvan,Molecular Genomics Workspace,MGW-5492183,,,,,67833747,No status set,,Molecular Biology,Self Use,,,,,,3986
MGW-JH-5351,Equipment Scheduling,397981,Jialin Hu,,"Gentry, Terry J. (TAMU) Lab",Soil & Crop Sciences,Texas A&M University,QX200 ddPCR Usage (per set of 8 samples),,0638,WSGI,completed,billing_initialized,each,264,11/10/25 12:45,11/14/25 10:04,11/20/25 11:16,11/25/25 10:28,11/26/25 03:00,11/25/25 23:59,Jialin Hu,Molecular Genomics Workspace,MGW-5554536,,,,,68290210,No status set,,Self Service - QX200 ddPCR,N/A,,,,,,3986
MGW-JH-5351,Equipment Scheduling,296365,Jialin Hu,,"Gentry, Terry J. (TAMU) Lab",Soil & Crop Sciences,Texas A&M University,"QX200 Droplet Digital PCR System (Bio-Rad) (ddPCR system) | Friday, November 14",,0638,WSGI,completed,billing_initialized,hour,0,11/20/25 11:16,11/14/25 10:04,11/20/25 11:16,11/25/25 10:28,11/26/25 03:00,11/25/25 23:59,Paola Galvan,Molecular Genomics Workspace,MGW-5554536,,,,,68558813,No status set,,Molecular Biology,Self Use,,,,,,3986
MGW-JH-5370,Project Request,559380,Jialin Hu,,"Gentry, Terry J. (TAMU) Lab",Soil & Crop Sciences,Texas A&M University,Oxford Nanopore Gridion,,0638,WSGI,completed,billing_initialized,hour,2350.08,12/12/25 16:46,12/12/25 16:46,2/20/26 11:41,2/20/26 12:25,2/21/26 03:00,2/20/26 23:59,jun Fan,Molecular Genomics Workspace,MGW-5720438,,,,,69120005,No status set,,Instrument Charges,N/A,,,,,,3986
MGW-JH-5370,Project Request,562240,Jialin Hu,,"Gentry, Terry J. (TAMU) Lab",Soil & Crop Sciences,Texas A&M University,PromethION Flow Cell ,,0638,WSGI,completed,billing_initialized,each,18606.5,12/12/25 16:47,12/12/25 16:47,2/20/26 11:41,2/20/26 12:25,2/21/26 03:00,2/20/26 23:59,jun Fan,Molecular Genomics Workspace,MGW-5720438,,,,,69120015,No status set,,ONT Flow Cell - Consumable ,N/A,,,,,,3986
MGW-JH-5370,Project Request,562237,Jialin Hu,,"Gentry, Terry J. (TAMU) Lab",Soil & Crop Sciences,Texas A&M University,Rapid-PCR Library Library  Loading,,0638,WSGI,completed,billing_initialized,each,1400,12/12/25 16:47,12/12/25 16:47,2/20/26 11:41,2/20/26 12:25,2/21/26 03:00,2/20/26 23:59,jun Fan,Molecular Genomics Workspace,MGW-5720438,,,,,69120016,No status set,,ONT-Consumable,N/A,,,,,,3986
MGW-JH-5370,Project Request,562238,Jialin Hu,,"Gentry, Terry J. (TAMU) Lab",Soil & Crop Sciences,Texas A&M University,Rapid-PCR  Enzyme ,,0638,WSGI,completed,billing_initialized,each,249.48,12/12/25 16:47,12/12/25 16:47,2/20/26 11:41,2/20/26 12:25,2/21/26 03:00,2/20/26 23:59,jun Fan,Molecular Genomics Workspace,MGW-5720438,,,,,69120018,No status set,,ONT-Consumable,N/A,,,,,,3986
MGW-JH-5370,Project Request,562236,Jialin Hu,,"Gentry, Terry J. (TAMU) Lab",Soil & Crop Sciences,Texas A&M University,QC DNA Qubit,,0638,WSGI,completed,billing_initialized,each,334.8,12/12/25 16:48,12/12/25 16:48,2/20/26 11:40,2/20/26 12:25,2/21/26 03:00,2/20/26 23:59,jun Fan,Molecular Genomics Workspace,MGW-5720438,,,,,69120027,No status set,,QC - Consumables,N/A,,,,,,3986
MGW-JH-5370,Project Request,559377,Jialin Hu,,"Gentry, Terry J. (TAMU) Lab",Soil & Crop Sciences,Texas A&M University,Laboratory Technician,,0638,WSGI,completed,billing_initialized,hour,850,12/12/25 16:49,12/12/25 16:49,2/20/26 11:41,2/20/26 12:25,2/21/26 03:00,2/20/26 23:59,jun Fan,Molecular Genomics Workspace,MGW-5720438,,,,,69120039,No status set,,Laboratory Technician,N/A,,,,,,3986
MGW-JH-5458,Equipment Scheduling,561750,Jialin Hu,,"Gentry, Terry J. (TAMU) Lab",Soil & Crop Sciences,Texas A&M University,QX200 ddPCR Usage (3 columns),,0638,WSGI,completed,billing_initialized,each,168,2/17/26 13:21,2/17/26 13:39,2/20/26 12:13,2/20/26 12:25,2/21/26 03:00,2/20/26 23:59,Jialin Hu,Molecular Genomics Workspace,MGW-5720453,,,,,70510901,No status set,,Self Service - QX200 ddPCR,N/A,,,,,,3986
MGW-JH-5458,Equipment Scheduling,296365,Jialin Hu,,"Gentry, Terry J. (TAMU) Lab",Soil & Crop Sciences,Texas A&M University,"QX200 Droplet Digital PCR System (Bio-Rad) (ddPCR system) | Tuesday, February 17",,0638,WSGI,completed,billing_initialized,hour,140,2/20/26 12:13,2/17/26 13:39,2/20/26 12:13,2/20/26 12:25,2/21/26 03:00,2/20/26 23:59,Paola Galvan,Molecular Genomics Workspace,MGW-5720453,,,,,70601109,No status set,,Molecular Biology,Self Use,,,,,,3986
MGW-JH-5578,Equipment Scheduling,561750,Jialin Hu,,"Gentry, Terry J. (TAMU) Lab",Soil & Crop Sciences,Texas A&M University,QX200 ddPCR Usage (3 columns),,0638,WSGI,completed,billing_initialized,each,168,4/23/26 12:26,4/27/26 12:05,5/21/26 15:50,5/27/26 16:32,5/28/26 03:00,5/27/26 23:59,Jialin Hu,Molecular Genomics Workspace,MGW-5910822,,,,,72190406,No status set,,Self Service - QX200 ddPCR,N/A,,,,,,3986
MGW-JH-5578,Equipment Scheduling,296365,Jialin Hu,,"Gentry, Terry J. (TAMU) Lab",Soil & Crop Sciences,Texas A&M University,"QX200 Droplet Digital PCR System (Bio-Rad) (ddPCR system) | Monday, April 27",,0638,WSGI,completed,billing_initialized,hour,146.67,5/21/26 15:50,4/27/26 12:05,5/21/26 15:50,5/27/26 16:32,5/28/26 03:00,5/27/26 23:59,Paola Galvan,Molecular Genomics Workspace,MGW-5910822,,,,,72915462,No status set,,Molecular Biology,Self Use,,,,,,3986
MGW-JH-5664,Equipment Scheduling,561671,Jialin Hu,,"Gentry, Terry J. (TAMU) Lab",Soil & Crop Sciences,Texas A&M University,QX200 ddPCR Usage (1 column) - Consumables,,0638,WSGI,completed,billing_initialized,each,74.19,7/15/26 15:47,7/16/26 13:02,7/27/26 12:55,7/27/26 14:09,7/28/26 03:05,7/27/26 23:59,Jialin Hu,Molecular Genomics Workspace,MGW-6028629,,,,,74246862,No status set,,Self Service - QX200 ddPCR,N/A,,,,,,3986
MGW-JH-5664,Equipment Scheduling,296365,Jialin Hu,,"Gentry, Terry J. (TAMU) Lab",Soil & Crop Sciences,Texas A&M University,"QX200 Droplet Digital PCR System (Bio-Rad) (ddPCR system) | Thursday, July 16",,0638,WSGI,completed,billing_initialized,hour,116,7/27/26 12:55,7/16/26 13:02,7/27/26 12:55,7/27/26 14:09,7/28/26 03:05,7/27/26 23:59,Paola Galvan,Molecular Genomics Workspace,MGW-6028629,,,,,74479438,No status set,,Molecular Biology,Self Use,,,,,,3986
MGW-J(S-5240,QC RNA  (per sample),504608,Jianxun (Jim) Song,Principal Investigator,"Song, Jianxun (TAMU) Lab",Microbial Pathogenesis and Immunology,Texas A&M University,QC RNA  (per sample),,0638,WSGI,cancelled,cancelled,each,0,9/15/25 09:10,9/15/25 09:10,,n/a,n/a,n/a,jun Fan,Molecular Genomics Workspace,no invoice,,,,,66772036,No status set,,Full Service - DNA/RNA QC,N/A,,,,,,3986
MGW-J(S-5240,QC RNA  (per sample),504610,Jianxun (Jim) Song,Principal Investigator,"Song, Jianxun (TAMU) Lab",Microbial Pathogenesis and Immunology,Texas A&M University,Illumina Stranded mRNA (Ligation) Library Preparation (per sample),,0638,WSGI,cancelled,cancelled,each,0,9/15/25 09:11,9/15/25 09:11,,n/a,n/a,n/a,jun Fan,Molecular Genomics Workspace,no invoice,,,,,66772135,No status set,,Full Service - RNA Library Preparation for Illumina NGS,N/A,,,,,,3986
MGW-J(S-5240,QC RNA  (per sample),534529,Jianxun (Jim) Song,Principal Investigator,"Song, Jianxun (TAMU) Lab",Microbial Pathogenesis and Immunology,Texas A&M University,Sequencing - P2-XLEAP - 200 cycle (~400M reads),,0638,WSGI,cancelled,cancelled,each,0,9/15/25 09:11,9/15/25 09:11,,n/a,n/a,n/a,jun Fan,Molecular Genomics Workspace,no invoice,,,,,66772162,No status set,,Full Service - Sequencing (NextSeq 2000),N/A,,,,,,3986
MGW-J(S-5240,QC RNA  (per sample),307585,Jianxun (Jim) Song,Principal Investigator,"Song, Jianxun (TAMU) Lab",Microbial Pathogenesis and Immunology,Texas A&M University,Bioinformatics Service (per hour),,0638,WSGI,cancelled,cancelled,hour,0,9/15/25 09:12,9/15/25 09:12,,n/a,n/a,n/a,jun Fan,Molecular Genomics Workspace,no invoice,,,,,66772186,No status set,,Full Service - Bioinformatics,N/A,,,,,,3986
MGW-J(S-5339,QC RNA  (per sample),504608,Jianxun (Jim) Song,Principal Investigator,"Song, Jianxun (TAMU) Lab",Microbial Pathogenesis and Immunology,Texas A&M University,QC RNA  (per sample),,0638,WSGI,completed,billing_initialized,each,81.9,11/19/25 16:58,11/19/25 16:58,2/20/26 11:32,2/20/26 12:25,2/21/26 03:00,2/20/26 23:59,jun Fan,Molecular Genomics Workspace,MGW-5720433,,,,,68542282,No status set,,Full Service - DNA/RNA QC,N/A,,,,,,3986
MGW-J(S-5339,QC RNA  (per sample),504610,Jianxun (Jim) Song,Principal Investigator,"Song, Jianxun (TAMU) Lab",Microbial Pathogenesis and Immunology,Texas A&M University,Illumina Stranded mRNA (Ligation) Library Preparation (per sample),,0638,WSGI,completed,billing_initialized,each,630,11/19/25 16:58,11/19/25 16:58,2/20/26 11:32,2/20/26 12:25,2/21/26 03:00,2/20/26 23:59,jun Fan,Molecular Genomics Workspace,MGW-5720433,,,,,68542301,No status set,,Full Service - RNA Library Preparation for Illumina NGS,N/A,,,,,,3986
MGW-J(S-5339,QC RNA  (per sample),534534,Jianxun (Jim) Song,Principal Investigator,"Song, Jianxun (TAMU) Lab",Microbial Pathogenesis and Immunology,Texas A&M University,Sequencing - P3-XLEAP - 200 cycle (~1B reads),,0638,WSGI,completed,billing_initialized,each,756,11/19/25 16:58,11/19/25 16:58,2/20/26 11:32,2/20/26 12:25,2/21/26 03:00,2/20/26 23:59,jun Fan,Molecular Genomics Workspace,MGW-5720433,,,,,68542318,No status set,,Full Service - Sequencing (NextSeq 2000),N/A,,,,,,3986
MGW-JG-5375,Equipment Scheduling,526138,Jinbai Guo,,Admin (TAMU) Lab,,Texas A&M University,"CFX OPUS 96 well qPCR System (Bio-Rad) - REYN 471 (Dx 96; R2D2 (REYN 471)) | Thursday, November 13",tecan qPCR for 1st trial PCR cycles,0638,WSGI,completed,billing_initialized,hour,0,12/15/25 12:52,11/13/25 13:00,12/15/25 12:52,12/18/25 16:35,12/19/25 03:00,12/18/25 23:59,Paola Galvan,Molecular Genomics Workspace,MGW-5607178,,,,,69147003,No status set,,Molecular Biology,Self-Use,,,,,,3986
MGW-JG-5375,Equipment Scheduling,295966,Jinbai Guo,,Admin (TAMU) Lab,,Texas A&M University,"Tape Station (Agilent) (Tape Station (Agilent)) | Monday, November 24",,0638,WSGI,completed,billing_initialized,hour,0,12/15/25 12:52,11/24/25 13:49,12/15/25 12:52,12/18/25 16:35,12/19/25 03:00,12/18/25 23:59,Paola Galvan,Molecular Genomics Workspace,MGW-5607178,,,,,69147008,No status set,,Molecular Biology,Staff:NoCharge,,,,,,3986
MGW-JG-5421,Equipment Scheduling,295966,Jinbai Guo,,Admin (TAMU) Lab,,Texas A&M University,"Tape Station (Agilent) (Tape Station (Agilent)) | Thursday, January 15",,0638,WSGI,completed,billing_initialized,hour,0,1/28/26 10:49,1/15/26 12:30,1/28/26 10:49,1/28/26 11:03,1/29/26 03:00,1/28/26 23:59,Paola Galvan,Molecular Genomics Workspace,MGW-5668386,,,,,69986690,No status set,,Molecular Biology,Staff:NoCharge,,,,,,3986
MGW-JG-5448,Equipment Scheduling,295966,Jinbai Guo,,Admin (TAMU) Lab,,Texas A&M University,"Tape Station (Agilent) (Tape Station (Agilent)) | Wednesday, February 11",,0638,WSGI,completed,billing_initialized,hour,0,2/20/26 12:02,2/11/26 15:00,2/20/26 12:02,2/20/26 12:25,2/21/26 03:00,2/20/26 23:59,Paola Galvan,Molecular Genomics Workspace,MGW-5720449,,,,,70600660,No status set,,Molecular Biology,Staff:NoCharge,,,,,,3986
MGW-JG-5448,Equipment Scheduling,295966,Jinbai Guo,,Admin (TAMU) Lab,,Texas A&M University,"Tape Station (Agilent) (Tape Station (Agilent)) | Friday, February 27",,0638,WSGI,completed,billing_initialized,hour,0,3/26/26 13:52,2/27/26 11:45,3/26/26 13:52,3/26/26 14:02,3/27/26 03:00,3/26/26 23:59,Paola Galvan,Molecular Genomics Workspace,MGW-5788689,,,,,71477004,No status set,,Molecular Biology,Self-Use,,,,,,3986
MGW-JV-5224,Bioinformatics Service (per hour),367936,Joao Vendramini,,"Vendramini, Joao (TAMU) Lab",,Texas A&M University,Illumina DNA Tagmentation Library Prep (per sample),,0638,WSGI,completed,billing_initialized,each,1104,10/8/25 09:22,10/8/25 09:22,8/17/26 10:44,8/24/26 15:42,8/25/26 03:05,8/24/26 23:59,jun Fan,Molecular Genomics Workspace,MGW-6084201,,,,,67411542,No status set,,Full Service - DNA Library Preparation (Illumina NGS),N/A,,,,,,3986
MGW-JS-5371,Project Request,561151,Joon Shin,Graduate Student,"Zhang, Junjie (TAMU) Lab",Biochemistry & Biophysics,Texas A&M University,QC RNA,including Qubit and Tapestation. We have QC the total 12 samples.,0638,WSGI,completed,billing_initialized,each,106.2,12/12/25 21:28,12/12/25 21:28,4/23/26 12:37,4/24/26 16:20,4/25/26 03:00,4/24/26 23:59,jun Fan,Molecular Genomics Workspace,MGW-5846971,,,,,69121642,No status set,,QC - Consumables,N/A,,,,,,3986
MGW-JS-5371,Project Request,559376,Joon Shin,Graduate Student,"Zhang, Junjie (TAMU) Lab",Biochemistry & Biophysics,Texas A&M University,Consumables,"5S/16S/23S rRNA–depleted RNA followed by RNA-seq library preparation using the Watchmaker RNA-seq Library Preparation Kit, this charge is only for reagents and consumables.",0638,WSGI,completed,billing_initialized,each,482.2,12/12/25 21:28,12/12/25 21:28,4/23/26 12:37,4/24/26 16:20,4/25/26 03:00,4/24/26 23:59,jun Fan,Molecular Genomics Workspace,MGW-5846971,,,,,69121643,No status set,,Consumables,N/A,,,,,,3986
MGW-JS-5371,Project Request,559371,Joon Shin,Graduate Student,"Zhang, Junjie (TAMU) Lab",Biochemistry & Biophysics,Texas A&M University,NextSeq 2000 Sequencing System (S/N VH00580),,0638,WSGI,completed,billing_initialized,each,25,12/12/25 21:32,12/12/25 21:32,4/23/26 12:37,4/24/26 16:20,4/25/26 03:00,4/24/26 23:59,jun Fan,Molecular Genomics Workspace,MGW-5846971,,,,,69121645,No status set,,Instrument Charges,N/A,,,,,,3986
MGW-JS-5371,Project Request,559377,Joon Shin,Graduate Student,"Zhang, Junjie (TAMU) Lab",Biochemistry & Biophysics,Texas A&M University,Laboratory Technician,Nextseq 2000 loading labor charge,0638,WSGI,completed,billing_initialized,hour,16.5,12/12/25 21:33,12/12/25 21:33,4/23/26 12:37,4/24/26 16:20,4/25/26 03:00,4/24/26 23:59,jun Fan,Molecular Genomics Workspace,MGW-5846971,,,,,69121650,No status set,,Laboratory Technician,N/A,,,,,,3986
MGW-JS-5371,Project Request,561246,Joon Shin,Graduate Student,"Zhang, Junjie (TAMU) Lab",Biochemistry & Biophysics,Texas A&M University,NextSeq 2000 P2 XLEAP-SBS Reagent Kit (200 cycles),,0638,WSGI,completed,billing_initialized,each,225.83,12/12/25 21:33,12/12/25 21:33,4/23/26 12:37,4/24/26 16:20,4/25/26 03:00,4/24/26 23:59,jun Fan,Molecular Genomics Workspace,MGW-5846971,,,,,69121654,No status set,,Sequencing (NextSeq 2000) - Consumables,N/A,,,,,,3986
MGW-JS-5371,Project Request,559373,Joon Shin,Graduate Student,"Zhang, Junjie (TAMU) Lab",Biochemistry & Biophysics,Texas A&M University,4200 TapeStation,Tapestation instrument running charge for RNA QC and library QC. 12 RNA samples and 4 libraries,0638,WSGI,completed,billing_initialized,hour,19.2,12/15/25 13:43,12/15/25 13:43,4/23/26 12:37,4/24/26 16:20,4/25/26 03:00,4/24/26 23:59,jun Fan,Molecular Genomics Workspace,MGW-5846971,,,,,69151100,No status set,,Instrument Charges,N/A,,,,,,3986
MGW-JS-5371,Project Request,559377,Joon Shin,Graduate Student,"Zhang, Junjie (TAMU) Lab",Biochemistry & Biophysics,Texas A&M University,Laboratory Technician,"RNA sample QC, rRNA depletion, RNAseq library preparation and library QC",0638,WSGI,completed,billing_initialized,hour,400,12/15/25 13:46,12/15/25 13:46,4/23/26 12:37,4/24/26 16:20,4/25/26 03:00,4/24/26 23:59,jun Fan,Molecular Genomics Workspace,MGW-5846971,,,,,69151562,No status set,,Laboratory Technician,N/A,,,,,,3986
MGW-JS-5371,Project Request,561152,Joon Shin,Graduate Student,"Zhang, Junjie (TAMU) Lab",Biochemistry & Biophysics,Texas A&M University,QC Core-prepared Library,,0638,WSGI,completed,billing_initialized,each,84.8,12/15/25 13:55,12/15/25 13:55,4/23/26 12:37,4/24/26 16:20,4/25/26 03:00,4/24/26 23:59,jun Fan,Molecular Genomics Workspace,MGW-5846971,,,,,69152330,No status set,,QC - Consumables,N/A,,,,,,3986
MGW-JE-5388,Sequencing - P2-XLEAP - 600 cycle (~300M reads),534531,Joseph Edwards,Principal Investigator,"Edwards, Joseph (TAMU) Lab",,Texas A&M University,Sequencing - P2-XLEAP - 600 cycle (~300M reads),,0638,WSGI,cancelled,cancelled,each,0,11/20/25 21:33,11/20/25 21:33,,n/a,n/a,n/a,jun Fan,Molecular Genomics Workspace,no invoice,,,,,68576581,No status set,,Full Service - Sequencing (NextSeq 2000),N/A,,,,,,3986
MGW-JE-5388,Sequencing - P2-XLEAP - 600 cycle (~300M reads),0,Joseph Edwards,Principal Investigator,"Edwards, Joseph (TAMU) Lab",,Texas A&M University,(charge) custom made library QC,,0638,WSGI,cancelled,cancelled,,0,11/23/25 18:44,11/23/25 18:44,,n/a,n/a,n/a,jun Fan,Molecular Genomics Workspace,no invoice,,Taxes,,,68609840,No status set,,,unknown,,,,,,3986
MGW-JE-5366,Project Request,561251,Joseph Edwards,Principal Investigator,"Edwards, Joseph (TAMU) Lab",,Texas A&M University,NextSeq 2000 P2 XLEAP-SBS Reagent Kit (600 cycles),,0638,WSGI,completed,billing_initialized,each,3259.3,12/9/25 09:17,12/9/25 09:17,2/20/26 11:34,2/20/26 12:25,2/21/26 03:00,2/20/26 23:59,jun Fan,Molecular Genomics Workspace,MGW-5720436,,,,,68998405,No status set,,Sequencing (NextSeq 2000) - Consumables,N/A,,,,,,3986
MGW-JE-5366,Project Request,559371,Joseph Edwards,Principal Investigator,"Edwards, Joseph (TAMU) Lab",,Texas A&M University,NextSeq 2000 Sequencing System (S/N VH00580),,0638,WSGI,completed,billing_initialized,each,250,12/9/25 09:18,12/9/25 09:18,2/20/26 11:34,2/20/26 12:25,2/21/26 03:00,2/20/26 23:59,jun Fan,Molecular Genomics Workspace,MGW-5720436,,,,,68998457,No status set,,Instrument Charges,N/A,,,,,,3986
MGW-JE-5366,Project Request,559377,Joseph Edwards,Principal Investigator,"Edwards, Joseph (TAMU) Lab",,Texas A&M University,Laboratory Technician,,0638,WSGI,completed,billing_initialized,hour,16.5,12/9/25 09:32,12/9/25 09:32,2/20/26 11:34,2/20/26 12:25,2/21/26 03:00,2/20/26 23:59,jun Fan,Molecular Genomics Workspace,MGW-5720436,,,,,68999156,No status set,,Laboratory Technician,N/A,,,,,,3986
MGW-JE-5366,Project Request,561153,Joseph Edwards,Principal Investigator,"Edwards, Joseph (TAMU) Lab",,Texas A&M University,QC Client-prepared Library,,0638,WSGI,completed,billing_initialized,each,15.64,12/9/25 11:46,12/9/25 11:46,2/20/26 11:34,2/20/26 12:25,2/21/26 03:00,2/20/26 23:59,jun Fan,Molecular Genomics Workspace,MGW-5720436,,,,,69005801,No status set,,QC - Consumables,N/A,,,,,,3986
MGW-JE-5471,Project Request,559371,Joseph Edwards,Principal Investigator,"Edwards, Joseph (TAMU) Lab",,Texas A&M University,NextSeq 2000 Sequencing System (S/N VH00580),,0638,WSGI,completed,billing_initialized,each,250,3/5/26 20:14,3/5/26 20:14,4/23/26 12:40,4/24/26 16:21,4/25/26 03:00,4/24/26 23:59,jun Fan,Molecular Genomics Workspace,MGW-5846982,,,,,70993728,No status set,,Instrument Charges,N/A,,,,,,3986
MGW-JE-5471,Project Request,559377,Joseph Edwards,Principal Investigator,"Edwards, Joseph (TAMU) Lab",,Texas A&M University,Laboratory Technician,,0638,WSGI,completed,billing_initialized,hour,16.5,3/5/26 20:14,3/5/26 20:14,4/23/26 12:41,4/24/26 16:21,4/25/26 03:00,4/24/26 23:59,jun Fan,Molecular Genomics Workspace,MGW-5846982,,,,,70993730,No status set,,Laboratory Technician,N/A,,,,,,3986
MGW-JE-5471,Project Request,561153,Joseph Edwards,Principal Investigator,"Edwards, Joseph (TAMU) Lab",,Texas A&M University,QC Client-prepared Library,,0638,WSGI,completed,billing_initialized,each,15.64,3/5/26 20:15,3/5/26 20:15,4/23/26 12:40,4/24/26 16:21,4/25/26 03:00,4/24/26 23:59,jun Fan,Molecular Genomics Workspace,MGW-5846982,,,,,70993731,No status set,,QC - Consumables,N/A,,,,,,3986
MGW-JE-5471,Project Request,561251,Joseph Edwards,Principal Investigator,"Edwards, Joseph (TAMU) Lab",,Texas A&M University,NextSeq 2000 P2 XLEAP-SBS Reagent Kit (600 cycles),,0638,WSGI,completed,billing_initialized,each,3259.3,3/5/26 20:15,3/5/26 20:15,4/23/26 12:40,4/24/26 16:21,4/25/26 03:00,4/24/26 23:59,jun Fan,Molecular Genomics Workspace,MGW-5846982,,,,,70993734,No status set,,Sequencing (NextSeq 2000) - Consumables,N/A,,,,,,3986
MGW-JJ-5623,Project Request,561181,Juhi Jaiswal,Post-Doctoral Fellow,"Liu, Fei (TAMU) Lab",Molecular and Cellular Medicine,Texas A&M University,Single Cell QC Trypan Blue - Consumables ,,0638,WSGI,completed,billing_initialized,each,13.54,6/29/26 15:41,6/29/26 15:41,9/21/26 10:14,9/24/26 11:26,9/25/26 03:05,9/24/26 23:59,Sarah Sharpton,Molecular Genomics Workspace,MGW-6140670,,,,,73833407,No status set,,Single Cell-Visuim QC-Isolation - Consumables,N/A,,,,,,3986
MGW-JJ-5623,Project Request,561180,Juhi Jaiswal,Post-Doctoral Fellow,"Liu, Fei (TAMU) Lab",Molecular and Cellular Medicine,Texas A&M University,Single Cell QC Mixi GO II - Consumables,,0638,WSGI,completed,billing_initialized,each,67.04,6/29/26 15:41,6/29/26 15:41,9/21/26 10:14,9/24/26 11:26,9/25/26 03:05,9/24/26 23:59,Sarah Sharpton,Molecular Genomics Workspace,MGW-6140670,,,,,73833419,No status set,,Single Cell-Visuim QC-Isolation - Consumables,N/A,,,,,,3986
MGW-JJ-5623,Project Request,561268,Juhi Jaiswal,Post-Doctoral Fellow,"Liu, Fei (TAMU) Lab",Molecular and Cellular Medicine,Texas A&M University,Chromium GEM-X Single Cell 3' Chip Kit v4 - Consumables,,0638,WSGI,completed,billing_initialized,each,687.5,6/29/26 15:41,6/29/26 15:41,9/21/26 10:14,9/24/26 11:26,9/25/26 03:05,9/24/26 23:59,Sarah Sharpton,Molecular Genomics Workspace,MGW-6140670,,,,,73833427,No status set,,Single Cell Library Preparation - Consumables,N/A,,,,,,3986
MGW-JJ-5623,Project Request,561266,Juhi Jaiswal,Post-Doctoral Fellow,"Liu, Fei (TAMU) Lab",Molecular and Cellular Medicine,Texas A&M University,Chromium GEM-X Single Cell 3ʹ Kit v4 - Consumables,,0638,WSGI,completed,billing_initialized,each,3713.9,6/29/26 15:42,6/29/26 15:42,9/21/26 10:14,9/24/26 11:26,9/25/26 03:05,9/24/26 23:59,Sarah Sharpton,Molecular Genomics Workspace,MGW-6140670,,,,,73833445,No status set,,Single Cell Library Preparation - Consumables,N/A,,,,,,3986
MGW-JJ-5623,Project Request,559389,Juhi Jaiswal,Post-Doctoral Fellow,"Liu, Fei (TAMU) Lab",Molecular and Cellular Medicine,Texas A&M University,Chromium iX/X,,0638,WSGI,completed,billing_initialized,hour,58.5,6/29/26 15:42,6/29/26 15:42,9/21/26 10:14,9/24/26 11:26,9/25/26 03:05,9/24/26 23:59,Sarah Sharpton,Molecular Genomics Workspace,MGW-6140670,,,,,73833475,No status set,,Instrument Charges,N/A,,,,,,3986
MGW-JJ-5623,Project Request,559373,Juhi Jaiswal,Post-Doctoral Fellow,"Liu, Fei (TAMU) Lab",Molecular and Cellular Medicine,Texas A&M University,4200 TapeStation,,0638,WSGI,completed,billing_initialized,hour,4.8,6/29/26 15:43,6/29/26 15:43,9/21/26 10:14,9/24/26 11:26,9/25/26 03:05,9/24/26 23:59,Sarah Sharpton,Molecular Genomics Workspace,MGW-6140670,,,,,73833533,No status set,,Instrument Charges,N/A,,,,,,3986
MGW-JJ-5623,Project Request,561152,Juhi Jaiswal,Post-Doctoral Fellow,"Liu, Fei (TAMU) Lab",Molecular and Cellular Medicine,Texas A&M University,QC Core-prepared Library - Consumables,,0638,WSGI,completed,billing_initialized,each,31.1,6/29/26 15:43,6/29/26 15:43,9/21/26 10:14,9/24/26 11:26,9/25/26 03:05,9/24/26 23:59,Sarah Sharpton,Molecular Genomics Workspace,MGW-6140670,,,,,73833556,No status set,,QC - Consumables,N/A,,,,,,3986
MGW-JJ-5623,Project Request,561245,Juhi Jaiswal,Post-Doctoral Fellow,"Liu, Fei (TAMU) Lab",Molecular and Cellular Medicine,Texas A&M University,NextSeq 2000 P2 XLEAP-SBS Reagent Kit (100 cycles) - Consumables,,0638,WSGI,completed,billing_initialized,each,1201.2,6/29/26 15:44,6/29/26 15:44,9/21/26 10:14,9/24/26 11:26,9/25/26 03:05,9/24/26 23:59,Sarah Sharpton,Molecular Genomics Workspace,MGW-6140670,,,,,73833596,No status set,,Sequencing (NextSeq 2000) - Consumables,N/A,,,,,,3986
MGW-JJ-5623,Project Request,559371,Juhi Jaiswal,Post-Doctoral Fellow,"Liu, Fei (TAMU) Lab",Molecular and Cellular Medicine,Texas A&M University,NextSeq 2000 Sequencing System (S/N VH00580),,0638,WSGI,completed,billing_initialized,each,250,6/29/26 15:44,6/29/26 15:44,9/21/26 10:14,9/24/26 11:26,9/25/26 03:05,9/24/26 23:59,Sarah Sharpton,Molecular Genomics Workspace,MGW-6140670,,,,,73833620,No status set,,Instrument Charges,N/A,,,,,,3986
MGW-JJ-5623,Project Request,559377,Juhi Jaiswal,Post-Doctoral Fellow,"Liu, Fei (TAMU) Lab",Molecular and Cellular Medicine,Texas A&M University,Laboratory Technician,,0638,WSGI,completed,billing_initialized,hour,400,6/29/26 15:44,6/29/26 15:44,9/21/26 10:14,9/24/26 11:26,9/25/26 03:05,9/24/26 23:59,Sarah Sharpton,Molecular Genomics Workspace,MGW-6140670,,,,,73833638,No status set,,Laboratory Technician,N/A,,,,,,3986
MGW-KC-5452,Equipment Scheduling,507115,Kaitlyn Carter,,"Threadgill, David (TAMU) Lab",Molecular and Cellular Medicine,Texas A&M University,Tissue-Lyser Tube & Bead (per sample),,0638,WSGI,completed,billing_initialized,each,10.92,2/2/26 08:34,2/2/26 16:00,2/20/26 12:06,2/20/26 12:25,2/21/26 03:00,2/20/26 23:59,Kaitlyn Carter,Molecular Genomics Workspace,MGW-5720447,,,,,70106062,No status set,,Self Service - Add-ons,N/A,,,,,,3986
MGW-KC-5452,Equipment Scheduling,507115,Kaitlyn Carter,,"Threadgill, David (TAMU) Lab",Molecular and Cellular Medicine,Texas A&M University,Tissue-Lyser Tube & Bead (per sample),,0638,WSGI,completed,billing_initialized,each,10.92,2/2/26 08:35,2/3/26 16:00,2/20/26 12:06,2/20/26 12:25,2/21/26 03:00,2/20/26 23:59,Kaitlyn Carter,Molecular Genomics Workspace,MGW-5720447,,,,,70106070,No status set,,Self Service - Add-ons,N/A,,,,,,3986
MGW-KC-5452,Equipment Scheduling,519998,Kaitlyn Carter,,"Threadgill, David (TAMU) Lab",Molecular and Cellular Medicine,Texas A&M University,"Tissue-Lyser (Instance 1) | Monday, February 02",,0638,WSGI,completed,billing_initialized,hour,0,2/20/26 12:06,2/2/26 16:00,2/20/26 12:06,2/20/26 12:25,2/21/26 03:00,2/20/26 23:59,Paola Galvan,Molecular Genomics Workspace,MGW-5720447,,,,,70600792,No status set,,Molecular Biology,Self-Use,,,,,,3986
MGW-KC-5452,Equipment Scheduling,519998,Kaitlyn Carter,,"Threadgill, David (TAMU) Lab",Molecular and Cellular Medicine,Texas A&M University,"Tissue-Lyser (Instance 1) | Tuesday, February 03",,0638,WSGI,completed,billing_initialized,hour,0,2/20/26 12:06,2/3/26 16:00,2/20/26 12:06,2/20/26 12:25,2/21/26 03:00,2/20/26 23:59,Paola Galvan,Molecular Genomics Workspace,MGW-5720447,,,,,70600797,No status set,,Molecular Biology,Self-Use,,,,,,3986
MGW-KO-5433,Training Request,297792,Karla Ortega-Sandoval,,"Raghavan, Shreya (TAMU) Lab",Biomedical Engineering,Texas A&M University,RNA Standard  Usage (per sample),,0638,WSGI,completed,billing_initialized,each,192.5,2/9/26 12:13,2/9/26 12:13,2/20/26 11:56,2/20/26 12:25,2/21/26 03:00,2/20/26 23:59,Paola Galvan,Molecular Genomics Workspace,MGW-5720450,,,,,70315264,No status set,,Self Service - TapeStation/Bioanalyzer,N/A,,,,,,3986
MGW-KO-5433,Training Request,559373,Karla Ortega-Sandoval,,"Raghavan, Shreya (TAMU) Lab",Biomedical Engineering,Texas A&M University,4200 TapeStation,,0638,WSGI,completed,billing_initialized,hour,49.98,2/9/26 12:13,2/9/26 12:13,2/20/26 11:56,2/20/26 12:25,2/21/26 03:00,2/20/26 23:59,Paola Galvan,Molecular Genomics Workspace,MGW-5720450,,,,,70315282,No status set,,Instrument Charges,N/A,,,,,,3986
MGW-KO-5433,Training Request,559377,Karla Ortega-Sandoval,,"Raghavan, Shreya (TAMU) Lab",Biomedical Engineering,Texas A&M University,Laboratory Technician,,0638,WSGI,completed,billing_initialized,hour,50,2/9/26 12:14,2/9/26 12:14,2/20/26 11:56,2/20/26 12:25,2/21/26 03:00,2/20/26 23:59,Paola Galvan,Molecular Genomics Workspace,MGW-5720450,,,,,70315323,No status set,,Laboratory Technician,N/A,,,,,,3986
MGW-KO-5455,Equipment Scheduling,297792,Karla Ortega-Sandoval,,"Raghavan, Shreya (TAMU) Lab",Biomedical Engineering,Texas A&M University,RNA Standard  Usage (per sample),,0638,WSGI,completed,billing_initialized,each,33,2/20/26 12:09,2/11/26 14:28,2/20/26 12:09,2/20/26 12:25,2/21/26 03:00,2/20/26 23:59,Paola Galvan,Molecular Genomics Workspace,MGW-5720450,,,,,70600937,No status set,,Self Service - TapeStation/Bioanalyzer,N/A,,,,,,3986
MGW-KO-5455,Equipment Scheduling,295966,Karla Ortega-Sandoval,,"Raghavan, Shreya (TAMU) Lab",Biomedical Engineering,Texas A&M University,"Tape Station (Agilent) (Tape Station (Agilent)) | Wednesday, February 11",,0638,WSGI,completed,billing_initialized,hour,10,2/20/26 12:09,2/11/26 14:28,2/20/26 12:09,2/20/26 12:25,2/21/26 03:00,2/20/26 23:59,Paola Galvan,Molecular Genomics Workspace,MGW-5720450,,,,,70600955,No status set,,Molecular Biology,Self-Use,,,,,,3986
MGW-KO-5455,Equipment Scheduling,297792,Karla Ortega-Sandoval,,"Raghavan, Shreya (TAMU) Lab",Biomedical Engineering,Texas A&M University,RNA Standard  Usage (per sample),,0638,WSGI,completed,billing_initialized,each,33,2/20/26 12:09,2/18/26 11:44,2/20/26 12:09,2/20/26 12:25,2/21/26 03:00,2/20/26 23:59,Paola Galvan,Molecular Genomics Workspace,MGW-5720450,,,,,70600960,No status set,,Self Service - TapeStation/Bioanalyzer,N/A,,,,,,3986
MGW-KO-5455,Equipment Scheduling,295966,Karla Ortega-Sandoval,,"Raghavan, Shreya (TAMU) Lab",Biomedical Engineering,Texas A&M University,"Tape Station (Agilent) (Tape Station (Agilent)) | Wednesday, February 18",,0638,WSGI,completed,billing_initialized,hour,10,2/20/26 12:09,2/18/26 11:44,2/20/26 12:09,2/20/26 12:25,2/21/26 03:00,2/20/26 23:59,Paola Galvan,Molecular Genomics Workspace,MGW-5720450,,,,,70600974,No status set,,Molecular Biology,Self-Use,,,,,,3986
MGW-KO-5455,Equipment Scheduling,297792,Karla Ortega-Sandoval,,"Raghavan, Shreya (TAMU) Lab",Biomedical Engineering,Texas A&M University,RNA Standard  Usage (per sample),,0638,WSGI,completed,billing_initialized,each,44,2/20/26 12:10,2/19/26 11:26,2/20/26 12:10,2/20/26 12:25,2/21/26 03:00,2/20/26 23:59,Paola Galvan,Molecular Genomics Workspace,MGW-5720450,,,,,70601001,No status set,,Self Service - TapeStation/Bioanalyzer,N/A,,,,,,3986
MGW-KO-5455,Equipment Scheduling,295966,Karla Ortega-Sandoval,,"Raghavan, Shreya (TAMU) Lab",Biomedical Engineering,Texas A&M University,"Tape Station (Agilent) (Tape Station (Agilent)) | Thursday, February 19",,0638,WSGI,completed,billing_initialized,hour,15,2/20/26 12:10,2/19/26 11:26,2/20/26 12:10,2/20/26 12:25,2/21/26 03:00,2/20/26 23:59,Paola Galvan,Molecular Genomics Workspace,MGW-5720450,,,,,70601007,No status set,,Molecular Biology,Self-Use,,,,,,3986
MGW-KO-5455,Equipment Scheduling,297792,Karla Ortega-Sandoval,,"Raghavan, Shreya (TAMU) Lab",Biomedical Engineering,Texas A&M University,RNA Standard  Usage (per sample),,0638,WSGI,completed,billing_initialized,each,22,2/23/26 16:20,2/23/26 15:45,3/26/26 13:29,3/26/26 14:02,3/27/26 03:00,3/26/26 23:59,Paola Galvan,Molecular Genomics Workspace,MGW-5788679,,,,,70648677,No status set,,Self Service - TapeStation/Bioanalyzer,N/A,,,,,,3986
MGW-KO-5455,Equipment Scheduling,295966,Karla Ortega-Sandoval,,"Raghavan, Shreya (TAMU) Lab",Biomedical Engineering,Texas A&M University,"Tape Station (Agilent) (Tape Station (Agilent)) | Monday, February 23",,0638,WSGI,completed,billing_initialized,hour,8,3/26/26 13:29,2/23/26 15:45,3/26/26 13:29,3/26/26 14:02,3/27/26 03:00,3/26/26 23:59,Paola Galvan,Molecular Genomics Workspace,MGW-5788679,,,,,71475874,No status set,,Molecular Biology,Self-Use,,,,,,3986
MGW-KO-5667,Equipment Scheduling,297792,Karla Ortega-Sandoval,,"Raghavan, Shreya (TAMU) Lab",Biomedical Engineering,Texas A&M University,RNA Standard  Usage (per sample) - Consumables,,0638,WSGI,completed,billing_initialized,each,55,7/27/26 13:02,7/17/26 13:15,7/27/26 13:02,7/27/26 14:09,7/28/26 03:05,7/27/26 23:59,Paola Galvan,Molecular Genomics Workspace,MGW-6028635,,,,,74479735,No status set,,Self Service - TapeStation/Bioanalyzer,N/A,,,,,,3986
MGW-KO-5667,Equipment Scheduling,295966,Karla Ortega-Sandoval,,"Raghavan, Shreya (TAMU) Lab",Biomedical Engineering,Texas A&M University,"Tape Station (Agilent) (Tape Station (Agilent)) | Friday, July 17",,0638,WSGI,completed,billing_initialized,hour,49,7/27/26 13:02,7/17/26 13:15,7/27/26 13:02,7/27/26 14:09,7/28/26 03:05,7/27/26 23:59,Paola Galvan,Molecular Genomics Workspace,MGW-6028635,,,,,74479751,No status set,,Molecular Biology,Self-Use,,,,,,3986
MGW-KO-5667,Equipment Scheduling,297792,Karla Ortega-Sandoval,,"Raghavan, Shreya (TAMU) Lab",Biomedical Engineering,Texas A&M University,RNA Standard  Usage (per sample) - Consumables,,0638,WSGI,completed,billing_initialized,each,55,7/27/26 13:02,7/21/26 11:21,7/27/26 13:03,7/27/26 14:09,7/28/26 03:05,7/27/26 23:59,Paola Galvan,Molecular Genomics Workspace,MGW-6028635,,,,,74479781,No status set,,Self Service - TapeStation/Bioanalyzer,N/A,,,,,,3986
MGW-KO-5667,Equipment Scheduling,295966,Karla Ortega-Sandoval,,"Raghavan, Shreya (TAMU) Lab",Biomedical Engineering,Texas A&M University,"Tape Station (Agilent) (Tape Station (Agilent)) | Tuesday, July 21",,0638,WSGI,completed,billing_initialized,hour,16,7/27/26 13:03,7/21/26 11:21,7/27/26 13:03,7/27/26 14:09,7/28/26 03:05,7/27/26 23:59,Paola Galvan,Molecular Genomics Workspace,MGW-6028635,,,,,74479809,No status set,,Molecular Biology,Self-Use,,,,,,3986
MGW-KD-5390,Project Request,560903,Kasuni Daundasekara,,"Weerasooriya, Aruna (PVAMU) Lab",,Prairie View A&M University,QC DNA,DNA sample QC including Qubit measurement.,0638,WSGI,cancelled,cancelled,each,0,1/5/26 12:25,1/5/26 12:25,,n/a,n/a,n/a,jun Fan,Molecular Genomics Workspace,no invoice,,,,,69456884,No status set,,QC - Consumables,N/A,,,,,,3986
MGW-KD-5390,Project Request,559376,Kasuni Daundasekara,,"Weerasooriya, Aruna (PVAMU) Lab",,Prairie View A&M University,Consumables,Watchmaker DNAseq library reagents.,0638,WSGI,cancelled,cancelled,each,0,1/5/26 12:26,1/5/26 12:26,,n/a,n/a,n/a,jun Fan,Molecular Genomics Workspace,no invoice,,,,,69456989,No status set,,Consumables,N/A,,,,,,3986
MGW-KD-5390,Project Request,559377,Kasuni Daundasekara,,"Weerasooriya, Aruna (PVAMU) Lab",,Prairie View A&M University,Laboratory Technician,Total labor hours for library preparation and QC.,0638,WSGI,cancelled,cancelled,hour,0,1/5/26 12:27,1/5/26 12:27,,n/a,n/a,n/a,jun Fan,Molecular Genomics Workspace,no invoice,,,,,69457080,No status set,,Laboratory Technician,N/A,,,,,,3986
MGW-KD-5391,NextSeq 2000 P4 XLEAP-SBS Reagent Kit (300 cycles),561265,Kasuni Daundasekara,,"Weerasooriya, Aruna (PVAMU) Lab",,Prairie View A&M University,NextSeq 2000 P4 XLEAP-SBS Reagent Kit (300 cycles),libraries sequencing on Nextseq 2000 with a P4 300 cycle flow cell,0638,WSGI,cancelled,cancelled,each,0,1/5/26 12:38,1/5/26 12:38,,n/a,n/a,n/a,jun Fan,Molecular Genomics Workspace,no invoice,,,,,69458085,No status set,,Sequencing (NextSeq 2000) - Consumables,N/A,,,,,,3986
MGW-KD-5391,NextSeq 2000 P4 XLEAP-SBS Reagent Kit (300 cycles),561152,Kasuni Daundasekara,,"Weerasooriya, Aruna (PVAMU) Lab",,Prairie View A&M University,QC Core-prepared Library,"Library QC check, including Qubit measurement to ensure an appropriate concentration for sequencing.",0638,WSGI,cancelled,cancelled,each,0,1/5/26 12:39,1/5/26 12:39,,n/a,n/a,n/a,jun Fan,Molecular Genomics Workspace,no invoice,,,,,69458232,No status set,,QC - Consumables,N/A,,,,,,3986
MGW-KG-5278,RNA Standard  Usage (per sample),297792,Kathryn Gallman,,"Keene, Alex (TAMU) Lab",,Texas A&M University,RNA Standard  Usage (per sample),,0638,WSGI,completed,billing_initialized,each,14.1,9/16/25 13:04,9/16/25 13:04,10/22/25 14:13,10/28/25 16:51,10/31/25 03:00,10/28/25 23:59,Paola Galvan,Molecular Genomics Workspace,MGW-5492169,,,,,66821665,No status set,,Self Service - TapeStation/Bioanalyzer,N/A,,,,,,3986
MGW-KG-5281,"RNeasy Plus Universal RNA Isolation, 1-24 samples (per sample)",538876,Kathryn Gallman,,"Keene, Alex (TAMU) Lab",,Texas A&M University,"RNeasy Plus Universal RNA Isolation, 1-24 samples (per sample)",,0638,WSGI,completed,billing_initialized,each,106,10/1/25 12:36,10/1/25 12:36,2/20/26 11:18,2/20/26 12:24,2/21/26 03:00,2/20/26 23:59,Paola Galvan,Molecular Genomics Workspace,MGW-5720426,,,,,67220203,No status set,,Full Service - DNA/RNA isolation,N/A,,,,,,3986
MGW-KG-5281,"RNeasy Plus Universal RNA Isolation, 1-24 samples (per sample)",298243,Kathryn Gallman,,"Keene, Alex (TAMU) Lab",,Texas A&M University,TapeStation RNA HS (full service; per sample),,0638,WSGI,completed,billing_initialized,each,34.6,10/1/25 12:37,10/1/25 12:37,2/20/26 11:18,2/20/26 12:24,2/21/26 03:00,2/20/26 23:59,Paola Galvan,Molecular Genomics Workspace,MGW-5720426,,,,,67220235,No status set,,Full Service - DNA/RNA QC,N/A,,,,,,3986
MGW-KN-5270,Equipment Scheduling,292905,KaWai Ng,Graduate Student,"Mabbott, Samuel (TAMU) Lab",Biomedical Engineering,Texas A&M University,"CFX Real-Time System (Bio-Rad) - REYN (CFX384 Real-Time System (Bio-Rad) GNK) | Thursday, September 18",,0638,WSGI,completed,billing_initialized,hour,13.75,9/26/25 13:29,9/18/25 14:45,9/26/25 13:29,9/29/25 16:12,9/30/25 03:00,9/29/25 23:59,Paola Galvan,Molecular Genomics Workspace,MGW-5434247,,,,,67081578,No status set,,Molecular Biology,Self-Use,,,,,,3986
MGW-KN-5270,Equipment Scheduling,292905,KaWai Ng,Graduate Student,"Mabbott, Samuel (TAMU) Lab",Biomedical Engineering,Texas A&M University,"CFX Real-Time System (Bio-Rad) - REYN (CFX384 Real-Time System (Bio-Rad) GNK) | Tuesday, September 16",,0638,WSGI,completed,billing_initialized,hour,8.62,9/26/25 13:32,9/16/25 13:27,9/26/25 13:32,9/29/25 16:12,9/30/25 03:00,9/29/25 23:59,Paola Galvan,Molecular Genomics Workspace,MGW-5434247,,,,,67081770,No status set,,Molecular Biology,Self-Use,,,,,,3986
MGW-KN-5307,Equipment Scheduling,526138,KaWai Ng,Graduate Student,"Mabbott, Samuel (TAMU) Lab",Biomedical Engineering,Texas A&M University,"CFX OPUS qPCR System (Bio-Rad) - REYN 471 (Dx 96; R2D2 (REYN 471)) | Thursday, October 02",,0638,WSGI,completed,billing_initialized,hour,12.56,10/27/25 10:05,10/2/25 14:44,10/27/25 10:05,10/28/25 16:51,10/31/25 03:00,10/28/25 23:59,Paola Galvan,Molecular Genomics Workspace,MGW-5492187,,,,,67833504,No status set,,Molecular Biology,Self-Use,,,,,,3986
MGW-KN-5308,Equipment Scheduling,526138,KaWai Ng,Graduate Student,"Mabbott, Samuel (TAMU) Lab",Biomedical Engineering,Texas A&M University,"CFX OPUS qPCR System (Bio-Rad) - REYN 471 (Dx 96; R2D2 (REYN 471)) | Tuesday, October 07",,0638,WSGI,completed,billing_initialized,hour,7.61,10/27/25 10:05,10/7/25 15:38,10/27/25 10:05,10/28/25 16:51,10/31/25 03:00,10/28/25 23:59,Paola Galvan,Molecular Genomics Workspace,MGW-5492187,,,,,67833506,No status set,,Molecular Biology,Self-Use,,,,,,3986
MGW-KN-5307,Equipment Scheduling,526138,KaWai Ng,Graduate Student,"Mabbott, Samuel (TAMU) Lab",Biomedical Engineering,Texas A&M University,"CFX OPUS qPCR System (Bio-Rad) - REYN 471 (Dx 96; R2D2 (REYN 471)) | Thursday, October 30",,0638,WSGI,completed,billing_initialized,hour,13.75,11/20/25 11:13,10/30/25 14:00,11/20/25 11:13,11/25/25 10:28,11/26/25 03:00,11/25/25 23:59,Paola Galvan,Molecular Genomics Workspace,MGW-5554538,,,,,68558713,No status set,,Molecular Biology,Self-Use,,,,,,3986
MGW-KN-5343,Equipment Scheduling,526138,KaWai Ng,Graduate Student,"Mabbott, Samuel (TAMU) Lab",Biomedical Engineering,Texas A&M University,"CFX OPUS qPCR System (Bio-Rad) - REYN 471 (Dx 96; R2D2 (REYN 471)) | Monday, November 03",,0638,WSGI,completed,billing_initialized,hour,13.48,11/20/25 11:14,11/3/25 11:33,11/20/25 11:14,11/25/25 10:28,11/26/25 03:00,11/25/25 23:59,Paola Galvan,Molecular Genomics Workspace,MGW-5554538,,,,,68558721,No status set,,Molecular Biology,Self-Use,,,,,,3986
MGW-KN-5343,Equipment Scheduling,526138,KaWai Ng,Graduate Student,"Mabbott, Samuel (TAMU) Lab",Biomedical Engineering,Texas A&M University,"CFX OPUS qPCR System (Bio-Rad) - REYN 471 (Dx 96; R2D2 (REYN 471)) | Tuesday, November 04",,0638,WSGI,completed,billing_initialized,hour,8.89,11/20/25 11:16,11/4/25 16:07,11/20/25 11:16,11/25/25 10:28,11/26/25 03:00,11/25/25 23:59,Paola Galvan,Molecular Genomics Workspace,MGW-5554538,,,,,68558784,No status set,,Molecular Biology,Self-Use,,,,,,3986
MGW-KN-5343,Equipment Scheduling,526138,KaWai Ng,Graduate Student,"Mabbott, Samuel (TAMU) Lab",Biomedical Engineering,Texas A&M University,"CFX OPUS qPCR System (Bio-Rad) - REYN 471 (Dx 96; R2D2 (REYN 471)) | Wednesday, November 05 (cancellation)",,0638,WSGI,completed,not_billable,hour,0,11/20/25 11:16,11/5/25 10:30,11/20/25 11:16,11/25/25 10:28,11/26/25 03:00,11/25/25 23:59,Paola Galvan,Molecular Genomics Workspace,MGW-5554538,Cancellation,,,,68558788,No status set,,Molecular Biology,Self-Use,,,,,,3986
MGW-KN-5343,Equipment Scheduling,526138,KaWai Ng,Graduate Student,"Mabbott, Samuel (TAMU) Lab",Biomedical Engineering,Texas A&M University,"CFX OPUS qPCR System (Bio-Rad) - REYN 471 (Dx 96; R2D2 (REYN 471)) | Wednesday, November 05",,0638,WSGI,completed,billing_initialized,hour,6.78,11/20/25 11:16,11/5/25 11:12,11/20/25 11:16,11/25/25 10:28,11/26/25 03:00,11/25/25 23:59,Paola Galvan,Molecular Genomics Workspace,MGW-5554538,,,,,68558791,No status set,,Molecular Biology,Self-Use,,,,,,3986
MGW-KN-5413,Equipment Scheduling,526138,KaWai Ng,Graduate Student,"Mabbott, Samuel (TAMU) Lab",Biomedical Engineering,Texas A&M University,"CFX OPUS 96 well qPCR System (Bio-Rad) - REYN 471 (Dx 96; R2D2 (REYN 471)) | Thursday, December 18",,0638,WSGI,completed,billing_initialized,hour,0,1/28/26 10:48,12/18/25 15:57,1/28/26 10:48,1/28/26 11:03,1/29/26 03:00,1/28/26 23:59,Paola Galvan,Molecular Genomics Workspace,MGW-5668388,,,,,69986637,No status set,,Molecular Biology,Self-Use,,,,,,3986
MGW-KN-5489,Equipment Scheduling,297788,KaWai Ng,Graduate Student,"Mabbott, Samuel (TAMU) Lab",Biomedical Engineering,Texas A&M University,DNA D5000  Usage (per sample),,0638,WSGI,completed,billing_initialized,each,17.4,2/17/26 11:52,2/24/26 09:19,3/26/26 13:31,3/26/26 14:02,3/27/26 03:00,3/26/26 23:59,KaWai Ng,Molecular Genomics Workspace,MGW-5788676,,,,,70507030,No status set,,Self Service - TapeStation/Bioanalyzer,N/A,,,,,,3986
MGW-KN-5489,Equipment Scheduling,295966,KaWai Ng,Graduate Student,"Mabbott, Samuel (TAMU) Lab",Biomedical Engineering,Texas A&M University,"Tape Station (Agilent) (Tape Station (Agilent)) | Tuesday, February 24",,0638,WSGI,completed,billing_initialized,hour,11,3/26/26 13:31,2/24/26 09:19,3/26/26 13:31,3/26/26 14:02,3/27/26 03:00,3/26/26 23:59,Paola Galvan,Molecular Genomics Workspace,MGW-5788676,,,,,71475927,No status set,,Molecular Biology,Self-Use,,,,,,3986
MGW-KN-5537,Equipment Scheduling,491681,KaWai Ng,Graduate Student,BMEN 454 (TAMU) Lab ,,Texas A&M University,Bioanalyzer Small RNA  Chip Usage (11 samples),,0638,WSGI,completed,billing_initialized,each,120,4/8/26 12:20,4/8/26 10:15,4/23/26 13:29,4/24/26 16:21,4/25/26 03:00,4/24/26 23:59,Paola Galvan,Molecular Genomics Workspace,MGW-5846991,,,,,71840366,No status set,,Self Service - TapeStation/Bioanalyzer,N/A,,,,,,3986
MGW-KN-5537,Equipment Scheduling,510751,KaWai Ng,Graduate Student,BMEN 454 (TAMU) Lab ,,Texas A&M University,"Bioanalyzer (Agilent) (1) | Wednesday, April 08",,0638,WSGI,completed,billing_initialized,hour,0,4/23/26 13:29,4/8/26 10:15,4/23/26 13:29,4/24/26 16:21,4/25/26 03:00,4/24/26 23:59,Paola Galvan,Molecular Genomics Workspace,MGW-5846991,,,,,72193586,No status set,,Molecular Biology,Self Use,,,,,,3986
MGW-KN-5582,Equipment Scheduling,526138,KaWai Ng,Graduate Student,"Mabbott, Samuel (TAMU) Lab",Biomedical Engineering,Texas A&M University,"CFX OPUS 96 well qPCR System (Bio-Rad) - REYN 471 (Dx 96; R2D2 (REYN 471)) | Tuesday, May 05",,0638,WSGI,completed,billing_initialized,hour,0,5/21/26 15:53,5/5/26 15:06,5/21/26 15:53,5/27/26 16:32,5/28/26 03:00,5/27/26 23:59,Paola Galvan,Molecular Genomics Workspace,MGW-5910835,,,,,72915538,No status set,,Molecular Biology,Self-Use,,,,,,3986
MGW-KN-5583,Equipment Scheduling,526138,KaWai Ng,Graduate Student,"Mabbott, Samuel (TAMU) Lab",Biomedical Engineering,Texas A&M University,"CFX OPUS 96 well qPCR System (Bio-Rad) - REYN 471 (Dx 96; R2D2 (REYN 471)) | Monday, May 04",,0638,WSGI,completed,billing_initialized,hour,0,5/21/26 15:53,5/4/26 16:00,5/21/26 15:53,5/27/26 16:32,5/28/26 03:00,5/27/26 23:59,Paola Galvan,Molecular Genomics Workspace,MGW-5910835,,,,,72915539,No status set,,Molecular Biology,Self-Use,,,,,,3986
MGW-KN-5582,Equipment Scheduling,526138,KaWai Ng,Graduate Student,"Mabbott, Samuel (TAMU) Lab",Biomedical Engineering,Texas A&M University,"CFX OPUS 96 well qPCR System (Bio-Rad) - REYN 471 (Dx 96; R2D2 (REYN 471)) | Monday, May 11",,0638,WSGI,completed,billing_initialized,hour,0,5/21/26 15:55,5/11/26 15:33,5/21/26 15:55,5/27/26 16:32,5/28/26 03:00,5/27/26 23:59,Paola Galvan,Molecular Genomics Workspace,MGW-5910835,,,,,72915611,No status set,,Molecular Biology,Self-Use,,,,,,3986
MGW-KN-5650,Equipment Scheduling,526138,KaWai Ng,Graduate Student,"Mabbott, Samuel (TAMU) Lab",Biomedical Engineering,Texas A&M University,"CFX OPUS 96 well qPCR System (Bio-Rad) - REYN 471 (Dx 96; R2D2 (REYN 471)) | Thursday, June 25",,0638,WSGI,completed,billing_initialized,hour,0,7/27/26 12:49,6/25/26 13:58,7/27/26 12:49,7/27/26 14:09,7/28/26 03:05,7/27/26 23:59,Paola Galvan,Molecular Genomics Workspace,MGW-6028632,,,,,74479076,No status set,,Molecular Biology,Self-Use,,,,,,3986
MGW-KN-5651,Equipment Scheduling,526138,KaWai Ng,Graduate Student,"Mabbott, Samuel (TAMU) Lab",Biomedical Engineering,Texas A&M University,"CFX OPUS 96 well qPCR System (Bio-Rad) - REYN 471 (Dx 96; R2D2 (REYN 471)) | Friday, June 26",,0638,WSGI,completed,billing_initialized,hour,0,7/27/26 12:49,6/26/26 13:55,7/27/26 12:49,7/27/26 14:09,7/28/26 03:05,7/27/26 23:59,Paola Galvan,Molecular Genomics Workspace,MGW-6028632,,,,,74479079,No status set,,Molecular Biology,Self-Use,,,,,,3986
MGW-KN-5659,Equipment Scheduling,526138,KaWai Ng,Graduate Student,"Mabbott, Samuel (TAMU) Lab",Biomedical Engineering,Texas A&M University,"CFX OPUS 96 well qPCR System (Bio-Rad) - REYN 471 (Dx 96; R2D2 (REYN 471)) | Tuesday, July 07",,0638,WSGI,completed,billing_initialized,hour,0,7/27/26 12:53,7/7/26 11:16,7/27/26 12:53,7/27/26 14:09,7/28/26 03:05,7/27/26 23:59,Paola Galvan,Molecular Genomics Workspace,MGW-6028633,,,,,74479333,No status set,,Molecular Biology,Self-Use,,,,,,3986
MGW-KN-5659,Equipment Scheduling,526138,KaWai Ng,Graduate Student,"Mabbott, Samuel (TAMU) Lab",Biomedical Engineering,Texas A&M University,"CFX OPUS 96 well qPCR System (Bio-Rad) - REYN 471 (Dx 96; R2D2 (REYN 471)) | Friday, July 17",,0638,WSGI,completed,billing_initialized,hour,0,7/27/26 13:02,7/17/26 13:16,7/27/26 13:02,7/27/26 14:09,7/28/26 03:05,7/27/26 23:59,Paola Galvan,Molecular Genomics Workspace,MGW-6028633,,,,,74479756,No status set,,Molecular Biology,Self-Use,,,,,,3986
MGW-KN-5659,Equipment Scheduling,526138,KaWai Ng,Graduate Student,"Mabbott, Samuel (TAMU) Lab",Biomedical Engineering,Texas A&M University,"CFX OPUS 96 well qPCR System (Bio-Rad) - REYN 471 (Dx 96; R2D2 (REYN 471)) | Tuesday, July 21",,0638,WSGI,completed,billing_initialized,hour,0,7/27/26 13:03,7/21/26 13:30,7/27/26 13:03,7/27/26 14:09,7/28/26 03:05,7/27/26 23:59,Paola Galvan,Molecular Genomics Workspace,MGW-6028633,,,,,74479815,No status set,,Molecular Biology,Self-Use,,,,,,3986
MGW-KN-5659,Equipment Scheduling,526138,KaWai Ng,Graduate Student,"Mabbott, Samuel (TAMU) Lab",Biomedical Engineering,Texas A&M University,"CFX OPUS 96 well qPCR System (Bio-Rad) - REYN 471 (Dx 96; R2D2 (REYN 471)) | Wednesday, July 22",,0638,WSGI,completed,billing_initialized,hour,0,7/27/26 13:04,7/22/26 12:23,7/27/26 13:04,7/27/26 14:09,7/28/26 03:05,7/27/26 23:59,Paola Galvan,Molecular Genomics Workspace,MGW-6028633,,,,,74479961,No status set,,Molecular Biology,Self-Use,,,,,,3986
MGW-KN-5659,Equipment Scheduling,526138,KaWai Ng,Graduate Student,"Mabbott, Samuel (TAMU) Lab",Biomedical Engineering,Texas A&M University,"CFX OPUS 96 well qPCR System (Bio-Rad) - REYN 471 (Dx 96; R2D2 (REYN 471)) | Friday, July 24",,0638,WSGI,completed,billing_initialized,hour,0,7/27/26 13:14,7/24/26 11:58,7/27/26 13:14,7/27/26 14:09,7/28/26 03:05,7/27/26 23:59,Paola Galvan,Molecular Genomics Workspace,MGW-6028633,,,,,74480404,No status set,,Molecular Biology,Self-Use,,,,,,3986
MGW-KN-5659,Equipment Scheduling,526138,KaWai Ng,Graduate Student,"Mabbott, Samuel (TAMU) Lab",Biomedical Engineering,Texas A&M University,"CFX OPUS 96 well qPCR System (Bio-Rad) - REYN 471 (Dx 96; R2D2 (REYN 471)) | Friday, July 24",,0638,WSGI,completed,billing_initialized,hour,0,7/27/26 13:14,7/24/26 15:48,7/27/26 13:14,7/27/26 14:09,7/28/26 03:05,7/27/26 23:59,Paola Galvan,Molecular Genomics Workspace,MGW-6028633,,,,,74480407,No status set,,Molecular Biology,Self-Use,,,,,,3986
MGW-KN-5659,Equipment Scheduling,526138,KaWai Ng,Graduate Student,"Mabbott, Samuel (TAMU) Lab",Biomedical Engineering,Texas A&M University,"CFX OPUS 96 well qPCR System (Bio-Rad) - REYN 471 (Dx 96; R2D2 (REYN 471)) | Wednesday, July 08",,0638,WSGI,completed,billing_initialized,hour,0,7/27/26 13:30,7/8/26 11:00,7/27/26 13:30,7/27/26 14:09,7/28/26 03:05,7/27/26 23:59,Paola Galvan,Molecular Genomics Workspace,MGW-6028633,,,,,74481143,No status set,,Molecular Biology,Self-Use,,,,,,3986
MGW-KN-5659,Equipment Scheduling,526138,KaWai Ng,Graduate Student,"Mabbott, Samuel (TAMU) Lab",Biomedical Engineering,Texas A&M University,"CFX OPUS 96 well qPCR System (Bio-Rad) - REYN 471 (Dx 96; R2D2 (REYN 471)) | Monday, July 13",,0638,WSGI,completed,billing_initialized,hour,0,7/27/26 13:30,7/13/26 12:45,7/27/26 13:30,7/27/26 14:09,7/28/26 03:05,7/27/26 23:59,Paola Galvan,Molecular Genomics Workspace,MGW-6028633,,,,,74481147,No status set,,Molecular Biology,Self-Use,,,,,,3986
MGW-KN-5659,Equipment Scheduling,526138,KaWai Ng,Graduate Student,"Mabbott, Samuel (TAMU) Lab",Biomedical Engineering,Texas A&M University,"CFX OPUS 96 well qPCR System (Bio-Rad) - REYN 471 (Dx 96; R2D2 (REYN 471)) | Thursday, July 16",,0638,WSGI,completed,billing_initialized,hour,0,7/27/26 13:31,7/16/26 14:30,7/27/26 13:31,7/27/26 14:09,7/28/26 03:05,7/27/26 23:59,Paola Galvan,Molecular Genomics Workspace,MGW-6028633,,,,,74481153,No status set,,Molecular Biology,Self-Use,,,,,,3986
MGW-KN-5659,Equipment Scheduling,526138,KaWai Ng,Graduate Student,"Mabbott, Samuel (TAMU) Lab",Biomedical Engineering,Texas A&M University,"CFX OPUS 96 well qPCR System (Bio-Rad) - REYN 471 (Dx 96; R2D2 (REYN 471)) | Tuesday, July 28",,0638,WSGI,completed,billing_initialized,hour,0,8/20/26 12:07,7/28/26 12:06,8/20/26 12:07,8/24/26 15:43,8/25/26 03:05,8/24/26 23:59,Paola Galvan,Molecular Genomics Workspace,MGW-6084228,,,,,75111566,No status set,,Molecular Biology,Self-Use,,,,,,3986
MGW-KN-5659,Equipment Scheduling,526138,KaWai Ng,Graduate Student,"Mabbott, Samuel (TAMU) Lab",Biomedical Engineering,Texas A&M University,"CFX OPUS 96 well qPCR System (Bio-Rad) - REYN 471 (Dx 96; R2D2 (REYN 471)) | Wednesday, July 29",,0638,WSGI,completed,billing_initialized,hour,0,8/20/26 12:09,7/29/26 15:34,8/20/26 12:09,8/24/26 15:43,8/25/26 03:05,8/24/26 23:59,Paola Galvan,Molecular Genomics Workspace,MGW-6084228,,,,,75111727,No status set,,Molecular Biology,Self-Use,,,,,,3986
MGW-KN-5659,Equipment Scheduling,526138,KaWai Ng,Graduate Student,"Mabbott, Samuel (TAMU) Lab",Biomedical Engineering,Texas A&M University,"CFX OPUS 96 well qPCR System (Bio-Rad) - REYN 471 (Dx 96; R2D2 (REYN 471)) | Friday, July 31",,0638,WSGI,completed,billing_initialized,hour,0,8/20/26 12:10,7/31/26 14:39,8/20/26 12:10,8/24/26 15:43,8/25/26 03:05,8/24/26 23:59,Paola Galvan,Molecular Genomics Workspace,MGW-6084228,,,,,75111758,No status set,,Molecular Biology,Self-Use,,,,,,3986
MGW-KN-5704,Equipment Scheduling,526138,KaWai Ng,Graduate Student,"Mabbott, Samuel (TAMU) Lab",Biomedical Engineering,Texas A&M University,"CFX OPUS 96 well qPCR System (Bio-Rad) - REYN 471 (Dx 96; R2D2 (REYN 471)) | Monday, August 03",,0638,WSGI,completed,billing_initialized,hour,0,8/20/26 12:10,8/3/26 11:15,8/20/26 12:10,8/24/26 15:43,8/25/26 03:05,8/24/26 23:59,Paola Galvan,Molecular Genomics Workspace,MGW-6084228,,,,,75111772,No status set,,Molecular Biology,Self-Use,,,,,,3986
MGW-KN-5704,Equipment Scheduling,526138,KaWai Ng,Graduate Student,"Mabbott, Samuel (TAMU) Lab",Biomedical Engineering,Texas A&M University,"CFX OPUS 96 well qPCR System (Bio-Rad) - REYN 471 (Dx 96; R2D2 (REYN 471)) | Wednesday, August 05",,0638,WSGI,completed,billing_initialized,hour,0,8/20/26 12:11,8/5/26 11:41,8/20/26 12:11,8/24/26 15:43,8/25/26 03:05,8/24/26 23:59,Paola Galvan,Molecular Genomics Workspace,MGW-6084228,,,,,75111788,No status set,,Molecular Biology,Self-Use,,,,,,3986
MGW-KN-5704,Equipment Scheduling,526138,KaWai Ng,Graduate Student,"Mabbott, Samuel (TAMU) Lab",Biomedical Engineering,Texas A&M University,"CFX OPUS 96 well qPCR System (Bio-Rad) - REYN 471 (Dx 96; R2D2 (REYN 471)) | Thursday, August 06",,0638,WSGI,completed,billing_initialized,hour,0,8/20/26 12:11,8/6/26 13:08,8/20/26 12:11,8/24/26 15:43,8/25/26 03:05,8/24/26 23:59,Paola Galvan,Molecular Genomics Workspace,MGW-6084228,,,,,75111795,No status set,,Molecular Biology,Self-Use,,,,,,3986
MGW-KN-5704,Equipment Scheduling,526138,KaWai Ng,Graduate Student,"Mabbott, Samuel (TAMU) Lab",Biomedical Engineering,Texas A&M University,"CFX OPUS 96 well qPCR System (Bio-Rad) - REYN 471 (Dx 96; R2D2 (REYN 471)) | Friday, August 07",,0638,WSGI,completed,billing_initialized,hour,0,8/20/26 12:11,8/7/26 11:51,8/20/26 12:11,8/24/26 15:43,8/25/26 03:05,8/24/26 23:59,Paola Galvan,Molecular Genomics Workspace,MGW-6084228,,,,,75111800,No status set,,Molecular Biology,Self-Use,,,,,,3986
MGW-KN-5704,Equipment Scheduling,526138,KaWai Ng,Graduate Student,"Mabbott, Samuel (TAMU) Lab",Biomedical Engineering,Texas A&M University,"CFX OPUS 96 well qPCR System (Bio-Rad) - REYN 471 (Dx 96; R2D2 (REYN 471)) | Tuesday, August 11",,0638,WSGI,completed,billing_initialized,hour,0,8/20/26 12:11,8/11/26 14:32,8/20/26 12:11,8/24/26 15:43,8/25/26 03:05,8/24/26 23:59,Paola Galvan,Molecular Genomics Workspace,MGW-6084228,,,,,75111813,No status set,,Molecular Biology,Self-Use,,,,,,3986
MGW-KN-5704,Equipment Scheduling,526138,KaWai Ng,Graduate Student,"Mabbott, Samuel (TAMU) Lab",Biomedical Engineering,Texas A&M University,"CFX OPUS 96 well qPCR System (Bio-Rad) - REYN 471 (Dx 96; R2D2 (REYN 471)) | Wednesday, August 12",,0638,WSGI,completed,billing_initialized,hour,0,8/20/26 12:11,8/12/26 14:31,8/20/26 12:11,8/24/26 15:43,8/25/26 03:05,8/24/26 23:59,Paola Galvan,Molecular Genomics Workspace,MGW-6084228,,,,,75111818,No status set,,Molecular Biology,Self-Use,,,,,,3986
MGW-KN-5704,Equipment Scheduling,526138,KaWai Ng,Graduate Student,"Mabbott, Samuel (TAMU) Lab",Biomedical Engineering,Texas A&M University,"CFX OPUS 96 well qPCR System (Bio-Rad) - REYN 471 (Dx 96; R2D2 (REYN 471)) | Thursday, August 13",,0638,WSGI,completed,billing_initialized,hour,0,8/20/26 12:12,8/13/26 15:27,8/20/26 12:12,8/24/26 15:43,8/25/26 03:05,8/24/26 23:59,Paola Galvan,Molecular Genomics Workspace,MGW-6084228,,,,,75111845,No status set,,Molecular Biology,Self-Use,,,,,,3986
MGW-KN-5704,Equipment Scheduling,526138,KaWai Ng,Graduate Student,"Mabbott, Samuel (TAMU) Lab",Biomedical Engineering,Texas A&M University,"CFX OPUS 96 well qPCR System (Bio-Rad) - REYN 471 (Dx 96; R2D2 (REYN 471)) | Tuesday, August 18",,0638,WSGI,completed,billing_initialized,hour,0,8/20/26 12:19,8/18/26 15:11,8/20/26 12:19,8/24/26 15:43,8/25/26 03:05,8/24/26 23:59,Paola Galvan,Molecular Genomics Workspace,MGW-6084228,,,,,75112141,No status set,,Molecular Biology,Self-Use,,,,,,3986
MGW-KN-5704,Equipment Scheduling,526138,KaWai Ng,Graduate Student,"Mabbott, Samuel (TAMU) Lab",Biomedical Engineering,Texas A&M University,"CFX OPUS 96 well qPCR System (Bio-Rad) - REYN 471 (Dx 96; R2D2 (REYN 471)) | Wednesday, August 19",,0638,WSGI,completed,billing_initialized,hour,0,8/20/26 12:19,8/19/26 15:11,8/20/26 12:19,8/24/26 15:43,8/25/26 03:05,8/24/26 23:59,Paola Galvan,Molecular Genomics Workspace,MGW-6084228,,,,,75112149,No status set,,Molecular Biology,Self-Use,,,,,,3986
MGW-KN-5704,Equipment Scheduling,526138,KaWai Ng,Graduate Student,"Mabbott, Samuel (TAMU) Lab",Biomedical Engineering,Texas A&M University,"CFX OPUS 96 well qPCR System (Bio-Rad) - REYN 471 (Dx 96; R2D2 (REYN 471)) | Thursday, August 20",,0638,WSGI,completed,billing_initialized,hour,0,9/23/26 13:11,8/20/26 14:53,9/23/26 13:11,9/24/26 11:26,9/25/26 03:05,9/24/26 23:59,Paola Galvan,Molecular Genomics Workspace,MGW-6140683,,,,,75903242,No status set,,Molecular Biology,Self-Use,,,,,,3986
MGW-KN-5704,Equipment Scheduling,526138,KaWai Ng,Graduate Student,"Mabbott, Samuel (TAMU) Lab",Biomedical Engineering,Texas A&M University,"CFX OPUS 96 well qPCR System (Bio-Rad) - REYN 471 (Dx 96; R2D2 (REYN 471)) | Tuesday, August 25",,0638,WSGI,completed,billing_initialized,hour,0,9/23/26 13:12,8/25/26 15:40,9/23/26 13:12,9/24/26 11:26,9/25/26 03:05,9/24/26 23:59,Paola Galvan,Molecular Genomics Workspace,MGW-6140683,,,,,75903264,No status set,,Molecular Biology,Self-Use,,,,,,3986
MGW-KN-5704,Equipment Scheduling,526138,KaWai Ng,Graduate Student,"Mabbott, Samuel (TAMU) Lab",Biomedical Engineering,Texas A&M University,"CFX OPUS 96 well qPCR System (Bio-Rad) - REYN 471 (Dx 96; R2D2 (REYN 471)) | Wednesday, August 26",,0638,WSGI,completed,billing_initialized,hour,0,9/23/26 13:12,8/26/26 11:30,9/23/26 13:12,9/24/26 11:26,9/25/26 03:05,9/24/26 23:59,Paola Galvan,Molecular Genomics Workspace,MGW-6140683,,,,,75903269,No status set,,Molecular Biology,Self-Use,,,,,,3986
MGW-KH-5481,Project Request,567613,Kaya Harper,,"Blackmon, Heath (TAMU) Lab",Biology,Texas A&M University,Watchmaker DNA-seq library,,0638,WSGI,proposed,not_ready_to_bill,each,1406.79,3/24/26 11:12,3/24/26 11:12,,n/a,n/a,n/a,jun Fan,Molecular Genomics Workspace,no invoice,,,,,71402754,No status set,,DNA Library Preparation - Consumables,N/A,,,,,,3986
MGW-KH-5481,Project Request,560903,Kaya Harper,,"Blackmon, Heath (TAMU) Lab",Biology,Texas A&M University,QC DNA,,0638,WSGI,proposed,not_ready_to_bill,each,587.4,3/24/26 11:12,3/24/26 11:12,,n/a,n/a,n/a,jun Fan,Molecular Genomics Workspace,no invoice,,,,,71402761,No status set,,QC - Consumables,N/A,,,,,,3986
MGW-KH-5481,Project Request,561258,Kaya Harper,,"Blackmon, Heath (TAMU) Lab",Biology,Texas A&M University,NextSeq 2000 P3 XLEAP-SBS Reagent Kit (300 cycles),,0638,WSGI,proposed,not_ready_to_bill,each,4735.5,3/24/26 11:13,3/24/26 11:13,,n/a,n/a,n/a,jun Fan,Molecular Genomics Workspace,no invoice,,,,,71402790,No status set,,Sequencing (NextSeq 2000) - Consumables,N/A,,,,,,3986
MGW-KH-5481,Project Request,561152,Kaya Harper,,"Blackmon, Heath (TAMU) Lab",Biology,Texas A&M University,QC Core-prepared Library,,0638,WSGI,proposed,not_ready_to_bill,each,513.15,3/24/26 11:13,3/24/26 11:13,,n/a,n/a,n/a,jun Fan,Molecular Genomics Workspace,no invoice,,,,,71402817,No status set,,QC - Consumables,N/A,,,,,,3986
MGW-KH-5481,Project Request,559377,Kaya Harper,,"Blackmon, Heath (TAMU) Lab",Biology,Texas A&M University,Laboratory Technician,,0638,WSGI,proposed,not_ready_to_bill,hour,400,3/24/26 11:13,3/24/26 11:13,,n/a,n/a,n/a,jun Fan,Molecular Genomics Workspace,no invoice,,,,,71402825,No status set,,Laboratory Technician,N/A,,,,,,3986
MGW-KH-5481,Project Request,559373,Kaya Harper,,"Blackmon, Heath (TAMU) Lab",Biology,Texas A&M University,4200 TapeStation,,0638,WSGI,proposed,not_ready_to_bill,hour,79.2,3/24/26 11:13,3/24/26 11:13,,n/a,n/a,n/a,jun Fan,Molecular Genomics Workspace,no invoice,,,,,71402833,No status set,,Instrument Charges,N/A,,,,,,3986
MGW-KH-5481,Project Request,559371,Kaya Harper,,"Blackmon, Heath (TAMU) Lab",Biology,Texas A&M University,NextSeq 2000 Sequencing System (S/N VH00580),,0638,WSGI,proposed,not_ready_to_bill,each,250,3/24/26 11:14,3/24/26 11:14,,n/a,n/a,n/a,jun Fan,Molecular Genomics Workspace,no invoice,,,,,71402843,No status set,,Instrument Charges,N/A,,,,,,3986
MGW-KH-5625,Project Request,560903,Kaya Harper,,"Blackmon, Heath (TAMU) Lab",Biology,Texas A&M University,QC DNA - Consumables,,0638,WSGI,proposed,not_ready_to_bill,each,569.6,6/30/26 16:52,6/30/26 16:52,,n/a,n/a,n/a,jun Fan,Molecular Genomics Workspace,no invoice,,,,,73883043,No status set,,QC - Consumables,N/A,,,,,,3986
MGW-KH-5625,Project Request,561152,Kaya Harper,,"Blackmon, Heath (TAMU) Lab",Biology,Texas A&M University,QC Core-prepared Library - Consumables,,0638,WSGI,proposed,not_ready_to_bill,each,497.6,6/30/26 16:52,6/30/26 16:52,,n/a,n/a,n/a,jun Fan,Molecular Genomics Workspace,no invoice,,,,,73883052,No status set,,QC - Consumables,N/A,,,,,,3986
MGW-KH-5625,Project Request,559373,Kaya Harper,,"Blackmon, Heath (TAMU) Lab",Biology,Texas A&M University,4200 TapeStation,,0638,WSGI,proposed,not_ready_to_bill,hour,76.8,6/30/26 16:52,6/30/26 16:52,,n/a,n/a,n/a,jun Fan,Molecular Genomics Workspace,no invoice,,,,,73883059,No status set,,Instrument Charges,N/A,,,,,,3986
MGW-KH-5625,Project Request,567613,Kaya Harper,,"Blackmon, Heath (TAMU) Lab",Biology,Texas A&M University,Watchmaker DNA-seq library - Consumables,,0638,WSGI,proposed,not_ready_to_bill,each,1364.16,6/30/26 16:53,6/30/26 16:53,,n/a,n/a,n/a,jun Fan,Molecular Genomics Workspace,no invoice,,,,,73883085,No status set,,DNA Library Preparation - Consumables,N/A,,,,,,3986
MGW-KH-5625,Project Request,559377,Kaya Harper,,"Blackmon, Heath (TAMU) Lab",Biology,Texas A&M University,Laboratory Technician,,0638,WSGI,proposed,not_ready_to_bill,hour,500,6/30/26 16:53,6/30/26 16:53,,n/a,n/a,n/a,jun Fan,Molecular Genomics Workspace,no invoice,,,,,73883089,No status set,,Laboratory Technician,N/A,,,,,,3986
MGW-KH-5625,Project Request,571884,Kaya Harper,,"Blackmon, Heath (TAMU) Lab",Biology,Texas A&M University,NovaSeq X 10B 300 cycles 1 lane- Consumables,,0638,WSGI,proposed,not_ready_to_bill,each,1427,6/30/26 18:11,6/30/26 18:11,,n/a,n/a,n/a,jun Fan,Molecular Genomics Workspace,no invoice,,,,,73885948,No status set,,NovaSeq - Consumables,N/A,,,,,,3986
MGW-KD-5301,Oxford Nanopore Rapid Library Preparation (per sample),444321,Kaylee Delgado,Graduate Student,"Song, Jianxun (TAMU) Lab",Microbial Pathogenesis and Immunology,Texas A&M University,"Oxford Nanopore Rapid Barcoding Library Preparation (per library, 2-12 samples)",,0638,WSGI,completed,billing_initialized,each,215,10/23/25 16:48,10/23/25 16:48,3/23/26 10:30,3/26/26 14:02,3/27/26 03:00,3/26/26 23:59,jun Fan,Molecular Genomics Workspace,MGW-5788673,,,,,67784221,No status set,,Full Service - Oxford Nanopore Library Prep & Sequencing,N/A,,,,,,3986
MGW-KD-5301,Oxford Nanopore Rapid Library Preparation (per sample),529100,Kaylee Delgado,Graduate Student,"Song, Jianxun (TAMU) Lab",Microbial Pathogenesis and Immunology,Texas A&M University,"PromethION Flow Cell R10.4.1 (per flow cell, 1-12 flow cells)",,0638,WSGI,completed,billing_initialized,each,1090,10/23/25 16:49,10/23/25 16:49,3/23/26 10:30,3/26/26 14:02,3/27/26 03:00,3/26/26 23:59,jun Fan,Molecular Genomics Workspace,MGW-5788673,,,,,67784245,No status set,,Full Service - Oxford Nanopore Library Prep & Sequencing,N/A,,,,,,3986
MGW-KZ-5373,Project Request,561153,Ke Zhang,,"Zhang, Ke (TAMU) Lab",IBT Center for Epigenetics and Disease Prevention,Texas A&M University,QC Client-prepared Library,,0638,WSGI,completed,billing_initialized,each,62.56,12/12/25 16:02,12/12/25 16:02,2/20/26 11:13,2/20/26 12:25,2/21/26 03:00,2/20/26 23:59,jun Fan,Molecular Genomics Workspace,MGW-5720437,,,,,69118690,No status set,,QC - Consumables,N/A,,,,,,3986
MGW-KZ-5373,Project Request,559371,Ke Zhang,,"Zhang, Ke (TAMU) Lab",IBT Center for Epigenetics and Disease Prevention,Texas A&M University,NextSeq 2000 Sequencing System (S/N VH00580),,0638,WSGI,completed,billing_initialized,each,250,12/12/25 16:03,12/12/25 16:03,2/20/26 11:13,2/20/26 12:25,2/21/26 03:00,2/20/26 23:59,jun Fan,Molecular Genomics Workspace,MGW-5720437,,,,,69118701,No status set,,Instrument Charges,N/A,,,,,,3986
MGW-KZ-5373,Project Request,559377,Ke Zhang,,"Zhang, Ke (TAMU) Lab",IBT Center for Epigenetics and Disease Prevention,Texas A&M University,Laboratory Technician,,0638,WSGI,completed,billing_initialized,hour,16.5,12/12/25 16:03,12/12/25 16:03,2/20/26 11:13,2/20/26 12:25,2/21/26 03:00,2/20/26 23:59,jun Fan,Molecular Genomics Workspace,MGW-5720437,,,,,69118707,No status set,,Laboratory Technician,N/A,,,,,,3986
MGW-KZ-5373,Project Request,561253,Ke Zhang,,"Zhang, Ke (TAMU) Lab",IBT Center for Epigenetics and Disease Prevention,Texas A&M University,NextSeq 2000 P3 XLEAP-SBS Reagent Kit (100 cycles),,0638,WSGI,completed,billing_initialized,each,2565.2,12/12/25 16:03,12/12/25 16:03,2/20/26 11:13,2/20/26 12:25,2/21/26 03:00,2/20/26 23:59,jun Fan,Molecular Genomics Workspace,MGW-5720437,,,,,69118719,No status set,,Sequencing (NextSeq 2000) - Consumables,N/A,,,,,,3986
MGW-KM-5407,Training Request,297792,Kelsey Mainard,Graduate Student,"Li, Wanhe (TAMU) Lab",,Texas A&M University,RNA Standard  Usage (per sample),,0638,WSGI,completed,billing_initialized,each,44,1/27/26 10:09,1/27/26 10:09,2/20/26 11:55,2/20/26 12:25,2/21/26 03:00,2/20/26 23:59,Paola Galvan,Molecular Genomics Workspace,MGW-5720443,,,,,69949245,No status set,,Self Service - TapeStation/Bioanalyzer,N/A,,,,,,3986
MGW-KM-5407,Training Request,559373,Kelsey Mainard,Graduate Student,"Li, Wanhe (TAMU) Lab",,Texas A&M University,4200 TapeStation,Usage of instrument was 6 minutes.,0638,WSGI,completed,billing_initialized,hour,6,1/27/26 10:09,1/27/26 10:09,2/20/26 11:55,2/20/26 12:25,2/21/26 03:00,2/20/26 23:59,Paola Galvan,Molecular Genomics Workspace,MGW-5720443,,,,,69949255,No status set,,Instrument Charges,N/A,,,,,,3986
MGW-KM-5407,Training Request,559377,Kelsey Mainard,Graduate Student,"Li, Wanhe (TAMU) Lab",,Texas A&M University,Laboratory Technician,Time spent with students was one hour.,0638,WSGI,completed,billing_initialized,hour,50,1/27/26 10:09,1/27/26 10:09,2/20/26 11:55,2/20/26 12:25,2/21/26 03:00,2/20/26 23:59,Paola Galvan,Molecular Genomics Workspace,MGW-5720443,,,,,69949260,No status set,,Laboratory Technician,N/A,,,,,,3986
MGW-KM-5500,Equipment Scheduling,297792,Kelsey Mainard,Graduate Student,"Li, Wanhe (TAMU) Lab",,Texas A&M University,RNA Standard  Usage (per sample),,0638,WSGI,completed,billing_initialized,each,22,3/26/26 13:44,3/6/26 12:30,3/26/26 13:45,3/26/26 14:02,3/27/26 03:00,3/26/26 23:59,Paola Galvan,Molecular Genomics Workspace,MGW-5788687,,,,,71476516,No status set,,Self Service - TapeStation/Bioanalyzer,N/A,,,,,,3986
MGW-KM-5500,Equipment Scheduling,295966,Kelsey Mainard,Graduate Student,"Li, Wanhe (TAMU) Lab",,Texas A&M University,"Tape Station (Agilent) (Tape Station (Agilent)) | Friday, March 06",,0638,WSGI,completed,billing_initialized,hour,14,3/26/26 13:45,3/6/26 12:30,3/26/26 13:45,3/26/26 14:02,3/27/26 03:00,3/26/26 23:59,Paola Galvan,Molecular Genomics Workspace,MGW-5788687,,,,,71476560,No status set,,Molecular Biology,Self-Use,,,,,,3986
MGW-KK-5334,QC RNA  (per sample),504608,Kent Koster,Post-Doctoral Fellow,"Cirillo, Jeffrey (TAMU) Lab",Microbial Pathogenesis and Immunology,Texas A&M University,QC RNA  (per sample),,0638,WSGI,financials_approved,not_ready_to_bill,each,327.6,11/10/25 20:11,11/10/25 20:11,,n/a,n/a,n/a,jun Fan,Molecular Genomics Workspace,no invoice,,,,,68305857,No status set,,Full Service - DNA/RNA QC,N/A,,,,,,3986
MGW-KK-5334,QC RNA  (per sample),0,Kent Koster,Post-Doctoral Fellow,"Cirillo, Jeffrey (TAMU) Lab",Microbial Pathogenesis and Immunology,Texas A&M University,(charge) 5s/16s/23s rRNA depletion,"The Qiagen FastSelection kit is used for this depletion at $50 per sample, with an additional $25 for labor.",0638,WSGI,financials_approved,not_ready_to_bill,dollar,1800,11/10/25 20:24,11/10/25 20:24,,n/a,n/a,n/a,jun Fan,Molecular Genomics Workspace,no invoice,,Taxes,,,68305954,No status set,,Full Service - RNA Library Preparation for Illumina NGS,unknown,,,,,,3986
MGW-KK-5334,QC RNA  (per sample),504611,Kent Koster,Post-Doctoral Fellow,"Cirillo, Jeffrey (TAMU) Lab",Microbial Pathogenesis and Immunology,Texas A&M University,Illumina Stranded Total RNA (Ligation) Library Preparation (per sample),"The two-thirds ($180x2/3=$120.00) price will be applied, since the initial PolyA selection step is replaced by 5s/16s/23s depletion.",0638,WSGI,financials_approved,not_ready_to_bill,each,2880,11/10/25 20:25,11/10/25 20:25,,n/a,n/a,n/a,jun Fan,Molecular Genomics Workspace,no invoice,,,,,68305965,No status set,,Full Service - RNA Library Preparation for Illumina NGS,N/A,,,,,,3986
MGW-KK-5546,Training Request,297792,Kent Koster,Post-Doctoral Fellow,"Cirillo, Jeffrey (TAMU) Lab",Microbial Pathogenesis and Immunology,Texas A&M University,RNA Standard  Usage (per sample),,0638,WSGI,completed,billing_initialized,each,22,4/24/26 14:44,4/24/26 14:44,4/27/26 10:02,4/27/26 10:13,4/28/26 03:00,4/27/26 23:59,Paola Galvan,Molecular Genomics Workspace,MGW-5848161,,,,,72219618,No status set,,Self Service - TapeStation/Bioanalyzer,N/A,,,,,,3986
MGW-KK-5546,Training Request,559373,Kent Koster,Post-Doctoral Fellow,"Cirillo, Jeffrey (TAMU) Lab",Microbial Pathogenesis and Immunology,Texas A&M University,4200 TapeStation,,0638,WSGI,completed,billing_initialized,hour,6,4/24/26 14:44,4/24/26 14:44,4/27/26 10:02,4/27/26 10:13,4/28/26 03:00,4/27/26 23:59,Paola Galvan,Molecular Genomics Workspace,MGW-5848161,,,,,72219625,No status set,,Instrument Charges,N/A,,,,,,3986
MGW-KK-5546,Training Request,559377,Kent Koster,Post-Doctoral Fellow,"Cirillo, Jeffrey (TAMU) Lab",Microbial Pathogenesis and Immunology,Texas A&M University,Laboratory Technician,,0638,WSGI,completed,billing_initialized,hour,25,4/24/26 14:44,4/24/26 14:44,4/27/26 10:02,4/27/26 10:13,4/28/26 03:00,4/27/26 23:59,Paola Galvan,Molecular Genomics Workspace,MGW-5848161,,,,,72219631,No status set,,Laboratory Technician,N/A,,,,,,3986
MGW-KK-5615,Equipment Scheduling,297792,Kent Koster,Post-Doctoral Fellow,"Cirillo, Jeffrey (TAMU) Lab",Microbial Pathogenesis and Immunology,Texas A&M University,RNA Standard  Usage (per sample) - Consumables,,0638,WSGI,completed,billing_initialized,each,16.5,6/18/26 10:59,6/18/26 12:00,6/22/26 12:33,6/25/26 11:44,7/6/26 17:14,6/25/26 23:59,Kent Koster,Molecular Genomics Workspace,MGW-5970371,,,,,73585537,No status set,,Self Service - TapeStation/Bioanalyzer,N/A,,,,,,3986
MGW-KK-5615,Equipment Scheduling,295966,Kent Koster,Post-Doctoral Fellow,"Cirillo, Jeffrey (TAMU) Lab",Microbial Pathogenesis and Immunology,Texas A&M University,"Tape Station (Agilent) (Tape Station (Agilent)) | Thursday, June 18",,0638,WSGI,completed,billing_initialized,hour,9,6/22/26 12:33,6/18/26 12:00,6/22/26 12:33,6/25/26 11:44,7/6/26 17:14,6/25/26 23:59,Paola Galvan,Molecular Genomics Workspace,MGW-5970371,,,,,73639668,No status set,,Molecular Biology,Self-Use,,,,,,3986
MGW-KK-5660,Equipment Scheduling,297792,Kent Koster,Post-Doctoral Fellow,"Cirillo, Jeffrey (TAMU) Lab",Microbial Pathogenesis and Immunology,Texas A&M University,RNA Standard  Usage (per sample) - Consumables,,0638,WSGI,completed,billing_initialized,each,16.5,7/7/26 13:32,7/7/26 14:38,7/27/26 12:53,7/27/26 14:09,7/28/26 03:05,7/27/26 23:59,Kent Koster,Molecular Genomics Workspace,MGW-6028627,,,,,74060714,No status set,,Self Service - TapeStation/Bioanalyzer,N/A,,,,,,3986
MGW-KK-5660,Equipment Scheduling,295966,Kent Koster,Post-Doctoral Fellow,"Cirillo, Jeffrey (TAMU) Lab",Microbial Pathogenesis and Immunology,Texas A&M University,"Tape Station (Agilent) (Tape Station (Agilent)) | Tuesday, July 07",,0638,WSGI,completed,billing_initialized,hour,5,7/27/26 12:53,7/7/26 14:38,7/27/26 12:53,7/27/26 14:09,7/28/26 03:05,7/27/26 23:59,Paola Galvan,Molecular Genomics Workspace,MGW-6028627,,,,,74479340,No status set,,Molecular Biology,Self-Use,,,,,,3986
MGW-KK-5334,QC RNA  (per sample),559371,Kent Koster,Post-Doctoral Fellow,"Cirillo, Jeffrey (TAMU) Lab",Microbial Pathogenesis and Immunology,Texas A&M University,NextSeq 2000 Sequencing System (S/N VH00580),,0638,WSGI,financials_approved,not_ready_to_bill,each,75,8/21/26 12:54,8/21/26 12:54,,n/a,n/a,n/a,jun Fan,Molecular Genomics Workspace,no invoice,,,,,75137690,No status set,,Instrument Charges,N/A,,,,,,3986
MGW-KK-5334,QC RNA  (per sample),559373,Kent Koster,Post-Doctoral Fellow,"Cirillo, Jeffrey (TAMU) Lab",Microbial Pathogenesis and Immunology,Texas A&M University,4200 TapeStation,,0638,WSGI,financials_approved,not_ready_to_bill,hour,57.6,8/21/26 12:54,8/21/26 12:54,,n/a,n/a,n/a,jun Fan,Molecular Genomics Workspace,no invoice,,,,,75137695,No status set,,Instrument Charges,N/A,,,,,,3986
MGW-KK-5334,QC RNA  (per sample),559377,Kent Koster,Post-Doctoral Fellow,"Cirillo, Jeffrey (TAMU) Lab",Microbial Pathogenesis and Immunology,Texas A&M University,Laboratory Technician,,0638,WSGI,financials_approved,not_ready_to_bill,hour,25,8/21/26 12:55,8/21/26 12:55,,n/a,n/a,n/a,jun Fan,Molecular Genomics Workspace,no invoice,,,,,75137718,No status set,,Laboratory Technician,N/A,,,,,,3986
MGW-KK-5334,QC RNA  (per sample),561256,Kent Koster,Post-Doctoral Fellow,"Cirillo, Jeffrey (TAMU) Lab",Microbial Pathogenesis and Immunology,Texas A&M University,NextSeq 2000 P3 XLEAP-SBS Reagent Kit (200 cycles) - Consumables,,0638,WSGI,financials_approved,not_ready_to_bill,each,1097.58,8/21/26 12:55,8/21/26 12:55,,n/a,n/a,n/a,jun Fan,Molecular Genomics Workspace,no invoice,,,,,75137760,No status set,,Sequencing (NextSeq 2000) - Consumables,N/A,,,,,,3986
MGW-LO-5352,Equipment Scheduling,292897,Lars O'Hara,,"Cruz-Reyes, Jorge (TAMU) Lab",Biochemistry & Biophysics,Texas A&M University,DNA/RNA Qubit Usage (per sample) ,,0638,WSGI,completed,billing_initialized,each,1.45,11/18/25 14:14,11/18/25 14:31,11/20/25 11:17,11/25/25 10:28,11/26/25 03:00,11/25/25 23:59,Lars O'Hara,Molecular Genomics Workspace,MGW-5554530,,,,,68490569,No status set,,Self Service - Qubit,N/A,,,,,,3986
MGW-LO-5352,Equipment Scheduling,505331,Lars O'Hara,,"Cruz-Reyes, Jorge (TAMU) Lab",Biochemistry & Biophysics,Texas A&M University,ssDNA Qubit  Usage (per sample),,0638,WSGI,completed,billing_initialized,each,7.6,11/18/25 14:15,11/18/25 14:31,11/20/25 11:17,11/25/25 10:28,11/26/25 03:00,11/25/25 23:59,Lars O'Hara,Molecular Genomics Workspace,MGW-5554530,,,,,68490646,No status set,,Self Service - Qubit,N/A,,,,,,3986
MGW-LO-5352,Equipment Scheduling,292907,Lars O'Hara,,"Cruz-Reyes, Jorge (TAMU) Lab",Biochemistry & Biophysics,Texas A&M University,"Qubit Fluorometer (Life Technologies) (Qubit Fluorometer (Life Technologies)) | Tuesday, November 18",,0638,WSGI,completed,billing_initialized,hour,0,11/20/25 11:17,11/18/25 14:31,11/20/25 11:17,11/25/25 10:28,11/26/25 03:00,11/25/25 23:59,Paola Galvan,Molecular Genomics Workspace,MGW-5554530,,,,,68558830,No status set,,Molecular Biology,Self-Use,,,,,,3986
MGW-LO-5545,Equipment Scheduling,505331,Lars O'Hara,,"Cruz-Reyes, Jorge (TAMU) Lab",Biochemistry & Biophysics,Texas A&M University,ssDNA Qubit  Usage (per sample),,0638,WSGI,completed,billing_initialized,each,12,4/23/26 13:25,3/31/26 11:15,4/23/26 14:35,4/24/26 16:20,4/25/26 03:00,4/24/26 23:59,Paola Galvan,Molecular Genomics Workspace,MGW-5846977,,,,,72193403,No status set,,Self Service - Qubit,N/A,,,,,,3986
MGW-LO-5545,Equipment Scheduling,292907,Lars O'Hara,,"Cruz-Reyes, Jorge (TAMU) Lab",Biochemistry & Biophysics,Texas A&M University,"Qubit Fluorometer (Life Technologies) (Qubit Fluorometer (Life Technologies)) | Tuesday, March 31",,0638,WSGI,completed,billing_initialized,hour,0,4/23/26 14:35,3/31/26 11:15,4/23/26 14:35,4/24/26 16:20,4/25/26 03:00,4/24/26 23:59,Paola Galvan,Molecular Genomics Workspace,MGW-5846977,,,,,72196046,No status set,,Molecular Biology,Self-Use,,,,,,3986
MGW-LO-5658,Equipment Scheduling,292897,Lars O'Hara,,"Cruz-Reyes, Jorge (TAMU) Lab",Biochemistry & Biophysics,Texas A&M University,DNA/RNA Qubit Usage (per sample) - Consumables,,0638,WSGI,completed,billing_initialized,each,16,7/6/26 09:07,7/6/26 09:49,7/27/26 12:51,7/27/26 14:09,7/28/26 03:05,7/27/26 23:59,Lars O'Hara,Molecular Genomics Workspace,MGW-6028626,,,,,73997398,No status set,,Self Service - Qubit,N/A,,,,,,3986
MGW-LO-5658,Equipment Scheduling,292897,Lars O'Hara,,"Cruz-Reyes, Jorge (TAMU) Lab",Biochemistry & Biophysics,Texas A&M University,DNA/RNA Qubit Usage (per sample) - Consumables,,0638,WSGI,completed,billing_initialized,each,16,7/6/26 09:07,7/6/26 09:49,7/27/26 12:52,7/27/26 14:09,7/28/26 03:05,7/27/26 23:59,Lars O'Hara,Molecular Genomics Workspace,MGW-6028626,,,,,73997447,No status set,,Self Service - Qubit,N/A,,,,,,3986
MGW-LO-5658,Equipment Scheduling,292897,Lars O'Hara,,"Cruz-Reyes, Jorge (TAMU) Lab",Biochemistry & Biophysics,Texas A&M University,DNA/RNA Qubit Usage (per sample) - Consumables,,0638,WSGI,completed,billing_initialized,each,16,7/6/26 09:08,7/6/26 09:49,7/27/26 12:52,7/27/26 14:09,7/28/26 03:05,7/27/26 23:59,Lars O'Hara,Molecular Genomics Workspace,MGW-6028626,,,,,73997490,No status set,,Self Service - Qubit,N/A,,,,,,3986
MGW-LO-5658,Equipment Scheduling,292897,Lars O'Hara,,"Cruz-Reyes, Jorge (TAMU) Lab",Biochemistry & Biophysics,Texas A&M University,DNA/RNA Qubit Usage (per sample) - Consumables,,0638,WSGI,completed,billing_initialized,each,20,7/6/26 09:08,7/6/26 09:49,7/27/26 12:52,7/27/26 14:09,7/28/26 03:05,7/27/26 23:59,Lars O'Hara,Molecular Genomics Workspace,MGW-6028626,,,,,73997550,No status set,,Self Service - Qubit,N/A,,,,,,3986
MGW-LO-5658,Equipment Scheduling,505331,Lars O'Hara,,"Cruz-Reyes, Jorge (TAMU) Lab",Biochemistry & Biophysics,Texas A&M University,ssDNA Qubit  Usage (per sample) - Consumables,,0638,WSGI,completed,billing_initialized,each,20,7/14/26 14:33,7/14/26 14:44,7/27/26 13:01,7/27/26 14:09,7/28/26 03:05,7/27/26 23:59,Lars O'Hara,Molecular Genomics Workspace,MGW-6028626,,,,,74215963,No status set,,Self Service - Qubit,N/A,,,,,,3986
MGW-LO-5658,Equipment Scheduling,292907,Lars O'Hara,,"Cruz-Reyes, Jorge (TAMU) Lab",Biochemistry & Biophysics,Texas A&M University,"Qubit Fluorometer (Life Technologies) (Qubit Fluorometer (Life Technologies)) | Monday, July 06",,0638,WSGI,completed,billing_initialized,hour,0,7/27/26 12:51,7/6/26 09:49,7/27/26 12:51,7/27/26 14:09,7/28/26 03:05,7/27/26 23:59,Paola Galvan,Molecular Genomics Workspace,MGW-6028626,,,,,74479240,No status set,,Molecular Biology,Self-Use,,,,,,3986
MGW-LO-5658,Equipment Scheduling,292907,Lars O'Hara,,"Cruz-Reyes, Jorge (TAMU) Lab",Biochemistry & Biophysics,Texas A&M University,"Qubit Fluorometer (Life Technologies) (Qubit Fluorometer (Life Technologies)) | Tuesday, July 14",,0638,WSGI,completed,billing_initialized,hour,0,7/27/26 13:01,7/14/26 14:44,7/27/26 13:01,7/27/26 14:09,7/28/26 03:05,7/27/26 23:59,Paola Galvan,Molecular Genomics Workspace,MGW-6028626,,,,,74479718,No status set,,Molecular Biology,Self-Use,,,,,,3986
MGW-LO-5658,Equipment Scheduling,292897,Lars O'Hara,,"Cruz-Reyes, Jorge (TAMU) Lab",Biochemistry & Biophysics,Texas A&M University,DNA/RNA Qubit Usage (per sample) - Consumables,,0638,WSGI,completed,billing_initialized,each,20,8/20/26 12:15,7/29/26 11:29,8/20/26 12:15,8/24/26 15:43,8/25/26 03:05,8/24/26 23:59,Paola Galvan,Molecular Genomics Workspace,MGW-6084224,,,,,75111980,No status set,,Self Service - Qubit,N/A,,,,,,3986
MGW-LO-5658,Equipment Scheduling,505331,Lars O'Hara,,"Cruz-Reyes, Jorge (TAMU) Lab",Biochemistry & Biophysics,Texas A&M University,ssDNA Qubit  Usage (per sample) - Consumables,,0638,WSGI,completed,billing_initialized,each,20,8/20/26 12:15,7/30/26 16:13,8/20/26 12:15,8/24/26 15:43,8/25/26 03:05,8/24/26 23:59,Paola Galvan,Molecular Genomics Workspace,MGW-6084224,,,,,75111985,No status set,,Self Service - Qubit,N/A,,,,,,3986
MGW-LO-5658,Equipment Scheduling,292907,Lars O'Hara,,"Cruz-Reyes, Jorge (TAMU) Lab",Biochemistry & Biophysics,Texas A&M University,"Qubit Fluorometer (Life Technologies) (Qubit Fluorometer (Life Technologies)) | Thursday, July 30",,0638,WSGI,completed,billing_initialized,hour,0,8/20/26 12:15,7/30/26 16:13,8/20/26 12:15,8/24/26 15:43,8/25/26 03:05,8/24/26 23:59,Paola Galvan,Molecular Genomics Workspace,MGW-6084224,,,,,75111994,No status set,,Molecular Biology,Self-Use,,,,,,3986
MGW-LO-5658,Equipment Scheduling,292907,Lars O'Hara,,"Cruz-Reyes, Jorge (TAMU) Lab",Biochemistry & Biophysics,Texas A&M University,"Qubit Fluorometer (Life Technologies) (Qubit Fluorometer (Life Technologies)) | Wednesday, July 29",,0638,WSGI,completed,billing_initialized,hour,0,8/20/26 12:15,7/29/26 11:29,8/20/26 12:15,8/24/26 15:43,8/25/26 03:05,8/24/26 23:59,Paola Galvan,Molecular Genomics Workspace,MGW-6084224,,,,,75111995,No status set,,Molecular Biology,Self-Use,,,,,,3986
MGW-LO-5737,Equipment Scheduling,505331,Lars O'Hara,,"Cruz-Reyes, Jorge (TAMU) Lab",Biochemistry & Biophysics,Texas A&M University,ssDNA Qubit  Usage (per sample) - Consumables,,0638,WSGI,completed,billing_initialized,each,28,9/23/26 13:15,8/21/26 16:37,9/23/26 13:15,9/24/26 11:26,9/25/26 03:05,9/24/26 23:59,Paola Galvan,Molecular Genomics Workspace,MGW-6140677,,,,,75903363,No status set,,Self Service - Qubit,N/A,,,,,,3986
MGW-LO-5737,Equipment Scheduling,292907,Lars O'Hara,,"Cruz-Reyes, Jorge (TAMU) Lab",Biochemistry & Biophysics,Texas A&M University,"Qubit Fluorometer (Life Technologies) (Qubit Fluorometer (Life Technologies)) | Friday, August 21",,0638,WSGI,completed,billing_initialized,hour,0,9/23/26 13:15,8/21/26 16:37,9/23/26 13:15,9/24/26 11:26,9/25/26 03:05,9/24/26 23:59,Paola Galvan,Molecular Genomics Workspace,MGW-6140677,,,,,75903373,No status set,,Molecular Biology,Self-Use,,,,,,3986
MGW-LO-5737,Equipment Scheduling,505331,Lars O'Hara,,"Cruz-Reyes, Jorge (TAMU) Lab",Biochemistry & Biophysics,Texas A&M University,ssDNA Qubit  Usage (per sample) - Consumables,,0638,WSGI,completed,billing_initialized,each,40,9/23/26 13:41,8/28/26 16:31,9/23/26 13:41,9/24/26 11:26,9/25/26 03:05,9/24/26 23:59,Paola Galvan,Molecular Genomics Workspace,MGW-6140677,,,,,75904811,No status set,,Self Service - Qubit,N/A,,,,,,3986
MGW-LO-5737,Equipment Scheduling,292907,Lars O'Hara,,"Cruz-Reyes, Jorge (TAMU) Lab",Biochemistry & Biophysics,Texas A&M University,"Qubit Fluorometer (Life Technologies) (Qubit Fluorometer (Life Technologies)) | Friday, August 28",,0638,WSGI,completed,billing_initialized,hour,0,9/23/26 13:41,8/28/26 16:31,9/23/26 13:41,9/24/26 11:26,9/25/26 03:05,9/24/26 23:59,Paola Galvan,Molecular Genomics Workspace,MGW-6140677,,,,,75904816,No status set,,Molecular Biology,Self-Use,,,,,,3986
MGW-LR-5265,Equipment Scheduling,297787,Laura Ruemmele,,"Hagler, Lauren (TAMU) Lab",,Texas A&M University,DNA D1000 Usage (per sample),,0638,WSGI,completed,billing_initialized,each,90,9/9/25 16:35,9/10/25 10:00,9/26/25 13:24,9/29/25 16:12,9/30/25 03:00,9/29/25 23:59,Laura Ruemmele,Molecular Genomics Workspace,MGW-5434228,,,,,66662257,No status set,,Self Service - TapeStation/Bioanalyzer,N/A,,,,,,3986
MGW-LR-5265,Equipment Scheduling,295966,Laura Ruemmele,,"Hagler, Lauren (TAMU) Lab",,Texas A&M University,"Tape Station (Agilent) (Tape Station (Agilent)) | Wednesday, September 10",,0638,WSGI,completed,billing_initialized,hour,0,9/26/25 13:24,9/10/25 10:00,9/26/25 13:24,9/29/25 16:12,9/30/25 03:00,9/29/25 23:59,Paola Galvan,Molecular Genomics Workspace,MGW-5434228,,,,,67081341,No status set,,Molecular Biology,Self-Use,,,,,,3986
MGW-LW-5293,QC RNA  (per sample),504608,Lauren Wesolowski,,"White, Sarah (TAMU) Lab",Animal Science,Texas A&M University,QC RNA  (per sample),,0638,WSGI,completed,billing_initialized,each,450.45,10/17/25 13:32,10/17/25 13:32,3/23/26 11:02,3/26/26 14:02,3/27/26 03:00,3/26/26 23:59,jun Fan,Molecular Genomics Workspace,MGW-5788672,,,,,67635322,No status set,,Full Service - DNA/RNA QC,N/A,,,,,,3986
MGW-LD-5056,Single Cell Pre-library QC (per sample),529020,Lindsay Dawson,,"Dawson, Lindsay (TAMU) Lab",,Texas A&M University,Sequencing - P4-XLEAP - 100 cycle (~1.8B reads),,0638,WSGI,completed,billing_initialized,each,9540,12/1/25 10:28,12/1/25 10:28,12/18/25 16:21,12/18/25 16:34,12/19/25 03:00,12/18/25 23:59,Sarah Sharpton,Molecular Genomics Workspace,MGW-5607165,,,,,68741184,No status set,,Full Service - Sequencing (NextSeq 2000),N/A,,,,,,3986
MGW-LX-5438,Project Request,561179,Linglin Xie,,"Xie, Linglin (TAMU) Lab",Nutrition & Food Science,Texas A&M University,Single Cell QC DeNovix,,0638,WSGI,financials_approved,not_ready_to_bill,each,62.24,2/12/26 15:17,2/12/26 15:17,,n/a,n/a,n/a,Sarah Sharpton,Molecular Genomics Workspace,no invoice,,,,,70430434,No status set,,Single Cell-Visuim QC-Isolation - Consumables,N/A,,,,,,3986
MGW-LX-5438,Project Request,561181,Linglin Xie,,"Xie, Linglin (TAMU) Lab",Nutrition & Food Science,Texas A&M University,Single Cell QC Trypan Blue ,,0638,WSGI,financials_approved,not_ready_to_bill,each,108.32,2/12/26 15:17,2/12/26 15:17,,n/a,n/a,n/a,Sarah Sharpton,Molecular Genomics Workspace,no invoice,,,,,70430438,No status set,,Single Cell-Visuim QC-Isolation - Consumables,N/A,,,,,,3986
MGW-LX-5438,Project Request,561276,Linglin Xie,,"Xie, Linglin (TAMU) Lab",Nutrition & Food Science,Texas A&M University,Customer Provided Kit - Chromium Fixed RNA GEM-X Flex Gene Expression,,0638,WSGI,financials_approved,not_ready_to_bill,each,1280,2/12/26 15:17,2/12/26 15:17,,n/a,n/a,n/a,Sarah Sharpton,Molecular Genomics Workspace,no invoice,,,,,70430450,No status set,,Single Cell Library Preparation - Consumables,N/A,,,,,,3986
MGW-LX-5438,Project Request,559389,Linglin Xie,,"Xie, Linglin (TAMU) Lab",Nutrition & Food Science,Texas A&M University,Chromium iX/X,,0638,WSGI,financials_approved,not_ready_to_bill,hour,117,2/12/26 15:18,2/12/26 15:18,,n/a,n/a,n/a,Sarah Sharpton,Molecular Genomics Workspace,no invoice,,,,,70430513,No status set,,Instrument Charges,N/A,,,,,,3986
MGW-LX-5438,Project Request,559373,Linglin Xie,,"Xie, Linglin (TAMU) Lab",Nutrition & Food Science,Texas A&M University,4200 TapeStation,,0638,WSGI,financials_approved,not_ready_to_bill,hour,9.6,2/12/26 15:19,2/12/26 15:19,,n/a,n/a,n/a,Sarah Sharpton,Molecular Genomics Workspace,no invoice,,,,,70430612,No status set,,Instrument Charges,N/A,,,,,,3986
MGW-LX-5438,Project Request,561262,Linglin Xie,,"Xie, Linglin (TAMU) Lab",Nutrition & Food Science,Texas A&M University,NextSeq 2000 P4 XLEAP-SBS Reagent Kit (100 cycles),,0638,WSGI,financials_approved,not_ready_to_bill,each,2970,2/12/26 15:21,2/12/26 15:21,,n/a,n/a,n/a,Sarah Sharpton,Molecular Genomics Workspace,no invoice,,,,,70430747,No status set,,Sequencing (NextSeq 2000) - Consumables,N/A,,,,,,3986
MGW-LX-5438,Project Request,559371,Linglin Xie,,"Xie, Linglin (TAMU) Lab",Nutrition & Food Science,Texas A&M University,NextSeq 2000 Sequencing System (S/N VH00580),,0638,WSGI,financials_approved,not_ready_to_bill,each,250,2/12/26 15:21,2/12/26 15:21,,n/a,n/a,n/a,Sarah Sharpton,Molecular Genomics Workspace,no invoice,,,,,70430757,No status set,,Instrument Charges,N/A,,,,,,3986
MGW-LX-5438,Project Request,559377,Linglin Xie,,"Xie, Linglin (TAMU) Lab",Nutrition & Food Science,Texas A&M University,Laboratory Technician,,0638,WSGI,financials_approved,not_ready_to_bill,hour,650,2/12/26 15:23,2/12/26 15:23,,n/a,n/a,n/a,Sarah Sharpton,Molecular Genomics Workspace,no invoice,,,,,70430908,No status set,,Laboratory Technician,N/A,,,,,,3986
MGW-LX-5568,Project Request,561179,Linglin Xie,,"Xie, Linglin (TAMU) Lab",Nutrition & Food Science,Texas A&M University,Single Cell QC DeNovix - Consumables,,0638,WSGI,completed,billing_initialized,each,15.56,5/13/26 15:27,5/13/26 15:27,8/28/26 14:09,9/24/26 11:26,9/25/26 03:05,9/24/26 23:59,Sarah Sharpton,Molecular Genomics Workspace,MGW-6140669,,,,,72740447,No status set,,Single Cell-Visuim QC-Isolation - Consumables,N/A,,,,,,3986
MGW-LX-5568,Project Request,561181,Linglin Xie,,"Xie, Linglin (TAMU) Lab",Nutrition & Food Science,Texas A&M University,Single Cell QC Trypan Blue - Consumables ,,0638,WSGI,completed,billing_initialized,each,27.08,5/13/26 15:28,5/13/26 15:28,8/28/26 14:09,9/24/26 11:26,9/25/26 03:05,9/24/26 23:59,Sarah Sharpton,Molecular Genomics Workspace,MGW-6140669,,,,,72740451,No status set,,Single Cell-Visuim QC-Isolation - Consumables,N/A,,,,,,3986
MGW-LX-5568,Project Request,561276,Linglin Xie,,"Xie, Linglin (TAMU) Lab",Nutrition & Food Science,Texas A&M University,Customer Provided Kit - Chromium Fixed RNA GEM-X Flex Gene Expression - Consumables,*Customer Provided Kit - Next GEM Single Cell  Flex Assay,0638,WSGI,completed,billing_initialized,each,640,5/13/26 15:28,5/13/26 15:28,8/28/26 14:09,9/24/26 11:26,9/25/26 03:05,9/24/26 23:59,Sarah Sharpton,Molecular Genomics Workspace,MGW-6140669,,,,,72740480,No status set,,Single Cell Library Preparation - Consumables,N/A,,,,,,3986
MGW-LX-5568,Project Request,559389,Linglin Xie,,"Xie, Linglin (TAMU) Lab",Nutrition & Food Science,Texas A&M University,Chromium iX/X,,0638,WSGI,completed,billing_initialized,hour,85,5/13/26 15:29,5/13/26 15:29,8/28/26 14:09,9/24/26 11:26,9/25/26 03:05,9/24/26 23:59,Sarah Sharpton,Molecular Genomics Workspace,MGW-6140669,,,,,72740531,No status set,,Instrument Charges,N/A,,,,,,3986
MGW-LX-5568,Project Request,561152,Linglin Xie,,"Xie, Linglin (TAMU) Lab",Nutrition & Food Science,Texas A&M University,QC Core-prepared Library - Consumables,,0638,WSGI,completed,billing_initialized,each,62.2,5/13/26 15:29,5/13/26 15:29,8/28/26 14:09,9/24/26 11:26,9/25/26 03:05,9/24/26 23:59,Sarah Sharpton,Molecular Genomics Workspace,MGW-6140669,,,,,72740556,No status set,,QC - Consumables,N/A,,,,,,3986
MGW-LX-5568,Project Request,559373,Linglin Xie,,"Xie, Linglin (TAMU) Lab",Nutrition & Food Science,Texas A&M University,4200 TapeStation,,0638,WSGI,completed,billing_initialized,hour,4.8,5/13/26 15:30,5/13/26 15:30,8/28/26 14:09,9/24/26 11:26,9/25/26 03:05,9/24/26 23:59,Sarah Sharpton,Molecular Genomics Workspace,MGW-6140669,,,,,72740583,No status set,,Instrument Charges,N/A,,,,,,3986
MGW-LX-5568,Project Request,561245,Linglin Xie,,"Xie, Linglin (TAMU) Lab",Nutrition & Food Science,Texas A&M University,NextSeq 2000 P2 XLEAP-SBS Reagent Kit (100 cycles) - Consumables,,0638,WSGI,completed,billing_initialized,each,1201.2,5/13/26 15:30,5/13/26 15:30,8/28/26 14:09,9/24/26 11:26,9/25/26 03:05,9/24/26 23:59,Sarah Sharpton,Molecular Genomics Workspace,MGW-6140669,,,,,72740596,No status set,,Sequencing (NextSeq 2000) - Consumables,N/A,,,,,,3986
MGW-LX-5568,Project Request,559371,Linglin Xie,,"Xie, Linglin (TAMU) Lab",Nutrition & Food Science,Texas A&M University,NextSeq 2000 Sequencing System (S/N VH00580),,0638,WSGI,completed,billing_initialized,each,250,5/13/26 15:31,5/13/26 15:31,8/28/26 14:09,9/24/26 11:26,9/25/26 03:05,9/24/26 23:59,Sarah Sharpton,Molecular Genomics Workspace,MGW-6140669,,,,,72740602,No status set,,Instrument Charges,N/A,,,,,,3986
MGW-LX-5568,Project Request,559377,Linglin Xie,,"Xie, Linglin (TAMU) Lab",Nutrition & Food Science,Texas A&M University,Laboratory Technician,,0638,WSGI,completed,billing_initialized,hour,400,5/13/26 15:32,5/13/26 15:32,8/28/26 14:09,9/24/26 11:26,9/25/26 03:05,9/24/26 23:59,Sarah Sharpton,Molecular Genomics Workspace,MGW-6140669,,,,,72740645,No status set,,Laboratory Technician,N/A,,,,,,3986
MGW-LT-5338,PowerSoil (Qiagen) Microbiome DNA  Isolation (per sample),307647,Loni Taylor,,"Taylor, Loni (TAMU) Lab",,Texas A&M University,PowerSoil (Qiagen) Microbiome DNA  Isolation (per sample),,0638,WSGI,completed,billing_initialized,each,3375,11/18/25 14:19,11/18/25 14:19,12/15/25 10:11,12/18/25 16:34,12/19/25 03:00,12/18/25 23:59,jun Fan,Molecular Genomics Workspace,MGW-5607166,,,,,68490859,No status set,,Full Service - DNA/RNA isolation,N/A,,,,,,3986
MGW-LT-5338,PowerSoil (Qiagen) Microbiome DNA  Isolation (per sample),307647,Loni Taylor,,"Taylor, Loni (TAMU) Lab",,Texas A&M University,PowerSoil (Qiagen) Microbiome DNA  Isolation (per sample),,0638,WSGI,completed,billing_initialized,each,1125,11/18/25 14:19,11/18/25 14:19,12/15/25 10:11,12/18/25 16:34,12/19/25 03:00,12/18/25 23:59,jun Fan,Molecular Genomics Workspace,MGW-5607166,,,,,68493968,No status set,,Full Service - DNA/RNA isolation,N/A,,,,,,3986
MGW-LT-5338,PowerSoil (Qiagen) Microbiome DNA  Isolation (per sample),504480,Loni Taylor,,"Taylor, Loni (TAMU) Lab",,Texas A&M University,QC DNA (per sample),,0638,WSGI,completed,billing_initialized,each,2250,11/18/25 14:20,11/18/25 14:20,12/15/25 10:11,12/18/25 16:34,12/19/25 03:00,12/18/25 23:59,jun Fan,Molecular Genomics Workspace,MGW-5607166,,,,,68490892,No status set,,Full Service - DNA/RNA QC,N/A,,,,,,3986
MGW-LT-5338,PowerSoil (Qiagen) Microbiome DNA  Isolation (per sample),504480,Loni Taylor,,"Taylor, Loni (TAMU) Lab",,Texas A&M University,QC DNA (per sample),,0638,WSGI,completed,billing_initialized,each,750,11/18/25 14:20,11/18/25 14:20,12/15/25 10:11,12/18/25 16:34,12/19/25 03:00,12/18/25 23:59,jun Fan,Molecular Genomics Workspace,MGW-5607166,,,,,68493969,No status set,,Full Service - DNA/RNA QC,N/A,,,,,,3986
MGW-LT-5338,PowerSoil (Qiagen) Microbiome DNA  Isolation (per sample),530814,Loni Taylor,,"Taylor, Loni (TAMU) Lab",,Texas A&M University,"Oxford Nanopore Rapid PCR Barcoding Library Preparation (per library, 1-24 samples)",One ONT Rapid library costs $150 and can include up to 8 samples.,0638,WSGI,completed,billing_initialized,each,2025,11/18/25 14:21,11/18/25 14:21,12/15/25 10:11,12/18/25 16:34,12/19/25 03:00,12/18/25 23:59,jun Fan,Molecular Genomics Workspace,MGW-5607166,,,,,68490926,No status set,,Full Service - Oxford Nanopore Library Prep & Sequencing,N/A,,,,,,3986
MGW-LT-5338,PowerSoil (Qiagen) Microbiome DNA  Isolation (per sample),530814,Loni Taylor,,"Taylor, Loni (TAMU) Lab",,Texas A&M University,"Oxford Nanopore Rapid PCR Barcoding Library Preparation (per library, 1-24 samples)",One ONT Rapid library costs $150 and can include up to 8 samples.,0638,WSGI,completed,billing_initialized,each,675,11/18/25 14:21,11/18/25 14:21,12/15/25 10:11,12/18/25 16:34,12/19/25 03:00,12/18/25 23:59,jun Fan,Molecular Genomics Workspace,MGW-5607166,,,,,68493970,No status set,,Full Service - Oxford Nanopore Library Prep & Sequencing,N/A,,,,,,3986
MGW-LT-5338,PowerSoil (Qiagen) Microbiome DNA  Isolation (per sample),529100,Loni Taylor,,"Taylor, Loni (TAMU) Lab",,Texas A&M University,"PromethION Flow Cell R10.4.1 (per flow cell, 1-12 flow cells)",,0638,WSGI,completed,billing_initialized,each,4087.5,11/18/25 14:21,11/18/25 14:21,12/15/25 10:11,12/18/25 16:34,12/19/25 03:00,12/18/25 23:59,jun Fan,Molecular Genomics Workspace,MGW-5607166,,,,,68490933,No status set,,Full Service - Oxford Nanopore Library Prep & Sequencing,N/A,,,,,,3986
MGW-LT-5338,PowerSoil (Qiagen) Microbiome DNA  Isolation (per sample),529100,Loni Taylor,,"Taylor, Loni (TAMU) Lab",,Texas A&M University,"PromethION Flow Cell R10.4.1 (per flow cell, 1-12 flow cells)",,0638,WSGI,completed,billing_initialized,each,1362.5,11/18/25 14:21,11/18/25 14:21,12/15/25 10:11,12/18/25 16:34,12/19/25 03:00,12/18/25 23:59,jun Fan,Molecular Genomics Workspace,MGW-5607166,,,,,68493971,No status set,,Full Service - Oxford Nanopore Library Prep & Sequencing,N/A,,,,,,3986
MGW-LL-5596,Project Request,561164,Lujie Liu,Post-Doctoral Fellow,"Sun, Qing (TAMU) Lab",Chemical Engineering,Texas A&M University,Qiagen QIAamp PowerFecal Pro DNA Kit - Consumables,,0638,WSGI,completed,billing_initialized,each,728.8,6/2/26 20:41,6/2/26 20:41,8/17/26 10:48,8/24/26 15:43,8/25/26 03:05,8/24/26 23:59,jun Fan,Molecular Genomics Workspace,MGW-6084206,,,,,73211178,No status set,,DNA-RNA-Isolation - Consumable,N/A,,,,,,3986
MGW-LL-5596,Project Request,561152,Lujie Liu,Post-Doctoral Fellow,"Sun, Qing (TAMU) Lab",Chemical Engineering,Texas A&M University,QC Core-prepared Library - Consumables,,0638,WSGI,completed,billing_initialized,each,622,6/2/26 20:41,6/2/26 20:41,8/17/26 10:48,8/24/26 15:43,8/25/26 03:05,8/24/26 23:59,jun Fan,Molecular Genomics Workspace,MGW-6084206,,,,,73211199,No status set,,QC - Consumables,N/A,,,,,,3986
MGW-LL-5596,Project Request,559383,Lujie Liu,Post-Doctoral Fellow,"Sun, Qing (TAMU) Lab",Chemical Engineering,Texas A&M University,Illumina MiSeq,,0638,WSGI,completed,billing_initialized,hour,520,6/2/26 20:41,6/2/26 20:41,8/17/26 10:48,8/24/26 15:43,8/25/26 03:05,8/24/26 23:59,jun Fan,Molecular Genomics Workspace,MGW-6084206,,,,,73211234,No status set,,Instrument Charges,N/A,,,,,,3986
MGW-LL-5596,Project Request,559373,Lujie Liu,Post-Doctoral Fellow,"Sun, Qing (TAMU) Lab",Chemical Engineering,Texas A&M University,4200 TapeStation,,0638,WSGI,completed,billing_initialized,hour,19.2,6/2/26 20:42,6/2/26 20:42,8/17/26 10:48,8/24/26 15:43,8/25/26 03:05,8/24/26 23:59,jun Fan,Molecular Genomics Workspace,MGW-6084206,,,,,73211243,No status set,,Instrument Charges,N/A,,,,,,3986
MGW-LL-5596,Project Request,561224,Lujie Liu,Post-Doctoral Fellow,"Sun, Qing (TAMU) Lab",Chemical Engineering,Texas A&M University,"MiSeq Reagent Nano Kit, v2 (500 cycles) - Consumables",,0638,WSGI,completed,billing_initialized,each,521.4,6/2/26 20:42,6/2/26 20:42,8/17/26 10:48,8/24/26 15:43,8/25/26 03:05,8/24/26 23:59,jun Fan,Molecular Genomics Workspace,MGW-6084206,,,,,73211274,No status set,,Sequencing (MiSeq) - Consumables,N/A,,,,,,3986
MGW-LL-5596,Project Request,559376,Lujie Liu,Post-Doctoral Fellow,"Sun, Qing (TAMU) Lab",Chemical Engineering,Texas A&M University,Consumables,The reagent charge includes costs associated with both 16S rRNA library preparation.,0638,WSGI,completed,billing_initialized,each,532,6/2/26 20:42,6/2/26 20:42,8/17/26 10:48,8/24/26 15:43,8/25/26 03:05,8/24/26 23:59,jun Fan,Molecular Genomics Workspace,MGW-6084206,,,,,73211306,No status set,,Consumables,N/A,,,,,,3986
MGW-LL-5596,Project Request,559377,Lujie Liu,Post-Doctoral Fellow,"Sun, Qing (TAMU) Lab",Chemical Engineering,Texas A&M University,Laboratory Technician,,0638,WSGI,completed,billing_initialized,hour,325,6/3/26 11:40,6/3/26 11:40,8/17/26 10:48,8/24/26 15:43,8/25/26 03:05,8/24/26 23:59,jun Fan,Molecular Genomics Workspace,MGW-6084206,,,,,73223644,No status set,,Laboratory Technician,N/A,,,,,,3986
MGW-MC-5253,QC RNA  (per sample),504608,Mahua Choudhury,Principal Investigator,"Choudhury, Mahua (TAMU) Lab",Pharmacy - Instruction,Texas A&M University,QC RNA  (per sample),Discounted due to existing credit,0638,WSGI,completed,billing_initialized,each,0,9/22/25 09:35,9/22/25 09:35,2/20/26 11:16,2/20/26 12:24,2/21/26 03:00,2/20/26 23:59,jun Fan,Molecular Genomics Workspace,MGW-5720424,,,,,66941928,No status set,,Full Service - DNA/RNA QC,N/A,,,,,,3986
MGW-MC-5253,QC RNA  (per sample),504610,Mahua Choudhury,Principal Investigator,"Choudhury, Mahua (TAMU) Lab",Pharmacy - Instruction,Texas A&M University,Illumina Stranded mRNA (Ligation) Library Preparation (per sample),Discounted due to existing credit,0638,WSGI,completed,billing_initialized,each,0,9/22/25 09:36,9/22/25 09:36,2/20/26 11:16,2/20/26 12:24,2/21/26 03:00,2/20/26 23:59,jun Fan,Molecular Genomics Workspace,MGW-5720424,,,,,66941998,No status set,,Full Service - RNA Library Preparation for Illumina NGS,N/A,,,,,,3986
MGW-MC-5253,QC RNA  (per sample),529021,Mahua Choudhury,Principal Investigator,"Choudhury, Mahua (TAMU) Lab",Pharmacy - Instruction,Texas A&M University,Sequencing - P4-XLEAP - 200 cycle (~1.8B reads),Discounted due to existing credit,0638,WSGI,completed,billing_initialized,each,0,9/22/25 09:37,9/22/25 09:37,2/20/26 11:16,2/20/26 12:24,2/21/26 03:00,2/20/26 23:59,jun Fan,Molecular Genomics Workspace,MGW-5720424,,,,,66942016,No status set,,Full Service - Sequencing (NextSeq 2000),N/A,,,,,,3986
MGW-MP-5271,Equipment Scheduling,297790,Manshi Patel,Graduate Student,"Geoffroy, Cedric (TAMU) Lab",Neuroscience & Experimental Therapeutics,Texas A&M University,DNA HS D5000 Usage (per sample),,0638,WSGI,completed,billing_initialized,each,24,9/22/25 11:46,9/22/25 09:16,9/26/25 13:29,9/29/25 16:12,9/30/25 03:00,9/29/25 23:59,Paola Galvan,Molecular Genomics Workspace,MGW-5434242,,,,,66949778,No status set,,Self Service - TapeStation/Bioanalyzer,N/A,,,,,,3986
MGW-MP-5271,Equipment Scheduling,292897,Manshi Patel,Graduate Student,"Geoffroy, Cedric (TAMU) Lab",Neuroscience & Experimental Therapeutics,Texas A&M University,DNA/RNA Qubit Usage (per sample) ,,0638,WSGI,completed,billing_initialized,each,4.35,9/22/25 11:47,9/22/25 08:47,9/26/25 13:29,9/29/25 16:12,9/30/25 03:00,9/29/25 23:59,Paola Galvan,Molecular Genomics Workspace,MGW-5434242,,,,,66949827,No status set,,Self Service - Qubit,N/A,,,,,,3986
MGW-MP-5271,Equipment Scheduling,292907,Manshi Patel,Graduate Student,"Geoffroy, Cedric (TAMU) Lab",Neuroscience & Experimental Therapeutics,Texas A&M University,"Qubit Fluorometer (Life Technologies) (Qubit Fluorometer (Life Technologies)) | Monday, September 22",,0638,WSGI,completed,billing_initialized,hour,0,9/26/25 13:29,9/22/25 08:47,9/26/25 13:29,9/29/25 16:12,9/30/25 03:00,9/29/25 23:59,Paola Galvan,Molecular Genomics Workspace,MGW-5434242,,,,,67081603,No status set,,Molecular Biology,Self-Use,,,,,,3986
MGW-MP-5271,Equipment Scheduling,295966,Manshi Patel,Graduate Student,"Geoffroy, Cedric (TAMU) Lab",Neuroscience & Experimental Therapeutics,Texas A&M University,"Tape Station (Agilent) (Tape Station (Agilent)) | Monday, September 22",,0638,WSGI,completed,billing_initialized,hour,0,9/26/25 13:29,9/22/25 09:16,9/26/25 13:29,9/29/25 16:12,9/30/25 03:00,9/29/25 23:59,Paola Galvan,Molecular Genomics Workspace,MGW-5434242,,,,,67081610,No status set,,Molecular Biology,Self-Use,,,,,,3986
MGW-MP-5317,QC Client-prepared Library (per library),539274,Manshi Patel,Graduate Student,"Geoffroy, Cedric (TAMU) Lab",Neuroscience & Experimental Therapeutics,Texas A&M University,QC Client-prepared Library (per library),,0638,WSGI,completed,billing_initialized,each,184,10/28/25 15:13,10/28/25 15:13,10/28/25 16:48,10/28/25 16:51,10/31/25 03:00,10/28/25 23:59,jun Fan,Molecular Genomics Workspace,MGW-5492192,,,,,67906510,No status set,,Full Service - DNA/RNA QC,N/A,,,,,,3986
MGW-MP-5317,QC Client-prepared Library (per library),464185,Manshi Patel,Graduate Student,"Geoffroy, Cedric (TAMU) Lab",Neuroscience & Experimental Therapeutics,Texas A&M University,qPCR Setup (per run),,0638,WSGI,completed,billing_initialized,each,40,10/28/25 15:14,10/28/25 15:14,10/28/25 16:48,10/28/25 16:51,10/31/25 03:00,10/28/25 23:59,jun Fan,Molecular Genomics Workspace,MGW-5492192,,,,,67906577,No status set,,Full Service - Reverse transcription & Real-time PCR,N/A,,,,,,3986
MGW-MP-5317,QC Client-prepared Library (per library),464186,Manshi Patel,Graduate Student,"Geoffroy, Cedric (TAMU) Lab",Neuroscience & Experimental Therapeutics,Texas A&M University,"qPCR Reaction, SYBR Green Chemistry (per reaction)",,0638,WSGI,completed,billing_initialized,each,16.45,10/28/25 15:14,10/28/25 15:14,10/28/25 16:48,10/28/25 16:51,10/31/25 03:00,10/28/25 23:59,jun Fan,Molecular Genomics Workspace,MGW-5492192,,,,,67906580,No status set,,Full Service - Reverse transcription & Real-time PCR,N/A,,,,,,3986
MGW-MP-5317,QC Client-prepared Library (per library),529020,Manshi Patel,Graduate Student,"Geoffroy, Cedric (TAMU) Lab",Neuroscience & Experimental Therapeutics,Texas A&M University,Sequencing - P4-XLEAP - 100 cycle (~1.8B reads),,0638,WSGI,completed,billing_initialized,each,3180,10/28/25 15:14,10/28/25 15:14,10/28/25 16:48,10/28/25 16:51,10/31/25 03:00,10/28/25 23:59,jun Fan,Molecular Genomics Workspace,MGW-5492192,,,,,67906597,No status set,,Full Service - Sequencing (NextSeq 2000),N/A,,,,,,3986
MGW-MP-5320,QC Client-prepared Library (per library),539274,Manshi Patel,Graduate Student,"Geoffroy, Cedric (TAMU) Lab",Neuroscience & Experimental Therapeutics,Texas A&M University,QC Client-prepared Library (per library),,0638,WSGI,completed,billing_initialized,each,184,10/28/25 15:46,10/28/25 15:46,10/28/25 16:48,10/28/25 16:51,10/31/25 03:00,10/28/25 23:59,jun Fan,Molecular Genomics Workspace,MGW-5492192,,,,,67908716,No status set,,Full Service - DNA/RNA QC,N/A,,,,,,3986
MGW-MP-5320,QC Client-prepared Library (per library),464185,Manshi Patel,Graduate Student,"Geoffroy, Cedric (TAMU) Lab",Neuroscience & Experimental Therapeutics,Texas A&M University,qPCR Setup (per run),,0638,WSGI,completed,billing_initialized,each,40,10/28/25 15:47,10/28/25 15:47,10/28/25 16:48,10/28/25 16:51,10/31/25 03:00,10/28/25 23:59,jun Fan,Molecular Genomics Workspace,MGW-5492192,,,,,67908728,No status set,,Full Service - Reverse transcription & Real-time PCR,N/A,,,,,,3986
MGW-MP-5320,QC Client-prepared Library (per library),464186,Manshi Patel,Graduate Student,"Geoffroy, Cedric (TAMU) Lab",Neuroscience & Experimental Therapeutics,Texas A&M University,"qPCR Reaction, SYBR Green Chemistry (per reaction)",,0638,WSGI,completed,billing_initialized,each,16.45,10/28/25 15:47,10/28/25 15:47,10/28/25 16:48,10/28/25 16:51,10/31/25 03:00,10/28/25 23:59,jun Fan,Molecular Genomics Workspace,MGW-5492192,,,,,67908729,No status set,,Full Service - Reverse transcription & Real-time PCR,N/A,,,,,,3986
MGW-MP-5320,QC Client-prepared Library (per library),529020,Manshi Patel,Graduate Student,"Geoffroy, Cedric (TAMU) Lab",Neuroscience & Experimental Therapeutics,Texas A&M University,Sequencing - P4-XLEAP - 100 cycle (~1.8B reads),,0638,WSGI,completed,billing_initialized,each,3180,10/28/25 15:47,10/28/25 15:47,10/28/25 16:48,10/28/25 16:51,10/31/25 03:00,10/28/25 23:59,jun Fan,Molecular Genomics Workspace,MGW-5492192,,,,,67908739,No status set,,Full Service - Sequencing (NextSeq 2000),N/A,,,,,,3986
MGW-MP-5321,QC Client-prepared Library (per library),539274,Manshi Patel,Graduate Student,"Geoffroy, Cedric (TAMU) Lab",Neuroscience & Experimental Therapeutics,Texas A&M University,QC Client-prepared Library (per library),,0638,WSGI,completed,billing_initialized,each,184,10/28/25 15:49,10/28/25 15:49,10/28/25 16:48,10/28/25 16:51,10/31/25 03:00,10/28/25 23:59,jun Fan,Molecular Genomics Workspace,MGW-5492192,,,,,67908827,No status set,,Full Service - DNA/RNA QC,N/A,,,,,,3986
MGW-MP-5321,QC Client-prepared Library (per library),464185,Manshi Patel,Graduate Student,"Geoffroy, Cedric (TAMU) Lab",Neuroscience & Experimental Therapeutics,Texas A&M University,qPCR Setup (per run),,0638,WSGI,completed,billing_initialized,each,40,10/28/25 15:49,10/28/25 15:49,10/28/25 16:48,10/28/25 16:51,10/31/25 03:00,10/28/25 23:59,jun Fan,Molecular Genomics Workspace,MGW-5492192,,,,,67908857,No status set,,Full Service - Reverse transcription & Real-time PCR,N/A,,,,,,3986
MGW-MP-5321,QC Client-prepared Library (per library),464186,Manshi Patel,Graduate Student,"Geoffroy, Cedric (TAMU) Lab",Neuroscience & Experimental Therapeutics,Texas A&M University,"qPCR Reaction, SYBR Green Chemistry (per reaction)",,0638,WSGI,completed,billing_initialized,each,16.45,10/28/25 15:49,10/28/25 15:49,10/28/25 16:48,10/28/25 16:51,10/31/25 03:00,10/28/25 23:59,jun Fan,Molecular Genomics Workspace,MGW-5492192,,,,,67908858,No status set,,Full Service - Reverse transcription & Real-time PCR,N/A,,,,,,3986
MGW-MP-5321,QC Client-prepared Library (per library),529020,Manshi Patel,Graduate Student,"Geoffroy, Cedric (TAMU) Lab",Neuroscience & Experimental Therapeutics,Texas A&M University,Sequencing - P4-XLEAP - 100 cycle (~1.8B reads),,0638,WSGI,completed,billing_initialized,each,3180,10/28/25 15:49,10/28/25 15:49,10/28/25 16:48,10/28/25 16:51,10/31/25 03:00,10/28/25 23:59,jun Fan,Molecular Genomics Workspace,MGW-5492192,,,,,67908868,No status set,,Full Service - Sequencing (NextSeq 2000),N/A,,,,,,3986
MGW-MP-5318,QC Client-prepared Library (per library),539274,Manshi Patel,Graduate Student,"Geoffroy, Cedric (TAMU) Lab",Neuroscience & Experimental Therapeutics,Texas A&M University,QC Client-prepared Library (per library),,0638,WSGI,completed,billing_initialized,each,184,10/28/25 15:51,10/28/25 15:51,10/28/25 16:48,10/28/25 16:51,10/31/25 03:00,10/28/25 23:59,jun Fan,Molecular Genomics Workspace,MGW-5492192,,,,,67908936,No status set,,Full Service - DNA/RNA QC,N/A,,,,,,3986
MGW-MP-5318,QC Client-prepared Library (per library),464185,Manshi Patel,Graduate Student,"Geoffroy, Cedric (TAMU) Lab",Neuroscience & Experimental Therapeutics,Texas A&M University,qPCR Setup (per run),,0638,WSGI,completed,billing_initialized,each,40,10/28/25 15:51,10/28/25 15:51,10/28/25 16:48,10/28/25 16:51,10/31/25 03:00,10/28/25 23:59,jun Fan,Molecular Genomics Workspace,MGW-5492192,,,,,67908953,No status set,,Full Service - Reverse transcription & Real-time PCR,N/A,,,,,,3986
MGW-MP-5318,QC Client-prepared Library (per library),464186,Manshi Patel,Graduate Student,"Geoffroy, Cedric (TAMU) Lab",Neuroscience & Experimental Therapeutics,Texas A&M University,"qPCR Reaction, SYBR Green Chemistry (per reaction)",,0638,WSGI,completed,billing_initialized,each,16.45,10/28/25 15:51,10/28/25 15:51,10/28/25 16:48,10/28/25 16:51,10/31/25 03:00,10/28/25 23:59,jun Fan,Molecular Genomics Workspace,MGW-5492192,,,,,67908954,No status set,,Full Service - Reverse transcription & Real-time PCR,N/A,,,,,,3986
MGW-MP-5318,QC Client-prepared Library (per library),529020,Manshi Patel,Graduate Student,"Geoffroy, Cedric (TAMU) Lab",Neuroscience & Experimental Therapeutics,Texas A&M University,Sequencing - P4-XLEAP - 100 cycle (~1.8B reads),,0638,WSGI,completed,billing_initialized,each,3180,10/28/25 15:52,10/28/25 15:52,10/28/25 16:48,10/28/25 16:51,10/31/25 03:00,10/28/25 23:59,jun Fan,Molecular Genomics Workspace,MGW-5492192,,,,,67908965,No status set,,Full Service - Sequencing (NextSeq 2000),N/A,,,,,,3986
MGW-MP-5319,QC Client-prepared Library (per library),539274,Manshi Patel,Graduate Student,"Geoffroy, Cedric (TAMU) Lab",Neuroscience & Experimental Therapeutics,Texas A&M University,QC Client-prepared Library (per library),,0638,WSGI,completed,billing_initialized,each,23,10/28/25 15:53,10/28/25 15:53,10/28/25 16:48,10/28/25 16:51,10/31/25 03:00,10/28/25 23:59,jun Fan,Molecular Genomics Workspace,MGW-5492192,,,,,67909003,No status set,,Full Service - DNA/RNA QC,N/A,,,,,,3986
MGW-MP-5319,QC Client-prepared Library (per library),464185,Manshi Patel,Graduate Student,"Geoffroy, Cedric (TAMU) Lab",Neuroscience & Experimental Therapeutics,Texas A&M University,qPCR Setup (per run),,0638,WSGI,completed,billing_initialized,each,40,10/28/25 15:53,10/28/25 15:53,10/28/25 16:48,10/28/25 16:51,10/31/25 03:00,10/28/25 23:59,jun Fan,Molecular Genomics Workspace,MGW-5492192,,,,,67909006,No status set,,Full Service - Reverse transcription & Real-time PCR,N/A,,,,,,3986
MGW-MP-5319,QC Client-prepared Library (per library),464186,Manshi Patel,Graduate Student,"Geoffroy, Cedric (TAMU) Lab",Neuroscience & Experimental Therapeutics,Texas A&M University,"qPCR Reaction, SYBR Green Chemistry (per reaction)",,0638,WSGI,completed,billing_initialized,each,16.45,10/28/25 15:53,10/28/25 15:53,10/28/25 16:48,10/28/25 16:51,10/31/25 03:00,10/28/25 23:59,jun Fan,Molecular Genomics Workspace,MGW-5492192,,,,,67909009,No status set,,Full Service - Reverse transcription & Real-time PCR,N/A,,,,,,3986
MGW-MP-5319,QC Client-prepared Library (per library),534527,Manshi Patel,Graduate Student,"Geoffroy, Cedric (TAMU) Lab",Neuroscience & Experimental Therapeutics,Texas A&M University,Sequencing - P2-XLEAP - 100 cycle (~400M reads),,0638,WSGI,completed,billing_initialized,each,1310,10/28/25 15:53,10/28/25 15:53,10/28/25 16:48,10/28/25 16:51,10/31/25 03:00,10/28/25 23:59,jun Fan,Molecular Genomics Workspace,MGW-5492192,,,,,67909021,No status set,,Full Service - Sequencing (NextSeq 2000),N/A,,,,,,3986
MGW-MP-5515,Bioinformatics Service (per hour),307585,Manshi Patel,Graduate Student,"Geoffroy, Cedric (TAMU) Lab",Neuroscience & Experimental Therapeutics,Texas A&M University,Bioinformatics Service (per hour),,0638,WSGI,cancelled,cancelled,hour,0,10/29/25 11:25,10/29/25 11:25,,n/a,n/a,n/a,Paola Galvan,Molecular Genomics Workspace,no invoice,,,,,67937359,No status set,,Full Service - Bioinformatics,N/A,,,,,,3986
MGW-MP-5457,Equipment Scheduling,297790,Manshi Patel,Graduate Student,"Geoffroy, Cedric (TAMU) Lab",Neuroscience & Experimental Therapeutics,Texas A&M University,DNA HS D5000 Usage (per sample),,0638,WSGI,completed,billing_initialized,each,37.6,2/20/26 09:46,2/20/26 09:24,2/20/26 12:12,2/20/26 12:25,2/21/26 03:00,2/20/26 23:59,Paola Galvan,Molecular Genomics Workspace,MGW-5720454,,,,,70595095,No status set,,Self Service - TapeStation/Bioanalyzer,N/A,,,,,,3986
MGW-MP-5457,Equipment Scheduling,561949,Manshi Patel,Graduate Student,"Geoffroy, Cedric (TAMU) Lab",Neuroscience & Experimental Therapeutics,Texas A&M University,HS D5000 ladder (1-4 samples),,0638,WSGI,completed,billing_initialized,each,21.35,2/20/26 09:46,2/20/26 09:24,2/20/26 12:12,2/20/26 12:25,2/21/26 03:00,2/20/26 23:59,Paola Galvan,Molecular Genomics Workspace,MGW-5720454,,,,,70595096,No status set,,Self Service - TapeStation/Bioanalyzer,N/A,,,,,,3986
MGW-MP-5456,Equipment Scheduling,292897,Manshi Patel,Graduate Student,"Geoffroy, Cedric (TAMU) Lab",Neuroscience & Experimental Therapeutics,Texas A&M University,DNA/RNA Qubit Usage (per sample) ,,0638,WSGI,completed,billing_initialized,each,4,2/20/26 12:11,2/20/26 08:39,2/20/26 12:11,2/20/26 12:25,2/21/26 03:00,2/20/26 23:59,Paola Galvan,Molecular Genomics Workspace,MGW-5720454,,,,,70601038,No status set,,Self Service - Qubit,N/A,,,,,,3986
MGW-MP-5456,Equipment Scheduling,292907,Manshi Patel,Graduate Student,"Geoffroy, Cedric (TAMU) Lab",Neuroscience & Experimental Therapeutics,Texas A&M University,"Qubit Fluorometer (Life Technologies) (Qubit Fluorometer (Life Technologies)) | Friday, February 20",,0638,WSGI,completed,billing_initialized,hour,0,2/20/26 12:11,2/20/26 08:39,2/20/26 12:11,2/20/26 12:25,2/21/26 03:00,2/20/26 23:59,Paola Galvan,Molecular Genomics Workspace,MGW-5720454,,,,,70601063,No status set,,Molecular Biology,Self-Use,,,,,,3986
MGW-MP-5457,Equipment Scheduling,295966,Manshi Patel,Graduate Student,"Geoffroy, Cedric (TAMU) Lab",Neuroscience & Experimental Therapeutics,Texas A&M University,"Tape Station (Agilent) (Tape Station (Agilent)) | Friday, February 20",,0638,WSGI,completed,billing_initialized,hour,5,2/20/26 12:11,2/20/26 09:24,2/20/26 12:11,2/20/26 12:25,2/21/26 03:00,2/20/26 23:59,Paola Galvan,Molecular Genomics Workspace,MGW-5720454,,,,,70601067,No status set,,Molecular Biology,Self-Use,,,,,,3986
MGW-MP-5456,Equipment Scheduling,297790,Manshi Patel,Graduate Student,"Geoffroy, Cedric (TAMU) Lab",Neuroscience & Experimental Therapeutics,Texas A&M University,DNA HS D5000 Usage (per sample),,0638,WSGI,completed,billing_initialized,each,75.2,2/23/26 14:33,2/23/26 14:52,3/26/26 13:29,3/26/26 14:02,3/27/26 03:00,3/26/26 23:59,Manshi Patel,Molecular Genomics Workspace,MGW-5788677,,,,,70644095,No status set,,Self Service - TapeStation/Bioanalyzer,N/A,,,,,,3986
MGW-MP-5456,Equipment Scheduling,561949,Manshi Patel,Graduate Student,"Geoffroy, Cedric (TAMU) Lab",Neuroscience & Experimental Therapeutics,Texas A&M University,HS D5000 ladder (1-4 samples),,0638,WSGI,completed,billing_initialized,each,21.35,2/23/26 14:33,2/23/26 14:52,3/26/26 13:29,3/26/26 14:02,3/27/26 03:00,3/26/26 23:59,Manshi Patel,Molecular Genomics Workspace,MGW-5788677,,,,,70644098,No status set,,Self Service - TapeStation/Bioanalyzer,N/A,,,,,,3986
MGW-MP-5497,Equipment Scheduling,297789,Manshi Patel,Graduate Student,"Geoffroy, Cedric (TAMU) Lab",Neuroscience & Experimental Therapeutics,Texas A&M University,DNA HS D1000  Usage (per sample),,0638,WSGI,completed,billing_initialized,each,14,3/5/26 08:44,3/5/26 08:45,3/26/26 13:42,3/26/26 14:02,3/27/26 03:00,3/26/26 23:59,Manshi Patel,Molecular Genomics Workspace,MGW-5788677,,,,,70966042,No status set,,Self Service - TapeStation/Bioanalyzer,N/A,,,,,,3986
MGW-MP-5456,Equipment Scheduling,295966,Manshi Patel,Graduate Student,"Geoffroy, Cedric (TAMU) Lab",Neuroscience & Experimental Therapeutics,Texas A&M University,"Tape Station (Agilent) (Tape Station (Agilent)) | Monday, February 23",,0638,WSGI,completed,billing_initialized,hour,10,3/26/26 13:29,2/23/26 14:52,3/26/26 13:29,3/26/26 14:02,3/27/26 03:00,3/26/26 23:59,Paola Galvan,Molecular Genomics Workspace,MGW-5788677,,,,,71475873,No status set,,Molecular Biology,Self-Use,,,,,,3986
MGW-MP-5497,Equipment Scheduling,295966,Manshi Patel,Graduate Student,"Geoffroy, Cedric (TAMU) Lab",Neuroscience & Experimental Therapeutics,Texas A&M University,"Tape Station (Agilent) (Tape Station (Agilent)) | Thursday, March 05",,0638,WSGI,completed,billing_initialized,hour,11,3/26/26 13:42,3/5/26 08:45,3/26/26 13:42,3/26/26 14:02,3/27/26 03:00,3/26/26 23:59,Paola Galvan,Molecular Genomics Workspace,MGW-5788677,,,,,71476413,No status set,,Molecular Biology,Self-Use,,,,,,3986
MGW-MP-5604,Equipment Scheduling,297790,Manshi Patel,Graduate Student,"Sohrabji, Farida (TAMU) Lab",Neuroscience & Experimental Therapeutics,Texas A&M University,DNA HS D5000 Usage (per sample) - Consumables,,0638,WSGI,completed,billing_initialized,each,37.6,6/22/26 12:25,5/28/26 08:40,6/22/26 12:26,6/25/26 11:45,7/6/26 17:14,6/25/26 23:59,Paola Galvan,Molecular Genomics Workspace,MGW-5970372,,,,,73639343,No status set,,Self Service - TapeStation/Bioanalyzer,N/A,,,,,,3986
MGW-MP-5604,Equipment Scheduling,561949,Manshi Patel,Graduate Student,"Sohrabji, Farida (TAMU) Lab",Neuroscience & Experimental Therapeutics,Texas A&M University,HS D5000 ladder (1-4 samples) - Consumables,,0638,WSGI,completed,billing_initialized,each,21.35,6/22/26 12:25,5/28/26 08:40,6/22/26 12:26,6/25/26 11:45,7/6/26 17:14,6/25/26 23:59,Paola Galvan,Molecular Genomics Workspace,MGW-5970372,,,,,73639346,No status set,,Self Service - TapeStation/Bioanalyzer,N/A,,,,,,3986
MGW-MP-5604,Equipment Scheduling,295966,Manshi Patel,Graduate Student,"Sohrabji, Farida (TAMU) Lab",Neuroscience & Experimental Therapeutics,Texas A&M University,"Tape Station (Agilent) (Tape Station (Agilent)) | Thursday, May 28",,0638,WSGI,completed,billing_initialized,hour,11,6/22/26 12:26,5/28/26 08:40,6/22/26 12:26,6/25/26 11:45,7/6/26 17:14,6/25/26 23:59,Paola Galvan,Molecular Genomics Workspace,MGW-5970372,,,,,73639360,No status set,,Molecular Biology,Self-Use,,,,,,3986
MGW-MP-5608,Equipment Scheduling,297790,Manshi Patel,Graduate Student,"Sohrabji, Farida (TAMU) Lab",Neuroscience & Experimental Therapeutics,Texas A&M University,DNA HS D5000 Usage (per sample) - Consumables,,0638,WSGI,completed,billing_initialized,each,75.2,6/22/26 12:27,6/5/26 07:21,6/22/26 12:28,6/25/26 11:45,7/6/26 17:14,6/25/26 23:59,Paola Galvan,Molecular Genomics Workspace,MGW-5970372,,,,,73639402,No status set,,Self Service - TapeStation/Bioanalyzer,N/A,,,,,,3986
MGW-MP-5608,Equipment Scheduling,561949,Manshi Patel,Graduate Student,"Sohrabji, Farida (TAMU) Lab",Neuroscience & Experimental Therapeutics,Texas A&M University,HS D5000 ladder (1-4 samples) - Consumables,,0638,WSGI,completed,billing_initialized,each,21.35,6/22/26 12:27,6/5/26 07:21,6/22/26 12:28,6/25/26 11:45,7/6/26 17:14,6/25/26 23:59,Paola Galvan,Molecular Genomics Workspace,MGW-5970372,,,,,73639404,No status set,,Self Service - TapeStation/Bioanalyzer,N/A,,,,,,3986
MGW-MP-5608,Equipment Scheduling,295966,Manshi Patel,Graduate Student,"Sohrabji, Farida (TAMU) Lab",Neuroscience & Experimental Therapeutics,Texas A&M University,"Tape Station (Agilent) (Tape Station (Agilent)) | Friday, June 05",,0638,WSGI,completed,billing_initialized,hour,7,6/22/26 12:28,6/5/26 07:21,6/22/26 12:28,6/25/26 11:45,7/6/26 17:14,6/25/26 23:59,Paola Galvan,Molecular Genomics Workspace,MGW-5970372,,,,,73639431,No status set,,Molecular Biology,Self-Use,,,,,,3986
MGW-MP-5608,Equipment Scheduling,297790,Manshi Patel,Graduate Student,"Sohrabji, Farida (TAMU) Lab",Neuroscience & Experimental Therapeutics,Texas A&M University,DNA HS D5000 Usage (per sample) - Consumables,,0638,WSGI,completed,billing_initialized,each,75.2,6/22/26 12:31,6/12/26 09:08,6/22/26 12:32,6/25/26 11:45,7/6/26 17:14,6/25/26 23:59,Paola Galvan,Molecular Genomics Workspace,MGW-5970372,,,,,73639587,No status set,,Self Service - TapeStation/Bioanalyzer,N/A,,,,,,3986
MGW-MP-5608,Equipment Scheduling,561949,Manshi Patel,Graduate Student,"Sohrabji, Farida (TAMU) Lab",Neuroscience & Experimental Therapeutics,Texas A&M University,HS D5000 ladder (1-4 samples) - Consumables,,0638,WSGI,completed,billing_initialized,each,21.35,6/22/26 12:31,6/12/26 09:08,6/22/26 12:32,6/25/26 11:45,7/6/26 17:14,6/25/26 23:59,Paola Galvan,Molecular Genomics Workspace,MGW-5970372,,,,,73639588,No status set,,Self Service - TapeStation/Bioanalyzer,N/A,,,,,,3986
MGW-MP-5608,Equipment Scheduling,295966,Manshi Patel,Graduate Student,"Sohrabji, Farida (TAMU) Lab",Neuroscience & Experimental Therapeutics,Texas A&M University,"Tape Station (Agilent) (Tape Station (Agilent)) | Friday, June 12",,0638,WSGI,completed,billing_initialized,hour,5,6/22/26 12:32,6/12/26 09:08,6/22/26 12:32,6/25/26 11:45,7/6/26 17:14,6/25/26 23:59,Paola Galvan,Molecular Genomics Workspace,MGW-5970372,,,,,73639618,No status set,,Molecular Biology,Self-Use,,,,,,3986
MGW-MP-5713,Equipment Scheduling,561949,Manshi Patel,Graduate Student,"Sohrabji, Farida (TAMU) Lab",Neuroscience & Experimental Therapeutics,Texas A&M University,HS D5000 ladder (1-4 samples) - Consumables,,0638,WSGI,completed,billing_initialized,each,21.35,8/20/26 10:29,8/20/26 09:57,8/20/26 12:20,8/24/26 15:43,8/25/26 03:05,8/24/26 23:59,Paola Galvan,Molecular Genomics Workspace,MGW-6084226,,,,,75107794,No status set,,Self Service - TapeStation/Bioanalyzer,N/A,,,,,,3986
MGW-MP-5713,Equipment Scheduling,297790,Manshi Patel,Graduate Student,"Sohrabji, Farida (TAMU) Lab",Neuroscience & Experimental Therapeutics,Texas A&M University,DNA HS D5000 Usage (per sample) - Consumables,,0638,WSGI,completed,billing_initialized,each,37.6,8/20/26 10:29,8/20/26 09:57,8/20/26 12:20,8/24/26 15:43,8/25/26 03:05,8/24/26 23:59,Paola Galvan,Molecular Genomics Workspace,MGW-6084226,,,,,75107796,No status set,,Self Service - TapeStation/Bioanalyzer,N/A,,,,,,3986
MGW-MP-5713,Equipment Scheduling,297790,Manshi Patel,Graduate Student,"Sohrabji, Farida (TAMU) Lab",Neuroscience & Experimental Therapeutics,Texas A&M University,DNA HS D5000 Usage (per sample) - Consumables,,0638,WSGI,completed,billing_initialized,each,75.2,8/20/26 12:18,8/17/26 10:43,8/20/26 12:18,8/24/26 15:43,8/25/26 03:05,8/24/26 23:59,Paola Galvan,Molecular Genomics Workspace,MGW-6084226,,,,,75112095,No status set,,Self Service - TapeStation/Bioanalyzer,N/A,,,,,,3986
MGW-MP-5713,Equipment Scheduling,561949,Manshi Patel,Graduate Student,"Sohrabji, Farida (TAMU) Lab",Neuroscience & Experimental Therapeutics,Texas A&M University,HS D5000 ladder (1-4 samples) - Consumables,,0638,WSGI,completed,billing_initialized,each,21.35,8/20/26 12:18,8/17/26 10:43,8/20/26 12:18,8/24/26 15:43,8/25/26 03:05,8/24/26 23:59,Paola Galvan,Molecular Genomics Workspace,MGW-6084226,,,,,75112097,No status set,,Self Service - TapeStation/Bioanalyzer,N/A,,,,,,3986
MGW-MP-5713,Equipment Scheduling,295966,Manshi Patel,Graduate Student,"Sohrabji, Farida (TAMU) Lab",Neuroscience & Experimental Therapeutics,Texas A&M University,"Tape Station (Agilent) (Tape Station (Agilent)) | Monday, August 17",,0638,WSGI,completed,billing_initialized,hour,9,8/20/26 12:18,8/17/26 10:43,8/20/26 12:18,8/24/26 15:43,8/25/26 03:05,8/24/26 23:59,Paola Galvan,Molecular Genomics Workspace,MGW-6084226,,,,,75112108,No status set,,Molecular Biology,Self-Use,,,,,,3986
MGW-MP-5713,Equipment Scheduling,295966,Manshi Patel,Graduate Student,"Sohrabji, Farida (TAMU) Lab",Neuroscience & Experimental Therapeutics,Texas A&M University,"Tape Station (Agilent) (Tape Station (Agilent)) | Thursday, August 20",,0638,WSGI,completed,billing_initialized,hour,6,8/20/26 12:20,8/20/26 09:57,8/20/26 12:20,8/24/26 15:43,8/25/26 03:05,8/24/26 23:59,Paola Galvan,Molecular Genomics Workspace,MGW-6084226,,,,,75112217,No status set,,Molecular Biology,Self-Use,,,,,,3986
MGW-MF-5511,"RNeasy Plus Universal RNA Isolation, 25 or more samples (per sample)",538877,Maria Ferrer,,"Ferrer, Maria (UGA) Lab",Large Animal Med CVM/230,University of Georgia,"RNeasy Plus Universal RNA Isolation, 25 or more samples (per sample)",,0638,WSGI,cancelled,cancelled,each,0,10/6/25 21:58,10/6/25 21:58,,n/a,n/a,n/a,jun Fan,Molecular Genomics Workspace,no invoice,,,,,67373478,No status set,,Full Service - DNA/RNA isolation,N/A,,,,,,3986
MGW-MF-5511,"RNeasy Plus Universal RNA Isolation, 25 or more samples (per sample)",504608,Maria Ferrer,,"Ferrer, Maria (UGA) Lab",Large Animal Med CVM/230,University of Georgia,QC RNA  (per sample),,0638,WSGI,cancelled,cancelled,each,0,10/6/25 21:59,10/6/25 21:59,,n/a,n/a,n/a,jun Fan,Molecular Genomics Workspace,no invoice,,,,,67373479,No status set,,Full Service - DNA/RNA QC,N/A,,,,,,3986
MGW-MF-5511,"RNeasy Plus Universal RNA Isolation, 25 or more samples (per sample)",537767,Maria Ferrer,,"Ferrer, Maria (UGA) Lab",Large Animal Med CVM/230,University of Georgia,"Sequencing - NovaSeq X Plus (AGBS), 25B, per Lane, 2x150 PE",,0638,WSGI,cancelled,cancelled,each,0,10/6/25 22:02,10/6/25 22:02,,n/a,n/a,n/a,jun Fan,Molecular Genomics Workspace,no invoice,,,,,67373487,No status set,,Full Service - Sequencing (NovaSeq),N/A,,,,,,3986
MGW-MF-5509,"RNeasy Plus Universal RNA Isolation, 25 or more samples (per sample)",538877,Maria Ferrer,,"Ferrer, Maria (UGA) Lab",Large Animal Med CVM/230,University of Georgia,"RNeasy Plus Universal RNA Isolation, 25 or more samples (per sample)",,0638,WSGI,cancelled,cancelled,each,0,10/6/25 22:05,10/6/25 22:05,,n/a,n/a,n/a,jun Fan,Molecular Genomics Workspace,no invoice,,,,,67373490,No status set,,Full Service - DNA/RNA isolation,N/A,,,,,,3986
MGW-MF-5509,"RNeasy Plus Universal RNA Isolation, 25 or more samples (per sample)",504608,Maria Ferrer,,"Ferrer, Maria (UGA) Lab",Large Animal Med CVM/230,University of Georgia,QC RNA  (per sample),,0638,WSGI,cancelled,cancelled,each,0,10/6/25 22:05,10/6/25 22:05,,n/a,n/a,n/a,jun Fan,Molecular Genomics Workspace,no invoice,,,,,67373492,No status set,,Full Service - DNA/RNA QC,N/A,,,,,,3986
MGW-MF-5509,"RNeasy Plus Universal RNA Isolation, 25 or more samples (per sample)",504611,Maria Ferrer,,"Ferrer, Maria (UGA) Lab",Large Animal Med CVM/230,University of Georgia,Illumina Stranded Total RNA (Ligation) Library Preparation (per sample),,0638,WSGI,cancelled,cancelled,each,0,10/6/25 22:05,10/6/25 22:05,,n/a,n/a,n/a,jun Fan,Molecular Genomics Workspace,no invoice,,,,,67373493,No status set,,Full Service - RNA Library Preparation for Illumina NGS,N/A,,,,,,3986
MGW-MF-5509,"RNeasy Plus Universal RNA Isolation, 25 or more samples (per sample)",537767,Maria Ferrer,,"Ferrer, Maria (UGA) Lab",Large Animal Med CVM/230,University of Georgia,"Sequencing - NovaSeq X Plus (AGBS), 25B, per Lane, 2x150 PE",,0638,WSGI,cancelled,cancelled,each,0,10/6/25 22:06,10/6/25 22:06,,n/a,n/a,n/a,jun Fan,Molecular Genomics Workspace,no invoice,,,,,67373496,No status set,,Full Service - Sequencing (NovaSeq),N/A,,,,,,3986
MGW-MF-5510,Visium Pre-library QC (per sample),538203,Maria Ferrer,,"Ferrer, Maria (UGA) Lab",Large Animal Med CVM/230,University of Georgia,Visium Pre-library QC (per sample),,0638,WSGI,cancelled,cancelled,each,0,10/6/25 22:11,10/6/25 22:11,,n/a,n/a,n/a,jun Fan,Molecular Genomics Workspace,no invoice,,,,,67373505,No status set,,Full Service - Visium Spatial Gene Expression,N/A,,,,,,3986
MGW-MF-5510,Visium Pre-library QC (per sample),510409,Maria Ferrer,,"Ferrer, Maria (UGA) Lab",Large Animal Med CVM/230,University of Georgia,"Visium CytAssist FFPE Spatial Gene Expression Library Prep , 6.5mm active area (per slide; 2 samples)",,0638,WSGI,cancelled,cancelled,each,0,10/6/25 22:11,10/6/25 22:11,,n/a,n/a,n/a,jun Fan,Molecular Genomics Workspace,no invoice,,,,,67373510,No status set,,Full Service - Visium Spatial Gene Expression,N/A,,,,,,3986
MGW-MF-5510,Visium Pre-library QC (per sample),529020,Maria Ferrer,,"Ferrer, Maria (UGA) Lab",Large Animal Med CVM/230,University of Georgia,Sequencing - P4-XLEAP - 100 cycle (~1.8B reads),,0638,WSGI,cancelled,cancelled,each,0,10/6/25 22:12,10/6/25 22:12,,n/a,n/a,n/a,jun Fan,Molecular Genomics Workspace,no invoice,,,,,67373511,No status set,,Full Service - Sequencing (NextSeq 2000),N/A,,,,,,3986
MGW-MF-5511,"RNeasy Plus Universal RNA Isolation, 25 or more samples (per sample)",504611,Maria Ferrer,,"Ferrer, Maria (UGA) Lab",Large Animal Med CVM/230,University of Georgia,Illumina Stranded Total RNA (Ligation) Library Preparation (per sample),,0638,WSGI,cancelled,cancelled,each,0,10/15/25 10:20,10/15/25 10:20,,n/a,n/a,n/a,jun Fan,Molecular Genomics Workspace,no invoice,,,,,67570543,No status set,,Full Service - RNA Library Preparation for Illumina NGS,N/A,,,,,,3986
MGW-MF-5181,"RNeasy Plus Universal RNA Isolation, 1-24 samples (per sample)",510408,Maria Ferrer,,"Ferrer, Maria (UGA) Lab",Large Animal Med CVM/230,University of Georgia,PicoPure Low Input RNA Isolation  (cells; per sample),,0638,WSGI,completed,billing_initialized,each,1196,10/28/25 10:44,10/28/25 10:44,11/24/25 10:16,11/25/25 10:28,11/26/25 03:00,11/25/25 23:59,jun Fan,Molecular Genomics Workspace,MGW-5554526,,,,,67886099,No status set,,Full Service - DNA/RNA isolation,N/A,,,,,,3986
MGW-MF-5181,"RNeasy Plus Universal RNA Isolation, 1-24 samples (per sample)",534534,Maria Ferrer,,"Ferrer, Maria (UGA) Lab",Large Animal Med CVM/230,University of Georgia,Sequencing - P3-XLEAP - 200 cycle (~1B reads),,0638,WSGI,completed,billing_initialized,each,4345,10/28/25 10:46,10/28/25 10:46,11/24/25 10:16,11/25/25 10:28,11/26/25 03:00,11/25/25 23:59,jun Fan,Molecular Genomics Workspace,MGW-5554526,,,,,67886178,No status set,,Full Service - Sequencing (NextSeq 2000),N/A,,,,,,3986
MGW-MF-5181,"RNeasy Plus Universal RNA Isolation, 1-24 samples (per sample)",522562,Maria Ferrer,,"Ferrer, Maria (UGA) Lab",Large Animal Med CVM/230,University of Georgia,Takara SMART-Seq Low Input Stranded Total RNA Library Prep (per sample),,0638,WSGI,completed,billing_initialized,each,2309.6,10/29/25 15:52,10/29/25 15:52,11/24/25 10:16,11/25/25 10:28,11/26/25 03:00,11/25/25 23:59,jun Fan,Molecular Genomics Workspace,MGW-5554526,,,,,67956834,No status set,,Full Service - RNA Library Preparation for Illumina NGS,N/A,,,,,,3986
MGW-MM-5674,Project Request,564524,Mariana Mateos,Principal Investigator,"Mateos, Mariana (TAMU) Lab",Ecology and Conservations Biology,Texas A&M University,PacBio-Revio HiFi Whole Genome library - Consumables ,,0638,WSGI,proposed,not_ready_to_bill,each,1000,7/29/26 13:15,7/29/26 13:15,,n/a,n/a,n/a,jun Fan,Molecular Genomics Workspace,no invoice,,,,,74551962,No status set,,PacBio Consumables,N/A,,,,,,3986
MGW-MM-5674,Project Request,563404,Mariana Mateos,Principal Investigator,"Mateos, Mariana (TAMU) Lab",Ecology and Conservations Biology,Texas A&M University,PacBio-Revio SMRTcell sequencing - Consumables ,,0638,WSGI,proposed,not_ready_to_bill,each,1090,7/29/26 13:15,7/29/26 13:15,,n/a,n/a,n/a,jun Fan,Molecular Genomics Workspace,no invoice,,,,,74551965,No status set,,PacBio Consumables,N/A,,,,,,3986
MGW-MM-5674,Project Request,563704,Mariana Mateos,Principal Investigator,"Mateos, Mariana (TAMU) Lab",Ecology and Conservations Biology,Texas A&M University,Blue Pippen,,0638,WSGI,proposed,not_ready_to_bill,each,42.24,7/29/26 13:16,7/29/26 13:16,,n/a,n/a,n/a,jun Fan,Molecular Genomics Workspace,no invoice,,,,,74551977,No status set,,Instrument Charges,N/A,,,,,,3986
MGW-MM-5674,Project Request,563414,Mariana Mateos,Principal Investigator,"Mateos, Mariana (TAMU) Lab",Ecology and Conservations Biology,Texas A&M University,Femto Pulse ,,0638,WSGI,proposed,not_ready_to_bill,each,13.62,7/29/26 13:16,7/29/26 13:16,,n/a,n/a,n/a,jun Fan,Molecular Genomics Workspace,no invoice,,,,,74551980,No status set,,Instrument Charges,N/A,,,,,,3986
MGW-MM-5674,Project Request,559381,Mariana Mateos,Principal Investigator,"Mateos, Mariana (TAMU) Lab",Ecology and Conservations Biology,Texas A&M University,PacBio Revio,,0638,WSGI,proposed,not_ready_to_bill,hour,360,7/29/26 13:16,7/29/26 13:16,,n/a,n/a,n/a,jun Fan,Molecular Genomics Workspace,no invoice,,,,,74551990,No status set,,Instrument Charges,N/A,,,,,,3986
MGW-MM-5674,Project Request,559377,Mariana Mateos,Principal Investigator,"Mateos, Mariana (TAMU) Lab",Ecology and Conservations Biology,Texas A&M University,Laboratory Technician,,0638,WSGI,proposed,not_ready_to_bill,hour,15,7/29/26 13:16,7/29/26 13:16,,n/a,n/a,n/a,jun Fan,Molecular Genomics Workspace,no invoice,,,,,74552010,No status set,,Laboratory Technician,N/A,,,,,,3986
MGW-MM-5674,Project Request,561156,Mariana Mateos,Principal Investigator,"Mateos, Mariana (TAMU) Lab",Ecology and Conservations Biology,Texas A&M University,QC Femto Pluse - Consumables,,0638,WSGI,proposed,not_ready_to_bill,each,81.62,7/29/26 13:17,7/29/26 13:17,,n/a,n/a,n/a,jun Fan,Molecular Genomics Workspace,no invoice,,,,,74552037,No status set,,QC - Consumables,N/A,,,,,,3986
MGW-MCO-5469,Project Request,559381,Mariangel Correa Orellana,,"Havird, Justin (UT-Austin) Lab",,University of Texas at Austin,PacBio Revio,,0638,WSGI,completed,billing_initialized,hour,870,3/4/26 21:53,3/4/26 21:53,5/26/26 10:20,5/27/26 16:31,5/28/26 03:00,5/27/26 23:59,jun Fan,Molecular Genomics Workspace,MGW-5910819,,,,,70960510,No status set,,Instrument Charges,N/A,,,,,,3986
MGW-MCO-5469,Project Request,563404,Mariangel Correa Orellana,,"Havird, Justin (UT-Austin) Lab",,University of Texas at Austin,PacBio-Revio SMRTcell sequencing ,,0638,WSGI,completed,billing_initialized,each,1090,3/4/26 21:54,3/4/26 21:54,5/26/26 10:20,5/27/26 16:31,5/28/26 03:00,5/27/26 23:59,jun Fan,Molecular Genomics Workspace,MGW-5910819,,,,,70960512,No status set,,PacBio Consumables,N/A,,,,,,3986
MGW-MCO-5469,Project Request,563407,Mariangel Correa Orellana,,"Havird, Justin (UT-Austin) Lab",,University of Texas at Austin,PacBio preparing Kinnex libraries from 16s rRNA amplicon,,0638,WSGI,completed,billing_initialized,each,775,3/4/26 21:54,3/4/26 21:54,5/26/26 10:20,5/27/26 16:31,5/28/26 03:00,5/27/26 23:59,jun Fan,Molecular Genomics Workspace,MGW-5910819,,,,,70960514,No status set,,PacBio Consumables,N/A,,,,,,3986
MGW-MCO-5469,Project Request,566620,Mariangel Correa Orellana,,"Havird, Justin (UT-Austin) Lab",,University of Texas at Austin,16s rRNA full-length amplicon amplification (V1-V9),,0638,WSGI,completed,billing_initialized,each,2014,3/5/26 20:39,3/5/26 20:39,5/26/26 10:20,5/27/26 16:31,5/28/26 03:00,5/27/26 23:59,jun Fan,Molecular Genomics Workspace,MGW-5910819,,,,,70993833,No status set,,PacBio Consumables,N/A,,,,,,3986
MGW-MM-5279,CFX96/CFX384 qPCR Usage (per hour),505332,Mark McDermott,Research Associate,"Bankaitis, Vytas (TAMU) Lab",Molecular and Cellular Medicine,Texas A&M University,CFX96/CFX384 qPCR Usage (per hour),,0638,WSGI,completed,billing_initialized,each,24.75,9/29/25 15:42,9/29/25 15:42,10/27/25 11:38,10/28/25 16:51,10/31/25 03:00,10/28/25 23:59,Paola Galvan,Molecular Genomics Workspace,MGW-5492176,,,,,67142852,No status set,,Self Service - CFX96/CFX384 qPCR,N/A,,,,,,3986
MGW-MK-5256,QC RNA  (per sample),504608,Matthias Koch,,"Koch, Matthias (TAMU) Lab",,Texas A&M University,QC RNA  (per sample),,0638,WSGI,completed,billing_initialized,each,982.8,9/23/25 13:26,9/23/25 13:26,10/27/25 10:20,10/28/25 16:51,10/31/25 03:00,10/28/25 23:59,jun Fan,Molecular Genomics Workspace,MGW-5492172,,,,,66986807,No status set,,Full Service - DNA/RNA QC,N/A,,,,,,3986
MGW-MK-5256,QC RNA  (per sample),504611,Matthias Koch,,"Koch, Matthias (TAMU) Lab",,Texas A&M University,Illumina Stranded Total RNA (Ligation) Library Preparation (per sample),"The two-thirds ($180x2/3=$120) price will be applied, since the initial PolyA  selection step is replaced by 5S/16S/23S depletion.",0638,WSGI,completed,billing_initialized,each,8640,9/23/25 13:27,9/23/25 13:27,10/27/25 10:20,10/28/25 16:51,10/31/25 03:00,10/28/25 23:59,jun Fan,Molecular Genomics Workspace,MGW-5492172,,,,,66986815,No status set,,Full Service - RNA Library Preparation for Illumina NGS,N/A,,,,,,3986
MGW-MK-5256,QC RNA  (per sample),0,Matthias Koch,,"Koch, Matthias (TAMU) Lab",,Texas A&M University,(charge) 5s/16s/23s rRNA depletion,"The Qiagen FastSelection kit is used for this depletion at $50 per sample,  with an additional $25 for labor",0638,WSGI,completed,billing_initialized,,5400,9/23/25 13:32,9/23/25 13:32,10/27/25 10:20,10/28/25 16:51,10/31/25 03:00,10/28/25 23:59,jun Fan,Molecular Genomics Workspace,MGW-5492172,,Taxes,,,66987035,No status set,,Full Service - NGS Library Preparation,unknown,,,,,,3986
MGW-MK-5256,QC RNA  (per sample),534534,Matthias Koch,,"Koch, Matthias (TAMU) Lab",,Texas A&M University,Sequencing - P3-XLEAP - 200 cycle (~1B reads),,0638,WSGI,completed,billing_initialized,each,3780,9/23/25 13:35,9/23/25 13:35,10/27/25 10:20,10/28/25 16:51,10/31/25 03:00,10/28/25 23:59,jun Fan,Molecular Genomics Workspace,MGW-5492172,,,,,66987154,No status set,,Full Service - Sequencing (NextSeq 2000),N/A,,,,,,3986
MGW-MK-5256,QC RNA  (per sample),505326,Matthias Koch,,"Koch, Matthias (TAMU) Lab",,Texas A&M University,Fee for RUSH Request (15%),"A rush fee of 15% applies to library preparation only, calculated as $195 × 0.15 = $29.25.",0638,WSGI,completed,billing_initialized,each,2106,9/23/25 13:49,9/23/25 13:49,10/27/25 10:20,10/28/25 16:51,10/31/25 03:00,10/28/25 23:59,jun Fan,Molecular Genomics Workspace,MGW-5492172,,,,,66987755,No status set,,Full Service - Additional Fees,N/A,,,,,,3986
MGW-MK-5379,Equipment Scheduling,397981,Maureen Kelly,,"Gomes Verocai, Guilherme (TAMU) Lab",,Texas A&M University,QX200 ddPCR Usage (per set of 8 samples),,0638,WSGI,completed,billing_initialized,each,264,12/9/25 13:17,12/10/25 08:59,12/15/25 12:53,12/18/25 16:34,12/19/25 03:00,12/18/25 23:59,Maureen Kelly,Molecular Genomics Workspace,MGW-5607176,,,,,69010723,No status set,,Self Service - QX200 ddPCR,N/A,,,,,,3986
MGW-MK-5379,Equipment Scheduling,397981,Maureen Kelly,,"Gomes Verocai, Guilherme (TAMU) Lab",,Texas A&M University,QX200 ddPCR Usage (per set of 8 samples),,0638,WSGI,completed,billing_initialized,each,264,12/9/25 13:18,12/10/25 12:15,12/15/25 15:41,12/18/25 16:34,12/19/25 03:00,12/18/25 23:59,Maureen Kelly,Molecular Genomics Workspace,MGW-5607176,,,,,69010743,No status set,,Self Service - QX200 ddPCR,N/A,,,,,,3986
MGW-MK-5379,Equipment Scheduling,561672,Maureen Kelly,,"Gomes Verocai, Guilherme (TAMU) Lab",,Texas A&M University,QX200 ddPCR Usage (2 columns),,0638,WSGI,completed,billing_initialized,each,118,12/11/25 09:07,12/11/25 09:00,12/15/25 15:41,12/18/25 16:34,12/19/25 03:00,12/18/25 23:59,Maureen Kelly,Molecular Genomics Workspace,MGW-5607176,,,,,69063431,No status set,,Self Service - QX200 ddPCR,N/A,,,,,,3986
MGW-MK-5379,Equipment Scheduling,296365,Maureen Kelly,,"Gomes Verocai, Guilherme (TAMU) Lab",,Texas A&M University,"QX200 Droplet Digital PCR System (Bio-Rad) (ddPCR system) | Wednesday, December 10",,0638,WSGI,completed,billing_initialized,hour,130.67,12/15/25 12:53,12/10/25 08:59,12/15/25 12:53,12/18/25 16:34,12/19/25 03:00,12/18/25 23:59,Paola Galvan,Molecular Genomics Workspace,MGW-5607176,,,,,69147060,No status set,,Molecular Biology,Self Use,,,,,,3986
MGW-MK-5379,Equipment Scheduling,296365,Maureen Kelly,,"Gomes Verocai, Guilherme (TAMU) Lab",,Texas A&M University,"QX200 Droplet Digital PCR System (Bio-Rad) (ddPCR system) | Wednesday, December 10",,0638,WSGI,completed,billing_initialized,hour,230.67,12/15/25 15:41,12/10/25 12:15,12/15/25 15:41,12/18/25 16:34,12/19/25 03:00,12/18/25 23:59,Paola Galvan,Molecular Genomics Workspace,MGW-5607176,,,,,69158290,No status set,,Molecular Biology,Self Use,,,,,,3986
MGW-MK-5379,Equipment Scheduling,296365,Maureen Kelly,,"Gomes Verocai, Guilherme (TAMU) Lab",,Texas A&M University,"QX200 Droplet Digital PCR System (Bio-Rad) (ddPCR system) | Thursday, December 11",,0638,WSGI,completed,billing_initialized,hour,100,12/15/25 15:41,12/11/25 09:00,12/15/25 15:41,12/18/25 16:34,12/19/25 03:00,12/18/25 23:59,Paola Galvan,Molecular Genomics Workspace,MGW-5607176,,,,,69158295,No status set,,Molecular Biology,Self Use,,,,,,3986
MGW-MH-5679,Project Request,561549,Meiying He,,"Dai, Xianming (TAMU) Lab",,Texas A&M University,Droplet Digital PCR Full Service per 8 samples; one target - Consumables,,0638,WSGI,financials_approved,not_ready_to_bill,each,75.12,8/4/26 11:35,8/4/26 11:35,,n/a,n/a,n/a,Paola Galvan,Molecular Genomics Workspace,no invoice,,,,,74717790,No status set,,Droplet Digital PCR - Consumables,N/A,,,,,,3986
MGW-MH-5679,Project Request,559379,Meiying He,,"Dai, Xianming (TAMU) Lab",,Texas A&M University,Bio-Rad ddPCR System,,0638,WSGI,financials_approved,not_ready_to_bill,hour,89.2,8/4/26 11:36,8/4/26 11:36,,n/a,n/a,n/a,Paola Galvan,Molecular Genomics Workspace,no invoice,,,,,74717797,No status set,,Instrument Charges,N/A,,,,,,3986
MGW-MH-5679,Project Request,559377,Meiying He,,"Dai, Xianming (TAMU) Lab",,Texas A&M University,Laboratory Technician,,0638,WSGI,financials_approved,not_ready_to_bill,hour,50,8/4/26 11:36,8/4/26 11:36,,n/a,n/a,n/a,Paola Galvan,Molecular Genomics Workspace,no invoice,,,,,74717824,No status set,,Laboratory Technician,N/A,,,,,,3986
MGW-MH-5679,Project Request,560903,Meiying He,,"Dai, Xianming (TAMU) Lab",,Texas A&M University,QC DNA - Consumables,,0638,WSGI,financials_approved,not_ready_to_bill,each,16,8/4/26 11:42,8/4/26 11:42,,n/a,n/a,n/a,Paola Galvan,Molecular Genomics Workspace,no invoice,,,,,74718199,No status set,,QC - Consumables,N/A,,,,,,3986
MGW-MC-5345,Equipment Scheduling,297792,Mikayla Clark,,"Strader, Marie (TAMU) Lab",,Texas A&M University,RNA Standard  Usage (per sample),,0638,WSGI,completed,billing_initialized,each,169.2,11/20/25 11:14,11/4/25 14:38,11/20/25 11:16,11/25/25 10:28,11/26/25 03:00,11/25/25 23:59,Paola Galvan,Molecular Genomics Workspace,MGW-5554539,,,,,68558732,No status set,,Self Service - TapeStation/Bioanalyzer,N/A,,,,,,3986
MGW-MC-5345,Equipment Scheduling,295966,Mikayla Clark,,"Strader, Marie (TAMU) Lab",,Texas A&M University,"Tape Station (Agilent) (Tape Station (Agilent)) | Tuesday, November 04",,0638,WSGI,completed,billing_initialized,hour,0,11/20/25 11:16,11/4/25 14:38,11/20/25 11:16,11/25/25 10:28,11/26/25 03:00,11/25/25 23:59,Paola Galvan,Molecular Genomics Workspace,MGW-5554539,,,,,68558779,No status set,,Molecular Biology,Self-Use,,,,,,3986
MGW-MC-5491,Equipment Scheduling,297793,Mikayla Clark,,"Strader, Marie (TAMU) Lab",,Texas A&M University,RNA HS Usage (per sample),,0638,WSGI,completed,billing_initialized,each,282,2/23/26 15:31,2/25/26 15:31,3/26/26 13:34,3/26/26 14:02,3/27/26 03:00,3/26/26 23:59,Mikayla Clark,Molecular Genomics Workspace,MGW-5788678,,,,,70646830,No status set,,Self Service - TapeStation/Bioanalyzer,N/A,,,,,,3986
MGW-MC-5491,Equipment Scheduling,297792,Mikayla Clark,,"Strader, Marie (TAMU) Lab",,Texas A&M University,RNA Standard  Usage (per sample),,0638,WSGI,completed,billing_initialized,each,258.5,2/26/26 10:54,2/26/26 14:57,3/26/26 13:37,3/26/26 14:02,3/27/26 03:00,3/26/26 23:59,Mikayla Clark,Molecular Genomics Workspace,MGW-5788678,,,,,70737751,No status set,,Self Service - TapeStation/Bioanalyzer,N/A,,,,,,3986
MGW-MC-5491,Equipment Scheduling,297786,Mikayla Clark,,"Strader, Marie (TAMU) Lab",,Texas A&M University,Genomic  DNA Usage (per sample),,0638,WSGI,completed,billing_initialized,each,27.2,2/26/26 15:40,2/26/26 16:07,3/26/26 13:37,3/26/26 14:02,3/27/26 03:00,3/26/26 23:59,Mikayla Clark,Molecular Genomics Workspace,MGW-5788678,,,,,70756247,No status set,,Self Service - TapeStation/Bioanalyzer,N/A,,,,,,3986
MGW-MC-5474,Project Request,561156,Mikayla Clark,,"Strader, Marie (TAMU) Lab",,Texas A&M University,QC Femto Pluse,,0638,WSGI,completed,billing_initialized,each,81.62,3/13/26 20:41,3/13/26 20:41,3/23/26 10:43,3/26/26 14:02,3/27/26 03:00,3/26/26 23:59,jun Fan,Molecular Genomics Workspace,MGW-5788678,,,,,71191573,No status set,,QC - Consumables,N/A,,,,,,3986
MGW-MC-5474,Project Request,563414,Mikayla Clark,,"Strader, Marie (TAMU) Lab",,Texas A&M University,Femto Pulse ,,0638,WSGI,completed,billing_initialized,each,6.81,3/13/26 20:42,3/13/26 20:42,3/23/26 10:43,3/26/26 14:02,3/27/26 03:00,3/26/26 23:59,jun Fan,Molecular Genomics Workspace,MGW-5788678,,,,,71191574,No status set,,Instrument Charges,N/A,,,,,,3986
MGW-MC-5474,Project Request,562236,Mikayla Clark,,"Strader, Marie (TAMU) Lab",,Texas A&M University,QC DNA/RNA Qubit Only,,0638,WSGI,completed,billing_initialized,each,22,3/13/26 22:07,3/13/26 22:07,3/23/26 10:43,3/26/26 14:02,3/27/26 03:00,3/26/26 23:59,jun Fan,Molecular Genomics Workspace,MGW-5788678,,,,,71192499,No status set,,QC - Consumables,N/A,,,,,,3986
MGW-MC-5480,Project Request,563414,Mikayla Clark,,"Strader, Marie (TAMU) Lab",,Texas A&M University,Femto Pulse ,,0638,WSGI,completed,billing_initialized,each,6.81,3/23/26 15:45,3/23/26 15:45,4/23/26 12:41,4/24/26 16:21,4/25/26 03:00,4/24/26 23:59,jun Fan,Molecular Genomics Workspace,MGW-5846985,,,,,71386004,No status set,,Instrument Charges,N/A,,,,,,3986
MGW-MC-5480,Project Request,561156,Mikayla Clark,,"Strader, Marie (TAMU) Lab",,Texas A&M University,QC Femto Pluse,,0638,WSGI,completed,billing_initialized,each,81.62,3/23/26 15:46,3/23/26 15:46,4/23/26 12:41,4/24/26 16:21,4/25/26 03:00,4/24/26 23:59,jun Fan,Molecular Genomics Workspace,MGW-5846985,,,,,71386015,No status set,,QC - Consumables,N/A,,,,,,3986
MGW-MC-5480,Project Request,562236,Mikayla Clark,,"Strader, Marie (TAMU) Lab",,Texas A&M University,QC DNA/RNA Qubit Only,,0638,WSGI,completed,billing_initialized,each,22,3/23/26 15:47,3/23/26 15:47,4/23/26 12:41,4/24/26 16:21,4/25/26 03:00,4/24/26 23:59,jun Fan,Molecular Genomics Workspace,MGW-5846985,,,,,71386058,No status set,,QC - Consumables,N/A,,,,,,3986
MGW-MC-5491,Equipment Scheduling,295966,Mikayla Clark,,"Strader, Marie (TAMU) Lab",,Texas A&M University,"Tape Station (Agilent) (Tape Station (Agilent)) | Wednesday, February 25","I have a total of 47 samples, hence the double booking. Let me know if I need to put it in any differently. It may not end up taking the whole 2.5 hours, but I wanted to be safe. Thanks!",0638,WSGI,completed,billing_initialized,hour,97,3/26/26 13:34,2/25/26 15:31,3/26/26 13:34,3/26/26 14:02,3/27/26 03:00,3/26/26 23:59,Paola Galvan,Molecular Genomics Workspace,MGW-5788678,,,,,71476087,No status set,,Molecular Biology,Self-Use,,,,,,3986
MGW-MC-5491,Equipment Scheduling,295966,Mikayla Clark,,"Strader, Marie (TAMU) Lab",,Texas A&M University,"Tape Station (Agilent) (Tape Station (Agilent)) | Thursday, February 26",Redoing my RNA samples from yesterday using the standard tapes. Also doing a couple DNA samples from a different project afterwards.,0638,WSGI,completed,billing_initialized,hour,58,3/26/26 13:37,2/26/26 14:57,3/26/26 13:37,3/26/26 14:02,3/27/26 03:00,3/26/26 23:59,Paola Galvan,Molecular Genomics Workspace,MGW-5788678,,,,,71476172,No status set,,Molecular Biology,Self-Use,,,,,,3986
MGW-MC-5491,Equipment Scheduling,295966,Mikayla Clark,,"Strader, Marie (TAMU) Lab",,Texas A&M University,"Tape Station (Agilent) (Tape Station (Agilent)) | Thursday, February 26",,0638,WSGI,completed,billing_initialized,hour,14,3/26/26 13:37,2/26/26 16:07,3/26/26 13:37,3/26/26 14:02,3/27/26 03:00,3/26/26 23:59,Paola Galvan,Molecular Genomics Workspace,MGW-5788678,,,,,71476171,No status set,,Molecular Biology,Self-Use,,,,,,3986
MGW-MC-5539,Equipment Scheduling,297792,Mikayla Clark,,"Strader, Marie (TAMU) Lab",,Texas A&M University,RNA Standard  Usage (per sample),,0638,WSGI,completed,billing_initialized,each,137.5,4/9/26 22:50,4/10/26 14:20,4/23/26 13:31,4/24/26 16:21,4/25/26 03:00,4/24/26 23:59,Mikayla Clark,Molecular Genomics Workspace,MGW-5846985,,,,,71890200,No status set,,Self Service - TapeStation/Bioanalyzer,N/A,,,,,,3986
MGW-MC-5539,Equipment Scheduling,297793,Mikayla Clark,,"Strader, Marie (TAMU) Lab",,Texas A&M University,RNA HS Usage (per sample),,0638,WSGI,completed,billing_initialized,each,6,4/10/26 10:58,4/10/26 15:40,4/23/26 13:31,4/24/26 16:21,4/25/26 03:00,4/24/26 23:59,Mikayla Clark,Molecular Genomics Workspace,MGW-5846985,,,,,71899782,No status set,,Self Service - TapeStation/Bioanalyzer,N/A,,,,,,3986
MGW-MC-5539,Equipment Scheduling,295966,Mikayla Clark,,"Strader, Marie (TAMU) Lab",,Texas A&M University,"Tape Station (Agilent) (Tape Station (Agilent)) | Friday, April 10",,0638,WSGI,completed,billing_initialized,hour,60,4/23/26 13:31,4/10/26 14:20,4/23/26 13:31,4/24/26 16:21,4/25/26 03:00,4/24/26 23:59,Paola Galvan,Molecular Genomics Workspace,MGW-5846985,,,,,72193665,No status set,,Molecular Biology,Self-Use,,,,,,3986
MGW-MC-5539,Equipment Scheduling,295966,Mikayla Clark,,"Strader, Marie (TAMU) Lab",,Texas A&M University,"Tape Station (Agilent) (Tape Station (Agilent)) | Friday, April 10",,0638,WSGI,completed,billing_initialized,hour,10,4/23/26 13:31,4/10/26 15:40,4/23/26 13:31,4/24/26 16:21,4/25/26 03:00,4/24/26 23:59,Paola Galvan,Molecular Genomics Workspace,MGW-5846985,,,,,72193673,No status set,,Molecular Biology,Self-Use,,,,,,3986
MGW-MC-5653,Equipment Scheduling,297792,Mikayla Clark,,"Strader, Marie (TAMU) Lab",,Texas A&M University,RNA Standard  Usage (per sample) - Consumables,,0638,WSGI,completed,billing_initialized,each,22,6/25/26 17:04,6/29/26 11:32,7/27/26 12:49,7/27/26 14:09,7/28/26 03:05,7/27/26 23:59,Mikayla Clark,Molecular Genomics Workspace,MGW-6028621,,,,,73750543,No status set,,Self Service - TapeStation/Bioanalyzer,N/A,,,,,,3986
MGW-MC-5653,Equipment Scheduling,295966,Mikayla Clark,,"Strader, Marie (TAMU) Lab",,Texas A&M University,"Tape Station (Agilent) (Tape Station (Agilent)) | Monday, June 29",,0638,WSGI,completed,billing_initialized,hour,23,7/27/26 12:49,6/29/26 11:32,7/27/26 12:49,7/27/26 14:09,7/28/26 03:05,7/27/26 23:59,Paola Galvan,Molecular Genomics Workspace,MGW-6028621,,,,,74479093,No status set,,Molecular Biology,Self-Use,,,,,,3986
MGW-MZ-5525,Training Request,559377,Mingyuan Zhu,,"Zhu, Mingyuan (TAMU) Lab",,Texas A&M University,Laboratory Technician,,0638,WSGI,completed,billing_initialized,hour,25,5/20/26 11:51,5/20/26 11:51,5/21/26 10:08,5/27/26 16:32,5/28/26 03:00,5/27/26 23:59,Paola Galvan,Molecular Genomics Workspace,MGW-5910832,,,,,72876180,No status set,,Laboratory Technician,N/A,,,,,,3986
MGW-MZ-5688,Project Request,577080,Mingyuan Zhu,,"Zhu, Mingyuan (TAMU) Lab",,Texas A&M University,RNeasy PowerPlant Kit (50) - Consumables,,0638,WSGI,financials_approved,not_ready_to_bill,each,28.5,8/10/26 13:39,8/10/26 13:39,,n/a,n/a,n/a,Sarah Sharpton,Molecular Genomics Workspace,no invoice,,,,,74871977,No status set,,DNA-RNA-Isolation - Consumable,N/A,,,,,,3986
MGW-MZ-5688,Project Request,561151,Mingyuan Zhu,,"Zhu, Mingyuan (TAMU) Lab",,Texas A&M University,QC RNA - Consumables,,0638,WSGI,financials_approved,not_ready_to_bill,each,17.7,8/10/26 13:39,8/10/26 13:39,,n/a,n/a,n/a,Sarah Sharpton,Molecular Genomics Workspace,no invoice,,,,,74872010,No status set,,QC - Consumables,N/A,,,,,,3986
MGW-MZ-5688,Project Request,559373,Mingyuan Zhu,,"Zhu, Mingyuan (TAMU) Lab",,Texas A&M University,4200 TapeStation,,0638,WSGI,financials_approved,not_ready_to_bill,hour,7.2,8/10/26 13:40,8/10/26 13:40,,n/a,n/a,n/a,Sarah Sharpton,Molecular Genomics Workspace,no invoice,,,,,74872039,No status set,,Instrument Charges,N/A,,,,,,3986
MGW-MZ-5688,Project Request,567417,Mingyuan Zhu,,"Zhu, Mingyuan (TAMU) Lab",,Texas A&M University,Visium HD Spatial Gene Expression Customer Provided Kit - Consumables,,0638,WSGI,financials_approved,not_ready_to_bill,each,280,8/10/26 13:40,8/10/26 13:40,,n/a,n/a,n/a,Sarah Sharpton,Molecular Genomics Workspace,no invoice,,,,,74872062,No status set,,Visium Spatial - Consumables ,N/A,,,,,,3986
MGW-MZ-5688,Project Request,563700,Mingyuan Zhu,,"Zhu, Mingyuan (TAMU) Lab",,Texas A&M University,Visium CyAssist,,0638,WSGI,financials_approved,not_ready_to_bill,each,500,8/10/26 16:31,8/10/26 16:31,,n/a,n/a,n/a,Sarah Sharpton,Molecular Genomics Workspace,no invoice,,,,,74882063,No status set,,Instrument Charges,N/A,,,,,,3986
MGW-MZ-5688,Project Request,561253,Mingyuan Zhu,,"Zhu, Mingyuan (TAMU) Lab",,Texas A&M University,NextSeq 2000 P3 XLEAP-SBS Reagent Kit (100 cycles) - Consumables,,0638,WSGI,financials_approved,not_ready_to_bill,each,2642.2,8/10/26 16:31,8/10/26 16:31,,n/a,n/a,n/a,Sarah Sharpton,Molecular Genomics Workspace,no invoice,,,,,74882070,No status set,,Sequencing (NextSeq 2000) - Consumables,N/A,,,,,,3986
MGW-MZ-5688,Project Request,559377,Mingyuan Zhu,,"Zhu, Mingyuan (TAMU) Lab",,Texas A&M University,Laboratory Technician,,0638,WSGI,financials_approved,not_ready_to_bill,hour,500,8/10/26 16:31,8/10/26 16:31,,n/a,n/a,n/a,Sarah Sharpton,Molecular Genomics Workspace,no invoice,,,,,74882074,No status set,,Laboratory Technician,N/A,,,,,,3986
MGW-MZ-5688,Project Request,559371,Mingyuan Zhu,,"Zhu, Mingyuan (TAMU) Lab",,Texas A&M University,NextSeq 2000 Sequencing System (S/N VH00580),,0638,WSGI,financials_approved,not_ready_to_bill,each,250,8/10/26 16:32,8/10/26 16:32,,n/a,n/a,n/a,Sarah Sharpton,Molecular Genomics Workspace,no invoice,,,,,74882126,No status set,,Instrument Charges,N/A,,,,,,3986
MGW-MZ-5688,Project Request,561152,Mingyuan Zhu,,"Zhu, Mingyuan (TAMU) Lab",,Texas A&M University,QC Core-prepared Library - Consumables,,0638,WSGI,financials_approved,not_ready_to_bill,each,31.1,8/10/26 16:33,8/10/26 16:33,,n/a,n/a,n/a,Sarah Sharpton,Molecular Genomics Workspace,no invoice,,,,,74882171,No status set,,QC - Consumables,N/A,,,,,,3986
MGW-MJ-5250,HiC Sample Prep & Library Construction (per sample),406987,Murukarthick Jayakodi,,"Jayakodi, Murukarthick (TAMU) Lab",,Texas A&M University,HiC Sample Prep & Library Construction (per sample),,0638,WSGI,completed,billing_initialized,each,1450,9/19/25 15:03,9/19/25 15:03,5/26/26 10:14,5/27/26 16:31,5/28/26 03:00,5/27/26 23:59,jun Fan,Molecular Genomics Workspace,MGW-5910815,,,,,66922801,No status set,,Full Service - DNA Library Preparation (Illumina NGS),N/A,,,,,,3986
MGW-MJ-5250,HiC Sample Prep & Library Construction (per sample),534535,Murukarthick Jayakodi,,"Jayakodi, Murukarthick (TAMU) Lab",,Texas A&M University,Sequencing - P3-XLEAP - 300 cycle (~1B reads),,0638,WSGI,completed,billing_initialized,each,1507.5,9/19/25 15:03,9/19/25 15:03,5/26/26 10:14,5/27/26 16:31,5/28/26 03:00,5/27/26 23:59,jun Fan,Molecular Genomics Workspace,MGW-5910815,,,,,66922813,No status set,,Full Service - Sequencing (NextSeq 2000),N/A,,,,,,3986
MGW-MJ-5333,Illumina DNA Tagmentation Library Prep (per sample),367936,Murukarthick Jayakodi,,"Jayakodi, Murukarthick (TAMU) Lab",,Texas A&M University,Illumina DNA Tagmentation Library Prep (per sample),"Library preparation, including DNA QC.",0638,WSGI,cancelled,cancelled,each,0,11/11/25 21:51,11/11/25 21:51,,n/a,n/a,n/a,jun Fan,Molecular Genomics Workspace,no invoice,,,,,68337950,No status set,,Full Service - DNA Library Preparation (Illumina NGS),N/A,,,,,,3986
MGW-MJ-5333,Illumina DNA Tagmentation Library Prep (per sample),537767,Murukarthick Jayakodi,,"Jayakodi, Murukarthick (TAMU) Lab",,Texas A&M University,"Sequencing - NovaSeq X Plus (AGBS), 25B, per Lane, 2x150 PE",,0638,WSGI,cancelled,cancelled,each,0,11/11/25 21:54,11/11/25 21:54,,n/a,n/a,n/a,jun Fan,Molecular Genomics Workspace,no invoice,,,,,68337970,No status set,,Full Service - Sequencing (NovaSeq),N/A,,,,,,3986
MGW-MJ-5473,Project Request,566152,Murukarthick Jayakodi,,"Jayakodi, Murukarthick (TAMU) Lab",,Texas A&M University,HiC library preparation,,0638,WSGI,completed,billing_initialized,each,3759.2,3/11/26 21:05,3/11/26 21:05,7/27/26 10:09,7/27/26 14:09,7/28/26 03:05,7/27/26 23:59,jun Fan,Molecular Genomics Workspace,MGW-6028615,,,,,71140486,No status set,,DNA Library Preparation - Consumables,N/A,,,,,,3986
MGW-MJ-5473,Project Request,559373,Murukarthick Jayakodi,,"Jayakodi, Murukarthick (TAMU) Lab",,Texas A&M University,4200 TapeStation,,0638,WSGI,completed,billing_initialized,hour,18,3/11/26 21:07,3/11/26 21:07,7/27/26 10:09,7/27/26 14:09,7/28/26 03:05,7/27/26 23:59,jun Fan,Molecular Genomics Workspace,MGW-6028615,,,,,71140493,No status set,,Instrument Charges,N/A,,,,,,3986
MGW-MJ-5473,Project Request,561152,Murukarthick Jayakodi,,"Jayakodi, Murukarthick (TAMU) Lab",,Texas A&M University,QC Core-prepared Library,,0638,WSGI,completed,billing_initialized,each,77.75,3/11/26 21:07,3/11/26 21:07,7/27/26 10:09,7/27/26 14:09,7/28/26 03:05,7/27/26 23:59,jun Fan,Molecular Genomics Workspace,MGW-6028615,,,,,71140495,No status set,,QC - Consumables,N/A,,,,,,3986
MGW-MJ-5473,Project Request,559377,Murukarthick Jayakodi,,"Jayakodi, Murukarthick (TAMU) Lab",,Texas A&M University,Laboratory Technician,,0638,WSGI,completed,billing_initialized,hour,3100,3/11/26 21:08,3/11/26 21:08,7/27/26 10:09,7/27/26 14:09,7/28/26 03:05,7/27/26 23:59,jun Fan,Molecular Genomics Workspace,MGW-6028615,,,,,71140496,No status set,,Laboratory Technician,N/A,,,,,,3986
MGW-MJ-5473,Project Request,563443,Murukarthick Jayakodi,,"Jayakodi, Murukarthick (TAMU) Lab",,Texas A&M University,NoveSeq X 25B 300 cycles (per Lane),,0638,WSGI,completed,billing_initialized,each,3544.2,3/11/26 21:08,3/11/26 21:08,7/27/26 10:09,7/27/26 14:09,7/28/26 03:05,7/27/26 23:59,jun Fan,Molecular Genomics Workspace,MGW-6028615,,,,,71140497,No status set,,NovaSeq - Consumables,N/A,,,,,,3986
MGW-MJ-5250,HiC Sample Prep & Library Construction (per sample),564524,Murukarthick Jayakodi,,"Jayakodi, Murukarthick (TAMU) Lab",,Texas A&M University,PacBio-Revio HiFi Whole Genome library ,,0638,WSGI,completed,billing_initialized,each,1000,3/18/26 10:32,3/18/26 10:32,5/26/26 10:14,5/27/26 16:31,5/28/26 03:00,5/27/26 23:59,jun Fan,Molecular Genomics Workspace,MGW-5910815,,,,,71262532,No status set,,PacBio Consumables,N/A,,,,,,3986
MGW-MJ-5250,HiC Sample Prep & Library Construction (per sample),561156,Murukarthick Jayakodi,,"Jayakodi, Murukarthick (TAMU) Lab",,Texas A&M University,QC Femto Pluse,Custom gDNA QC on the Femto Pulse for 1 to 11 samples.,0638,WSGI,completed,billing_initialized,each,163.24,3/23/26 14:22,3/23/26 14:22,5/26/26 10:14,5/27/26 16:31,5/28/26 03:00,5/27/26 23:59,jun Fan,Molecular Genomics Workspace,MGW-5910815,,,,,71381782,No status set,,QC - Consumables,N/A,,,,,,3986
MGW-MJ-5250,HiC Sample Prep & Library Construction (per sample),563414,Murukarthick Jayakodi,,"Jayakodi, Murukarthick (TAMU) Lab",,Texas A&M University,Femto Pulse ,,0638,WSGI,completed,billing_initialized,each,13.62,3/23/26 14:23,3/23/26 14:23,5/26/26 10:14,5/27/26 16:31,5/28/26 03:00,5/27/26 23:59,jun Fan,Molecular Genomics Workspace,MGW-5910815,,,,,71381835,No status set,,Instrument Charges,N/A,,,,,,3986
MGW-MJ-5250,HiC Sample Prep & Library Construction (per sample),559381,Murukarthick Jayakodi,,"Jayakodi, Murukarthick (TAMU) Lab",,Texas A&M University,PacBio Revio,,0638,WSGI,completed,billing_initialized,hour,360,3/23/26 15:17,3/23/26 15:17,5/26/26 10:14,5/27/26 16:31,5/28/26 03:00,5/27/26 23:59,jun Fan,Molecular Genomics Workspace,MGW-5910815,,,,,71384915,No status set,,Instrument Charges,N/A,,,,,,3986
MGW-MJ-5250,HiC Sample Prep & Library Construction (per sample),563404,Murukarthick Jayakodi,,"Jayakodi, Murukarthick (TAMU) Lab",,Texas A&M University,PacBio-Revio SMRTcell sequencing ,,0638,WSGI,completed,billing_initialized,each,1090,3/23/26 15:17,3/23/26 15:17,5/26/26 10:14,5/27/26 16:31,5/28/26 03:00,5/27/26 23:59,jun Fan,Molecular Genomics Workspace,MGW-5910815,,,,,71384932,No status set,,PacBio Consumables,N/A,,,,,,3986
MGW-MJ-5250,HiC Sample Prep & Library Construction (per sample),559377,Murukarthick Jayakodi,,"Jayakodi, Murukarthick (TAMU) Lab",,Texas A&M University,Laboratory Technician,,0638,WSGI,completed,billing_initialized,hour,12.5,3/23/26 15:18,3/23/26 15:18,5/26/26 10:14,5/27/26 16:31,5/28/26 03:00,5/27/26 23:59,jun Fan,Molecular Genomics Workspace,MGW-5910815,,,,,71384958,No status set,,Laboratory Technician,N/A,,,,,,3986
MGW-MJ-5250,HiC Sample Prep & Library Construction (per sample),563704,Murukarthick Jayakodi,,"Jayakodi, Murukarthick (TAMU) Lab",,Texas A&M University,Blue Pippen,,0638,WSGI,completed,billing_initialized,each,31.68,5/21/26 10:39,5/21/26 10:39,5/26/26 10:14,5/27/26 16:31,5/28/26 03:00,5/27/26 23:59,jun Fan,Molecular Genomics Workspace,MGW-5910815,,,,,72903123,No status set,,Instrument Charges,N/A,,,,,,3986
MGW-MJ-5473,Project Request,559376,Murukarthick Jayakodi,,"Jayakodi, Murukarthick (TAMU) Lab",,Texas A&M University,Consumables,The charge is for nuclei isolation.,0638,WSGI,completed,billing_initialized,each,240,6/18/26 13:17,6/18/26 13:17,7/27/26 10:09,7/27/26 14:09,7/28/26 03:05,7/27/26 23:59,jun Fan,Molecular Genomics Workspace,MGW-6028615,,,,,73591442,No status set,,Consumables,N/A,,,,,,3986
MGW-MJ-5689,Project Request,563414,Murukarthick Jayakodi,,"Jayakodi, Murukarthick (TAMU) Lab",,Texas A&M University,Femto Pulse ,,0638,WSGI,proposed,not_ready_to_bill,each,6.81,8/10/26 16:23,8/10/26 16:23,,n/a,n/a,n/a,jun Fan,Molecular Genomics Workspace,no invoice,,,,,74881870,No status set,,Instrument Charges,N/A,,,,,,3986
MGW-MJ-5689,Project Request,561156,Murukarthick Jayakodi,,"Jayakodi, Murukarthick (TAMU) Lab",,Texas A&M University,QC Femto Pluse - Consumables,,0638,WSGI,proposed,not_ready_to_bill,each,81.62,8/10/26 16:23,8/10/26 16:23,,n/a,n/a,n/a,jun Fan,Molecular Genomics Workspace,no invoice,,,,,74881876,No status set,,QC - Consumables,N/A,,,,,,3986
MGW-MJ-5689,Project Request,564524,Murukarthick Jayakodi,,"Jayakodi, Murukarthick (TAMU) Lab",,Texas A&M University,PacBio-Revio HiFi Whole Genome library - Consumables ,,0638,WSGI,proposed,not_ready_to_bill,each,1000,8/10/26 16:23,8/10/26 16:23,,n/a,n/a,n/a,jun Fan,Molecular Genomics Workspace,no invoice,,,,,74881885,No status set,,PacBio Consumables,N/A,,,,,,3986
MGW-MJ-5689,Project Request,563404,Murukarthick Jayakodi,,"Jayakodi, Murukarthick (TAMU) Lab",,Texas A&M University,PacBio-Revio SMRTcell sequencing - Consumables ,,0638,WSGI,proposed,not_ready_to_bill,each,2180,8/10/26 16:23,8/10/26 16:23,,n/a,n/a,n/a,jun Fan,Molecular Genomics Workspace,no invoice,,,,,74881887,No status set,,PacBio Consumables,N/A,,,,,,3986
MGW-MJ-5689,Project Request,559377,Murukarthick Jayakodi,,"Jayakodi, Murukarthick (TAMU) Lab",,Texas A&M University,Laboratory Technician,,0638,WSGI,proposed,not_ready_to_bill,hour,50,8/10/26 16:23,8/10/26 16:23,,n/a,n/a,n/a,jun Fan,Molecular Genomics Workspace,no invoice,,,,,74881890,No status set,,Laboratory Technician,N/A,,,,,,3986
MGW-MJ-5689,Project Request,559381,Murukarthick Jayakodi,,"Jayakodi, Murukarthick (TAMU) Lab",,Texas A&M University,PacBio Revio,,0638,WSGI,proposed,not_ready_to_bill,hour,696,8/10/26 16:24,8/10/26 16:24,,n/a,n/a,n/a,jun Fan,Molecular Genomics Workspace,no invoice,,,,,74881898,No status set,,Instrument Charges,N/A,,,,,,3986
MGW-NW-5522,Project Request,559373,Nathan Wood,Graduate Student,"Qin, Hongmin (TAMU) Lab",Biology,Texas A&M University,4200 TapeStation,,0638,WSGI,proposed,not_ready_to_bill,hour,14.4,4/20/26 09:57,4/20/26 09:57,,n/a,n/a,n/a,jun Fan,Molecular Genomics Workspace,no invoice,,,,,72090795,No status set,,Instrument Charges,N/A,,,,,,3986
MGW-NW-5522,Project Request,559377,Nathan Wood,Graduate Student,"Qin, Hongmin (TAMU) Lab",Biology,Texas A&M University,Laboratory Technician,,0638,WSGI,proposed,not_ready_to_bill,hour,210,4/20/26 09:57,4/20/26 09:57,,n/a,n/a,n/a,jun Fan,Molecular Genomics Workspace,no invoice,,,,,72090811,No status set,,Laboratory Technician,N/A,,,,,,3986
MGW-NW-5522,Project Request,559376,Nathan Wood,Graduate Student,"Qin, Hongmin (TAMU) Lab",Biology,Texas A&M University,Consumables,The reagent charge includes costs associated with both 16S rRNA and ITS library preparation.,0638,WSGI,proposed,not_ready_to_bill,each,309.48,4/20/26 15:16,4/20/26 15:16,,n/a,n/a,n/a,jun Fan,Molecular Genomics Workspace,no invoice,,,,,72108939,No status set,,Consumables,N/A,,,,,,3986
MGW-NW-5522,Project Request,559383,Nathan Wood,Graduate Student,"Qin, Hongmin (TAMU) Lab",Biology,Texas A&M University,Illumina MiSeq,,0638,WSGI,proposed,not_ready_to_bill,hour,520,4/20/26 15:16,4/20/26 15:16,,n/a,n/a,n/a,jun Fan,Molecular Genomics Workspace,no invoice,,,,,72108982,No status set,,Instrument Charges,N/A,,,,,,3986
MGW-NW-5522,Project Request,561224,Nathan Wood,Graduate Student,"Qin, Hongmin (TAMU) Lab",Biology,Texas A&M University,"MiSeq Reagent Nano Kit, v2 (500 cycles)",,0638,WSGI,proposed,not_ready_to_bill,each,521.4,4/20/26 15:17,4/20/26 15:17,,n/a,n/a,n/a,jun Fan,Molecular Genomics Workspace,no invoice,,,,,72109004,No status set,,Sequencing (MiSeq) - Consumables,N/A,,,,,,3986
MGW-NW-5522,Project Request,561163,Nathan Wood,Graduate Student,"Qin, Hongmin (TAMU) Lab",Biology,Texas A&M University,Qiagen MagAttract PowerSoil DNA EP Kit (384),,0638,WSGI,proposed,not_ready_to_bill,each,94.38,4/20/26 15:26,4/20/26 15:26,,n/a,n/a,n/a,jun Fan,Molecular Genomics Workspace,no invoice,,,,,72109777,No status set,,DNA-RNA-Isolation - Consumable,N/A,,,,,,3986
MGW-NA-5381,Equipment Scheduling,297786,Neha Ahuja,,"Menet, Jerome (TAMU) Lab",Biology,Texas A&M University,Genomic  DNA Usage (per sample),,0638,WSGI,completed,billing_initialized,each,40.8,12/15/25 11:35,12/10/25 16:23,12/15/25 12:53,12/18/25 16:35,12/19/25 03:00,12/18/25 23:59,Paola Galvan,Molecular Genomics Workspace,MGW-5607177,,,,,69142032,No status set,,Self Service - TapeStation/Bioanalyzer,N/A,,,,,,3986
MGW-NA-5381,Equipment Scheduling,295966,Neha Ahuja,,"Menet, Jerome (TAMU) Lab",Biology,Texas A&M University,"Tape Station (Agilent) (Tape Station (Agilent)) | Wednesday, December 10",,0638,WSGI,completed,billing_initialized,hour,12,12/15/25 12:53,12/10/25 16:23,12/15/25 12:53,12/18/25 16:35,12/19/25 03:00,12/18/25 23:59,Paola Galvan,Molecular Genomics Workspace,MGW-5607177,,,,,69147075,No status set,,Molecular Biology,Self-Use,,,,,,3986
MGW-NA-5581,Equipment Scheduling,297786,Neha Ahuja,,"Menet, Jerome (TAMU) Lab",Biology,Texas A&M University,Genomic  DNA Usage (per sample),,0638,WSGI,completed,billing_initialized,each,27.2,5/6/26 16:45,5/1/26 14:01,5/21/26 15:53,5/27/26 16:32,5/28/26 03:00,5/27/26 23:59,Paola Galvan,Molecular Genomics Workspace,MGW-5910821,,,,,72579906,No status set,,Self Service - TapeStation/Bioanalyzer,N/A,,,,,,3986
MGW-NA-5579,Equipment Scheduling,297786,Neha Ahuja,,"Menet, Jerome (TAMU) Lab",Biology,Texas A&M University,Genomic  DNA Usage (per sample),,0638,WSGI,completed,billing_initialized,each,40.8,5/6/26 16:45,4/28/26 16:29,5/21/26 15:52,5/27/26 16:32,5/28/26 03:00,5/27/26 23:59,Paola Galvan,Molecular Genomics Workspace,MGW-5910821,,,,,72579926,No status set,,Self Service - TapeStation/Bioanalyzer,N/A,,,,,,3986
MGW-NA-5579,Equipment Scheduling,295966,Neha Ahuja,,"Menet, Jerome (TAMU) Lab",Biology,Texas A&M University,"Tape Station (Agilent) (Tape Station (Agilent)) | Tuesday, April 28",,0638,WSGI,completed,billing_initialized,hour,17,5/21/26 15:52,4/28/26 16:29,5/21/26 15:52,5/27/26 16:32,5/28/26 03:00,5/27/26 23:59,Paola Galvan,Molecular Genomics Workspace,MGW-5910821,,,,,72915516,No status set,,Molecular Biology,Self-Use,,,,,,3986
MGW-NA-5581,Equipment Scheduling,295966,Neha Ahuja,,"Menet, Jerome (TAMU) Lab",Biology,Texas A&M University,"Tape Station (Agilent) (Tape Station (Agilent)) | Friday, May 01",,0638,WSGI,completed,billing_initialized,hour,27,5/21/26 15:53,5/1/26 14:01,5/21/26 15:53,5/27/26 16:32,5/28/26 03:00,5/27/26 23:59,Paola Galvan,Molecular Genomics Workspace,MGW-5910821,,,,,72915533,No status set,,Molecular Biology,Self-Use,,,,,,3986
MGW-NA-5581,Equipment Scheduling,297786,Neha Ahuja,,"Menet, Jerome (TAMU) Lab",Biology,Texas A&M University,Genomic  DNA Usage (per sample) - Consumables,,0638,WSGI,completed,billing_initialized,each,13.6,5/21/26 16:14,5/19/26 14:56,5/21/26 16:15,5/27/26 16:32,5/28/26 03:00,5/27/26 23:59,Paola Galvan,Molecular Genomics Workspace,MGW-5910821,,,,,72916198,No status set,,Self Service - TapeStation/Bioanalyzer,N/A,,,,,,3986
MGW-NA-5581,Equipment Scheduling,295966,Neha Ahuja,,"Menet, Jerome (TAMU) Lab",Biology,Texas A&M University,"Tape Station (Agilent) (Tape Station (Agilent)) | Tuesday, May 19",,0638,WSGI,completed,billing_initialized,hour,12,5/21/26 16:15,5/19/26 14:56,5/21/26 16:15,5/27/26 16:32,5/28/26 03:00,5/27/26 23:59,Paola Galvan,Molecular Genomics Workspace,MGW-5910821,,,,,72916224,No status set,,Molecular Biology,Self-Use,,,,,,3986
MGW-NA-5581,Equipment Scheduling,295966,Neha Ahuja,,"Menet, Jerome (TAMU) Lab",Biology,Texas A&M University,"Tape Station (Agilent) (Tape Station (Agilent)) | Monday, May 18 (cancellation)",,0638,WSGI,completed,not_billable,hour,0,5/21/26 16:17,5/18/26 16:30,5/21/26 16:17,5/27/26 16:32,5/28/26 03:00,5/27/26 23:59,Paola Galvan,Molecular Genomics Workspace,MGW-5910821,Cancellation,,,,72916278,No status set,,Molecular Biology,Self-Use,,,,,,3986
MGW-NA-5652,Equipment Scheduling,297789,Neha Ahuja,,"Menet, Jerome (TAMU) Lab",Biology,Texas A&M University,DNA HS D1000  Usage (per sample) - Consumables,,0638,WSGI,completed,billing_initialized,each,63,6/26/26 16:16,6/26/26 16:00,7/27/26 12:49,7/27/26 14:09,7/28/26 03:05,7/27/26 23:59,Paola Galvan,Molecular Genomics Workspace,MGW-6028622,,,,,73784032,No status set,,Self Service - TapeStation/Bioanalyzer,N/A,,,,,,3986
MGW-NA-5643,Project Request,559373,Neha Ahuja,,"Menet, Jerome (TAMU) Lab",Biology,Texas A&M University,4200 TapeStation,,0638,WSGI,completed,billing_initialized,hour,2.4,7/16/26 11:42,7/16/26 11:42,8/20/26 10:24,8/24/26 15:43,8/25/26 03:05,8/24/26 23:59,jun Fan,Molecular Genomics Workspace,MGW-6084213,,,,,74264457,No status set,,Instrument Charges,N/A,,,,,,3986
MGW-NA-5643,Project Request,559371,Neha Ahuja,,"Menet, Jerome (TAMU) Lab",Biology,Texas A&M University,NextSeq 2000 Sequencing System (S/N VH00580),,0638,WSGI,completed,billing_initialized,each,250,7/16/26 11:42,7/16/26 11:42,8/20/26 10:24,8/24/26 15:43,8/25/26 03:05,8/24/26 23:59,jun Fan,Molecular Genomics Workspace,MGW-6084213,,,,,74264468,No status set,,Instrument Charges,N/A,,,,,,3986
MGW-NA-5643,Project Request,559377,Neha Ahuja,,"Menet, Jerome (TAMU) Lab",Biology,Texas A&M University,Laboratory Technician,,0638,WSGI,completed,billing_initialized,hour,25,7/16/26 11:42,7/16/26 11:42,8/20/26 10:24,8/24/26 15:43,8/25/26 03:05,8/24/26 23:59,jun Fan,Molecular Genomics Workspace,MGW-6084213,,,,,74264479,No status set,,Laboratory Technician,N/A,,,,,,3986
MGW-NA-5643,Project Request,561153,Neha Ahuja,,"Menet, Jerome (TAMU) Lab",Biology,Texas A&M University,QC Client-prepared Library - Consumables,,0638,WSGI,completed,billing_initialized,each,31.28,7/16/26 11:42,7/16/26 11:42,8/20/26 10:24,8/24/26 15:43,8/25/26 03:05,8/24/26 23:59,jun Fan,Molecular Genomics Workspace,MGW-6084213,,,,,74264489,No status set,,QC - Consumables,N/A,,,,,,3986
MGW-NA-5643,Project Request,561241,Neha Ahuja,,"Menet, Jerome (TAMU) Lab",Biology,Texas A&M University,NextSeq 2000 P1 XLEAP-SBS Reagent Kit (600 cycles) - Consumables,,0638,WSGI,completed,billing_initialized,each,1722.6,7/16/26 11:42,7/16/26 11:42,8/20/26 10:24,8/24/26 15:43,8/25/26 03:05,8/24/26 23:59,jun Fan,Molecular Genomics Workspace,MGW-6084213,,,,,74264502,No status set,,Sequencing (NextSeq 2000) - Consumables,N/A,,,,,,3986
MGW-NA-5652,Equipment Scheduling,295966,Neha Ahuja,,"Menet, Jerome (TAMU) Lab",Biology,Texas A&M University,"Tape Station (Agilent) (Tape Station (Agilent)) | Friday, June 26",,0638,WSGI,completed,billing_initialized,hour,15,7/27/26 12:49,6/26/26 16:00,7/27/26 12:49,7/27/26 14:09,7/28/26 03:05,7/27/26 23:59,Paola Galvan,Molecular Genomics Workspace,MGW-6028622,,,,,74479086,No status set,,Molecular Biology,Self-Use,,,,,,3986
MGW-NA-5655,Equipment Scheduling,297789,Neha Ahuja,,"Menet, Jerome (TAMU) Lab",Biology,Texas A&M University,DNA HS D1000  Usage (per sample) - Consumables,,0638,WSGI,completed,billing_initialized,each,42,7/27/26 12:50,7/2/26 15:58,7/27/26 12:51,7/27/26 14:09,7/28/26 03:05,7/27/26 23:59,Paola Galvan,Molecular Genomics Workspace,MGW-6028622,,,,,74479157,No status set,,Self Service - TapeStation/Bioanalyzer,N/A,,,,,,3986
MGW-NA-5655,Equipment Scheduling,295966,Neha Ahuja,,"Menet, Jerome (TAMU) Lab",Biology,Texas A&M University,"Tape Station (Agilent) (Tape Station (Agilent)) | Thursday, July 02",,0638,WSGI,completed,billing_initialized,hour,55,7/27/26 12:51,7/2/26 15:58,7/27/26 12:51,7/27/26 14:09,7/28/26 03:05,7/27/26 23:59,Paola Galvan,Molecular Genomics Workspace,MGW-6028622,,,,,74479231,No status set,,Molecular Biology,Self-Use,,,,,,3986
MGW-NT-5372,Project Request,561180,Neha Tyagi,Research Associate,"Damodaran, Chendil (TAMU) Lab",,Texas A&M University,Single Cell QC Mixi GO II ,,0638,WSGI,proposed,not_ready_to_bill,each,67.04,12/17/25 11:31,12/17/25 11:31,,n/a,n/a,n/a,Sarah Sharpton,Molecular Genomics Workspace,no invoice,,,,,69201295,No status set,,Single Cell-Visuim QC-Isolation - Consumables,N/A,,,,,,3986
MGW-NT-5372,Project Request,561181,Neha Tyagi,Research Associate,"Damodaran, Chendil (TAMU) Lab",,Texas A&M University,Single Cell QC Trypan Blue ,,0638,WSGI,proposed,not_ready_to_bill,each,27.08,12/17/25 11:31,12/17/25 11:31,,n/a,n/a,n/a,Sarah Sharpton,Molecular Genomics Workspace,no invoice,,,,,69201297,No status set,,Single Cell-Visuim QC-Isolation - Consumables,N/A,,,,,,3986
MGW-NT-5372,Project Request,561269,Neha Tyagi,Research Associate,"Damodaran, Chendil (TAMU) Lab",,Texas A&M University,Chromium GEM-X Single Cell 5ʹ Kit v3,,0638,WSGI,proposed,not_ready_to_bill,each,7578.2,12/17/25 11:32,12/17/25 11:32,,n/a,n/a,n/a,Sarah Sharpton,Molecular Genomics Workspace,no invoice,,,,,69201317,No status set,,Single Cell Library Preparation - Consumables,N/A,,,,,,3986
MGW-NT-5372,Project Request,561270,Neha Tyagi,Research Associate,"Damodaran, Chendil (TAMU) Lab",,Texas A&M University,Chromium GEM-X Single Cell 5ʹ Chip Kit v3,,0638,WSGI,proposed,not_ready_to_bill,each,343.75,12/17/25 11:32,12/17/25 11:32,,n/a,n/a,n/a,Sarah Sharpton,Molecular Genomics Workspace,no invoice,,,,,69201322,No status set,,Single Cell Library Preparation - Consumables,N/A,,,,,,3986
MGW-NT-5372,Project Request,561152,Neha Tyagi,Research Associate,"Damodaran, Chendil (TAMU) Lab",,Texas A&M University,QC Core-prepared Library,,0638,WSGI,proposed,not_ready_to_bill,each,169.6,12/17/25 11:33,12/17/25 11:33,,n/a,n/a,n/a,Sarah Sharpton,Molecular Genomics Workspace,no invoice,,,,,69201344,No status set,,QC - Consumables,N/A,,,,,,3986
MGW-NT-5372,Project Request,559373,Neha Tyagi,Research Associate,"Damodaran, Chendil (TAMU) Lab",,Texas A&M University,4200 TapeStation,,0638,WSGI,proposed,not_ready_to_bill,hour,14.4,12/17/25 11:34,12/17/25 11:34,,n/a,n/a,n/a,Sarah Sharpton,Molecular Genomics Workspace,no invoice,,,,,69201377,No status set,,Instrument Charges,N/A,,,,,,3986
MGW-NT-5372,Project Request,559389,Neha Tyagi,Research Associate,"Damodaran, Chendil (TAMU) Lab",,Texas A&M University,Chromium iX/X,,0638,WSGI,proposed,not_ready_to_bill,hour,60,12/17/25 11:34,12/17/25 11:34,,n/a,n/a,n/a,Sarah Sharpton,Molecular Genomics Workspace,no invoice,,,,,69201397,No status set,,Instrument Charges,N/A,,,,,,3986
MGW-NT-5372,Project Request,559371,Neha Tyagi,Research Associate,"Damodaran, Chendil (TAMU) Lab",,Texas A&M University,NextSeq 2000 Sequencing System (S/N VH00580),,0638,WSGI,proposed,not_ready_to_bill,each,250,12/17/25 11:34,12/17/25 11:34,,n/a,n/a,n/a,Sarah Sharpton,Molecular Genomics Workspace,no invoice,,,,,69201410,No status set,,Instrument Charges,N/A,,,,,,3986
MGW-NT-5372,Project Request,559377,Neha Tyagi,Research Associate,"Damodaran, Chendil (TAMU) Lab",,Texas A&M University,Laboratory Technician,,0638,WSGI,proposed,not_ready_to_bill,hour,700,12/17/25 11:36,12/17/25 11:36,,n/a,n/a,n/a,Sarah Sharpton,Molecular Genomics Workspace,no invoice,,,,,69201479,No status set,,Laboratory Technician,N/A,,,,,,3986
MGW-NT-5372,Project Request,562323,Neha Tyagi,Research Associate,"Damodaran, Chendil (TAMU) Lab",,Texas A&M University,Chromium Single Cell Human/Mouse TCR Amplification Kit,,0638,WSGI,proposed,not_ready_to_bill,each,163,12/17/25 11:42,12/17/25 11:42,,n/a,n/a,n/a,Sarah Sharpton,Molecular Genomics Workspace,no invoice,,,,,69201886,No status set,,Single Cell Library Preparation - Consumables,N/A,,,,,,3986
MGW-NT-5372,Project Request,561262,Neha Tyagi,Research Associate,"Damodaran, Chendil (TAMU) Lab",,Texas A&M University,NextSeq 2000 P4 XLEAP-SBS Reagent Kit (100 cycles),,0638,WSGI,proposed,not_ready_to_bill,each,2970,12/18/25 14:41,12/18/25 14:41,,n/a,n/a,n/a,Sarah Sharpton,Molecular Genomics Workspace,no invoice,,,,,69244816,No status set,,Sequencing (NextSeq 2000) - Consumables,N/A,,,,,,3986
MGW-ND-5266,Equipment Scheduling,297792,Nichele Deese,,"Hagler, Lauren (TAMU) Lab",,Texas A&M University,RNA Standard  Usage (per sample),,0638,WSGI,completed,billing_initialized,each,28.2,9/12/25 16:13,9/10/25 11:09,9/26/25 13:24,9/29/25 16:12,9/30/25 03:00,9/29/25 23:59,Paola Galvan,Molecular Genomics Workspace,MGW-5434228,,,,,66758684,No status set,,Self Service - TapeStation/Bioanalyzer,N/A,,,,,,3986
MGW-ND-5266,Equipment Scheduling,295966,Nichele Deese,,"Hagler, Lauren (TAMU) Lab",,Texas A&M University,"Tape Station (Agilent) (Tape Station (Agilent)) | Wednesday, September 10",,0638,WSGI,completed,billing_initialized,hour,0,9/26/25 13:24,9/10/25 11:09,9/26/25 13:24,9/29/25 16:12,9/30/25 03:00,9/29/25 23:59,Paola Galvan,Molecular Genomics Workspace,MGW-5434228,,,,,67081345,No status set,,Molecular Biology,Self-Use,,,,,,3986
MGW-ND-5350,Equipment Scheduling,297792,Nichele Deese,,"Hagler, Lauren (TAMU) Lab",,Texas A&M University,RNA Standard  Usage (per sample),,0638,WSGI,completed,billing_initialized,each,23.5,11/20/25 11:14,11/7/25 16:26,11/20/25 11:16,11/25/25 10:28,11/26/25 03:00,11/25/25 23:59,Paola Galvan,Molecular Genomics Workspace,MGW-5554540,,,,,68558742,No status set,,Self Service - TapeStation/Bioanalyzer,N/A,,,,,,3986
MGW-ND-5344,Equipment Scheduling,297792,Nichele Deese,,"Hagler, Lauren (TAMU) Lab",,Texas A&M University,RNA Standard  Usage (per sample),,0638,WSGI,completed,billing_initialized,each,47,11/20/25 11:15,10/30/25 15:59,11/20/25 11:16,11/25/25 10:28,11/26/25 03:00,11/25/25 23:59,Paola Galvan,Molecular Genomics Workspace,MGW-5554540,,,,,68558761,No status set,,Self Service - TapeStation/Bioanalyzer,N/A,,,,,,3986
MGW-ND-5344,Equipment Scheduling,295966,Nichele Deese,,"Hagler, Lauren (TAMU) Lab",,Texas A&M University,"Tape Station (Agilent) (Tape Station (Agilent)) | Thursday, October 30",,0638,WSGI,completed,billing_initialized,hour,0,11/20/25 11:16,10/30/25 15:59,11/20/25 11:16,11/25/25 10:28,11/26/25 03:00,11/25/25 23:59,Paola Galvan,Molecular Genomics Workspace,MGW-5554540,,,,,68558772,No status set,,Molecular Biology,Self-Use,,,,,,3986
MGW-ND-5350,Equipment Scheduling,295966,Nichele Deese,,"Hagler, Lauren (TAMU) Lab",,Texas A&M University,"Tape Station (Agilent) (Tape Station (Agilent)) | Friday, November 07",,0638,WSGI,completed,billing_initialized,hour,0,11/20/25 11:16,11/7/25 16:26,11/20/25 11:16,11/25/25 10:28,11/26/25 03:00,11/25/25 23:59,Paola Galvan,Molecular Genomics Workspace,MGW-5554540,,,,,68558810,No status set,,Molecular Biology,Self-Use,,,,,,3986
MGW-ND-5383,Equipment Scheduling,297787,Nichele Deese,,"Hagler, Lauren (TAMU) Lab",,Texas A&M University,DNA D1000 Usage (per sample),,0638,WSGI,completed,billing_initialized,each,16.2,12/2/25 15:33,12/2/25 16:22,12/15/25 15:40,12/18/25 16:34,12/19/25 03:00,12/18/25 23:59,Paola Galvan,Molecular Genomics Workspace,MGW-5607174,,,,,68828274,No status set,,Self Service - TapeStation/Bioanalyzer,N/A,,,,,,3986
MGW-ND-5383,Equipment Scheduling,295966,Nichele Deese,,"Hagler, Lauren (TAMU) Lab",,Texas A&M University,"Tape Station (Agilent) (Tape Station (Agilent)) | Tuesday, December 02",,0638,WSGI,completed,billing_initialized,hour,26,12/15/25 15:40,12/2/25 16:22,12/15/25 15:40,12/18/25 16:34,12/19/25 03:00,12/18/25 23:59,Paola Galvan,Molecular Genomics Workspace,MGW-5607174,,,,,69158209,No status set,,Molecular Biology,Self-Use,,,,,,3986
MGW-ND-5451,Equipment Scheduling,297787,Nichele Deese,,"Hagler, Lauren (TAMU) Lab",,Texas A&M University,DNA D1000 Usage (per sample),,0638,WSGI,completed,billing_initialized,each,32.4,1/30/26 15:49,1/30/26 14:09,2/20/26 12:05,2/20/26 12:25,2/21/26 03:00,2/20/26 23:59,Paola Galvan,Molecular Genomics Workspace,MGW-5720446,,,,,70084985,No status set,,Self Service - TapeStation/Bioanalyzer,N/A,,,,,,3986
MGW-ND-5451,Equipment Scheduling,295966,Nichele Deese,,"Hagler, Lauren (TAMU) Lab",,Texas A&M University,"Tape Station (Agilent) (Tape Station (Agilent)) | Friday, January 30",,0638,WSGI,completed,billing_initialized,hour,26,2/20/26 12:05,1/30/26 14:09,2/20/26 12:05,2/20/26 12:25,2/21/26 03:00,2/20/26 23:59,Paola Galvan,Molecular Genomics Workspace,MGW-5720446,,,,,70600749,No status set,,Molecular Biology,Self-Use,,,,,,3986
MGW-ND-5665,Equipment Scheduling,295966,Nichele Deese,,"Hagler, Lauren (TAMU) Lab",,Texas A&M University,"Tape Station (Agilent) (Tape Station (Agilent)) | Friday, July 10",Bringing a lab mate that needs training and account approval,0638,WSGI,completed,billing_initialized,hour,16,7/27/26 12:58,7/10/26 12:53,7/27/26 12:58,7/27/26 14:09,7/28/26 03:05,7/27/26 23:59,Paola Galvan,Molecular Genomics Workspace,MGW-6028634,,,,,74479571,No status set,,Molecular Biology,Self-Use,,,,,,3986
MGW-ND-5665,Equipment Scheduling,297787,Nichele Deese,,"Hagler, Lauren (TAMU) Lab",,Texas A&M University,DNA D1000 Usage (per sample) - Consumables,,0638,WSGI,completed,billing_initialized,each,10.8,7/27/26 12:59,7/27/26 12:59,7/27/26 12:59,7/27/26 14:09,7/28/26 03:05,7/27/26 23:59,Paola Galvan,Molecular Genomics Workspace,MGW-6028634,,,,,74479617,No status set,,Self Service - TapeStation/Bioanalyzer,N/A,,,,,,3986
MGW-ND-5665,Equipment Scheduling,297792,Nichele Deese,,"Hagler, Lauren (TAMU) Lab",,Texas A&M University,RNA Standard  Usage (per sample) - Consumables,,0638,WSGI,completed,billing_initialized,each,44,7/27/26 13:00,7/10/26 13:09,7/27/26 13:01,7/27/26 14:09,7/28/26 03:05,7/27/26 23:59,Paola Galvan,Molecular Genomics Workspace,MGW-6028634,,,,,74479640,No status set,,Self Service - TapeStation/Bioanalyzer,N/A,,,,,,3986
MGW-ND-5665,Equipment Scheduling,295966,Nichele Deese,,"Hagler, Lauren (TAMU) Lab",,Texas A&M University,"Tape Station (Agilent) (Tape Station (Agilent)) | Friday, July 10",,0638,WSGI,completed,billing_initialized,hour,63,7/27/26 13:01,7/10/26 13:09,7/27/26 13:01,7/27/26 14:09,7/28/26 03:05,7/27/26 23:59,Paola Galvan,Molecular Genomics Workspace,MGW-6028634,,,,,74479708,No status set,,Molecular Biology,Self-Use,,,,,,3986
MGW-NW-5276,Equipment Scheduling,526138,Nicholas Wolff,,Molecular Genomics (TAMU) Lab,,Texas A&M University,"CFX OPUS qPCR System (Bio-Rad) - REYN 471 (Dx 96; R2D2 (REYN 471)) | Tuesday, September 16",,0638,WSGI,completed,billing_initialized,hour,0,9/29/25 10:30,9/16/25 11:00,9/29/25 10:30,9/29/25 16:12,9/30/25 03:00,9/29/25 23:59,Paola Galvan,Molecular Genomics Workspace,MGW-5434250,,,,,67115063,No status set,,Molecular Biology,Self-Use,,,,,,3986
MGW-NW-5276,Equipment Scheduling,526138,Nicholas Wolff,,Molecular Genomics (TAMU) Lab,,Texas A&M University,"CFX OPUS qPCR System (Bio-Rad) - REYN 471 (Dx 96; R2D2 (REYN 471)) | Wednesday, September 17",,0638,WSGI,completed,billing_initialized,hour,0,9/29/25 10:30,9/17/25 14:15,9/29/25 10:30,9/29/25 16:12,9/30/25 03:00,9/29/25 23:59,Paola Galvan,Molecular Genomics Workspace,MGW-5434250,,,,,67115069,No status set,,Molecular Biology,Self-Use,,,,,,3986
MGW-NW-5276,Equipment Scheduling,292905,Nicholas Wolff,,Molecular Genomics (TAMU) Lab,,Texas A&M University,"CFX Real-Time System (Bio-Rad) - REYN (CFX384 Real-Time System (Bio-Rad) GNK) | Wednesday, September 24",,0638,WSGI,completed,billing_initialized,hour,0,9/29/25 10:30,9/24/25 13:13,9/29/25 10:30,9/29/25 16:12,9/30/25 03:00,9/29/25 23:59,Paola Galvan,Molecular Genomics Workspace,MGW-5434250,,,,,67115072,No status set,,Molecular Biology,Staff:NoCharge,,,,,,3986
MGW-NW-5276,Equipment Scheduling,526138,Nicholas Wolff,,Molecular Genomics (TAMU) Lab,,Texas A&M University,"CFX OPUS qPCR System (Bio-Rad) - REYN 471 (Dx 96; R2D2 (REYN 471)) | Thursday, September 25",,0638,WSGI,completed,billing_initialized,hour,0,9/29/25 10:30,9/25/25 14:00,9/29/25 10:30,9/29/25 16:12,9/30/25 03:00,9/29/25 23:59,Paola Galvan,Molecular Genomics Workspace,MGW-5434250,,,,,67115075,No status set,,Molecular Biology,Self-Use,,,,,,3986
MGW-NW-5276,Equipment Scheduling,295966,Nicholas Wolff,,Molecular Genomics (TAMU) Lab,,Texas A&M University,"Tape Station (Agilent) (Tape Station (Agilent)) | Tuesday, September 30",Loni Taylor N36 samples,0638,WSGI,completed,billing_initialized,hour,0,10/27/25 10:29,9/30/25 14:21,10/27/25 10:29,10/28/25 16:51,10/31/25 03:00,10/28/25 23:59,Paola Galvan,Molecular Genomics Workspace,MGW-5492189,,,,,67835238,No status set,,Molecular Biology,Staff:NoCharge,,,,,,3986
MGW-NW-5315,Equipment Scheduling,295966,Nicholas Wolff,,Molecular Genomics (TAMU) Lab,,Texas A&M University,"Tape Station (Agilent) (Tape Station (Agilent)) | Thursday, October 02",,0638,WSGI,completed,billing_initialized,hour,0,10/27/25 10:29,10/2/25 12:33,10/27/25 10:29,10/28/25 16:51,10/31/25 03:00,10/28/25 23:59,Paola Galvan,Molecular Genomics Workspace,MGW-5492189,,,,,67835251,No status set,,Molecular Biology,Staff:NoCharge,,,,,,3986
MGW-NW-5315,Equipment Scheduling,292905,Nicholas Wolff,,Molecular Genomics (TAMU) Lab,,Texas A&M University,"CFX Real-Time System (Bio-Rad) - REYN (CFX384 Real-Time System (Bio-Rad) GNK) | Monday, October 06",,0638,WSGI,completed,billing_initialized,hour,0,10/27/25 10:29,10/6/25 15:45,10/27/25 10:29,10/28/25 16:51,10/31/25 03:00,10/28/25 23:59,Paola Galvan,Molecular Genomics Workspace,MGW-5492189,,,,,67835255,No status set,,Molecular Biology,Staff:NoCharge,,,,,,3986
MGW-NW-5419,Equipment Scheduling,295966,Nicholas Wolff,,Molecular Genomics (TAMU) Lab,,Texas A&M University,"Tape Station (Agilent) (Tape Station (Agilent)) | Wednesday, January 07",QC check Gentry Pool 4,0638,WSGI,completed,billing_initialized,hour,0,1/28/26 10:49,1/7/26 12:50,1/28/26 10:49,1/28/26 11:03,1/29/26 03:00,1/28/26 23:59,Paola Galvan,Molecular Genomics Workspace,MGW-5668385,,,,,69986683,No status set,,Molecular Biology,Staff:NoCharge,,,,,,3986
MGW-NW-5430,Equipment Scheduling,292905,Nicholas Wolff,,Molecular Genomics (TAMU) Lab,,Texas A&M University,"CFX Real-Time System 384 well (Bio-Rad) - REYN (CFX384 Real-Time System (Bio-Rad) GNK) | Monday, February 02",Neuman COVID concentrated Pool,0638,WSGI,completed,billing_initialized,hour,0,2/2/26 13:29,2/2/26 02:15,2/2/26 13:29,2/20/26 12:25,2/21/26 03:00,2/20/26 23:59,Nicholas Wolff,Molecular Genomics Workspace,MGW-5720448,,,,,70132511,No status set,,Molecular Biology,Staff:NoCharge,,,,,,3986
MGW-NW-5544,Equipment Scheduling,295966,Nicholas Wolff,,Molecular Genomics (TAMU) Lab,,Texas A&M University,"Tape Station (Agilent) (Tape Station (Agilent)) | Tuesday, March 31",Alynn Martin MGW_AM_5346.  gDNA QC,0638,WSGI,completed,billing_initialized,hour,0,4/23/26 13:32,3/31/26 12:00,4/23/26 13:32,4/24/26 16:20,4/25/26 03:00,4/24/26 23:59,Paola Galvan,Molecular Genomics Workspace,MGW-5846969,,,,,72193726,No status set,,Molecular Biology,Staff:NoCharge,,,,,,3986
MGW-NW-5672,Equipment Scheduling,295966,Nicholas Wolff,,Molecular Genomics (TAMU) Lab,,Texas A&M University,"Tape Station (Agilent) (Tape Station (Agilent)) | Thursday, July 16",AF-5620_Wickersham,0638,WSGI,completed,billing_initialized,hour,0,7/27/26 13:31,7/16/26 13:04,7/27/26 13:31,7/27/26 14:09,7/28/26 03:05,7/27/26 23:59,Paola Galvan,Molecular Genomics Workspace,MGW-6028637,,,,,74481173,No status set,,Molecular Biology,Staff:NoCharge,,,,,,3986
MGW-NW-5672,Equipment Scheduling,295966,Nicholas Wolff,,Molecular Genomics (TAMU) Lab,,Texas A&M University,"Tape Station (Agilent) (Tape Station (Agilent)) | Tuesday, July 21",,0638,WSGI,completed,billing_initialized,hour,0,7/27/26 13:31,7/21/26 15:12,7/27/26 13:31,7/27/26 14:09,7/28/26 03:05,7/27/26 23:59,Paola Galvan,Molecular Genomics Workspace,MGW-6028637,,,,,74481180,No status set,,Molecular Biology,Staff:NoCharge,,,,,,3986
MGW-NW-5672,Equipment Scheduling,295966,Nicholas Wolff,,Molecular Genomics (TAMU) Lab,,Texas A&M University,"Tape Station (Agilent) (Tape Station (Agilent)) | Friday, July 24",16SV6V8 Wickersham Final Library,0638,WSGI,completed,billing_initialized,hour,0,7/27/26 13:31,7/24/26 12:11,7/27/26 13:31,7/27/26 14:09,7/28/26 03:05,7/27/26 23:59,Paola Galvan,Molecular Genomics Workspace,MGW-6028637,,,,,74481185,No status set,,Molecular Biology,Staff:NoCharge,,,,,,3986
MGW-NW-5672,Equipment Scheduling,295966,Nicholas Wolff,,Molecular Genomics (TAMU) Lab,,Texas A&M University,"Tape Station (Agilent) (Tape Station (Agilent)) | Thursday, July 23",NW- TIGSS AF-5260 Wickersham DNA WatchMaker Library,0638,WSGI,completed,billing_initialized,hour,0,7/27/26 14:04,7/23/26 14:10,7/27/26 14:04,7/27/26 14:09,7/28/26 03:05,7/27/26 23:59,Paola Galvan,Molecular Genomics Workspace,MGW-6028637,,,,,74484604,No status set,,Molecular Biology,Staff:NoCharge,,,,,,3986
MGW-NS-5392,Project Request,561174,Nitya Shree,Post-Doctoral Fellow,"Choudhury, Mahua (TAMU) Lab",Pharmacy - Instruction,Texas A&M University,"Illumina Stranded Total RNA Prep, Ligation with Ribo-Zero Plus",,0638,WSGI,completed,billing_initialized,each,4544,1/5/26 16:33,1/5/26 16:33,1/9/26 16:26,1/20/26 13:24,1/21/26 03:00,1/16/26 23:59,jun Fan,Molecular Genomics Workspace,MGW-5658162,,,,,69477825,No status set,,RNA Library Preparation - Consumables,N/A,,,,,,3986
MGW-NS-5392,Project Request,561264,Nitya Shree,Post-Doctoral Fellow,"Choudhury, Mahua (TAMU) Lab",Pharmacy - Instruction,Texas A&M University,NextSeq 2000 P4 XLEAP-SBS Reagent Kit (200 cycles),,0638,WSGI,completed,billing_initialized,each,4199.8,1/5/26 16:34,1/5/26 16:34,1/9/26 16:26,1/20/26 13:24,1/21/26 03:00,1/16/26 23:59,jun Fan,Molecular Genomics Workspace,MGW-5658162,,,,,69477839,No status set,,Sequencing (NextSeq 2000) - Consumables,N/A,,,,,,3986
MGW-NS-5392,Project Request,561151,Nitya Shree,Post-Doctoral Fellow,"Choudhury, Mahua (TAMU) Lab",Pharmacy - Instruction,Texas A&M University,QC RNA,including Qubit and Tapestaion,0638,WSGI,completed,billing_initialized,each,354,1/5/26 16:34,1/5/26 16:34,1/9/26 16:26,1/20/26 13:24,1/21/26 03:00,1/16/26 23:59,jun Fan,Molecular Genomics Workspace,MGW-5658162,,,,,69477848,No status set,,QC - Consumables,N/A,,,,,,3986
MGW-NS-5392,Project Request,559373,Nitya Shree,Post-Doctoral Fellow,"Choudhury, Mahua (TAMU) Lab",Pharmacy - Instruction,Texas A&M University,4200 TapeStation,Tapestation instrument running charge for RNA QC and library QC,0638,WSGI,completed,billing_initialized,hour,96,1/5/26 16:36,1/5/26 16:36,1/9/26 16:26,1/20/26 13:24,1/21/26 03:00,1/16/26 23:59,jun Fan,Molecular Genomics Workspace,MGW-5658162,,,,,69477872,No status set,,Instrument Charges,N/A,,,,,,3986
MGW-NS-5392,Project Request,559371,Nitya Shree,Post-Doctoral Fellow,"Choudhury, Mahua (TAMU) Lab",Pharmacy - Instruction,Texas A&M University,NextSeq 2000 Sequencing System (S/N VH00580),,0638,WSGI,completed,billing_initialized,each,250,1/5/26 16:36,1/5/26 16:36,1/9/26 16:26,1/20/26 13:24,1/21/26 03:00,1/16/26 23:59,jun Fan,Molecular Genomics Workspace,MGW-5658162,,,,,69477874,No status set,,Instrument Charges,N/A,,,,,,3986
MGW-NS-5392,Project Request,561152,Nitya Shree,Post-Doctoral Fellow,"Choudhury, Mahua (TAMU) Lab",Pharmacy - Instruction,Texas A&M University,QC Core-prepared Library,,0638,WSGI,completed,billing_initialized,each,848,1/5/26 16:36,1/5/26 16:36,1/9/26 16:26,1/20/26 13:24,1/21/26 03:00,1/16/26 23:59,jun Fan,Molecular Genomics Workspace,MGW-5658162,,,,,69477880,No status set,,QC - Consumables,N/A,,,,,,3986
MGW-NS-5392,Project Request,559377,Nitya Shree,Post-Doctoral Fellow,"Choudhury, Mahua (TAMU) Lab",Pharmacy - Instruction,Texas A&M University,Laboratory Technician,"The labor hours cover RNA QC, rRNA depletion, RNA-seq library preparation, and library QC. Charge was changed due to existing credit.",0638,WSGI,completed,billing_initialized,hour,0,1/5/26 16:36,1/5/26 16:36,1/9/26 16:26,1/20/26 13:24,1/21/26 03:00,1/16/26 23:59,jun Fan,Molecular Genomics Workspace,MGW-5658162,,,,,69477886,No status set,,Laboratory Technician,N/A,,,,,,3986
MGW-NS-5392,Project Request,559377,Nitya Shree,Post-Doctoral Fellow,"Choudhury, Mahua (TAMU) Lab",Pharmacy - Instruction,Texas A&M University,Laboratory Technician,The labor hours cover library loading for sequencing. Charge was changed due to existing credit.,0638,WSGI,completed,billing_initialized,hour,0,1/5/26 16:38,1/5/26 16:38,1/9/26 16:26,1/20/26 13:24,1/21/26 03:00,1/16/26 23:59,jun Fan,Molecular Genomics Workspace,MGW-5658162,,,,,69477968,No status set,,Laboratory Technician,N/A,,,,,,3986
MGW-NS-5393,Project Request,559371,Nitya Shree,Post-Doctoral Fellow,"Choudhury, Mahua (TAMU) Lab",Pharmacy - Instruction,Texas A&M University,NextSeq 2000 Sequencing System (S/N VH00580),,0638,WSGI,completed,billing_initialized,each,250,1/5/26 16:59,1/5/26 16:59,1/9/26 16:26,1/20/26 13:24,1/21/26 03:00,1/16/26 23:59,jun Fan,Molecular Genomics Workspace,MGW-5658162,,,,,69478477,No status set,,Instrument Charges,N/A,,,,,,3986
MGW-NS-5393,Project Request,561152,Nitya Shree,Post-Doctoral Fellow,"Choudhury, Mahua (TAMU) Lab",Pharmacy - Instruction,Texas A&M University,QC Core-prepared Library,Charge was changed due to existing credit.,0638,WSGI,completed,billing_initialized,each,628.8,1/5/26 16:59,1/5/26 16:59,1/9/26 16:26,1/20/26 13:24,1/21/26 03:00,1/16/26 23:59,jun Fan,Molecular Genomics Workspace,MGW-5658162,,,,,69478486,No status set,,QC - Consumables,N/A,,,,,,3986
MGW-NS-5393,Project Request,559376,Nitya Shree,Post-Doctoral Fellow,"Choudhury, Mahua (TAMU) Lab",Pharmacy - Instruction,Texas A&M University,Consumables,QiagenmiRNA UDI library reagents,0638,WSGI,completed,billing_initialized,each,6024,1/5/26 17:00,1/5/26 17:00,1/9/26 16:26,1/20/26 13:24,1/21/26 03:00,1/16/26 23:59,jun Fan,Molecular Genomics Workspace,MGW-5658162,,,,,69478492,No status set,,Consumables,N/A,,,,,,3986
MGW-NS-5393,Project Request,559377,Nitya Shree,Post-Doctoral Fellow,"Choudhury, Mahua (TAMU) Lab",Pharmacy - Instruction,Texas A&M University,Laboratory Technician,Charge was changed due to existing credit.,0638,WSGI,completed,billing_initialized,hour,0,1/5/26 17:00,1/5/26 17:00,1/9/26 16:26,1/20/26 13:24,1/21/26 03:00,1/16/26 23:59,jun Fan,Molecular Genomics Workspace,MGW-5658162,,,,,69478497,No status set,,Laboratory Technician,N/A,,,,,,3986
MGW-NS-5393,Project Request,561245,Nitya Shree,Post-Doctoral Fellow,"Choudhury, Mahua (TAMU) Lab",Pharmacy - Instruction,Texas A&M University,NextSeq 2000 P2 XLEAP-SBS Reagent Kit (100 cycles),,0638,WSGI,completed,billing_initialized,each,1201.15,1/5/26 17:00,1/5/26 17:00,1/9/26 16:26,1/20/26 13:24,1/21/26 03:00,1/16/26 23:59,jun Fan,Molecular Genomics Workspace,MGW-5658162,,,,,69478501,No status set,,Sequencing (NextSeq 2000) - Consumables,N/A,,,,,,3986
MGW-NS-5393,Project Request,559377,Nitya Shree,Post-Doctoral Fellow,"Choudhury, Mahua (TAMU) Lab",Pharmacy - Instruction,Texas A&M University,Laboratory Technician,Charge was changed due to existing credit.,0638,WSGI,completed,billing_initialized,hour,0,1/5/26 17:00,1/5/26 17:00,1/9/26 16:26,1/20/26 13:24,1/21/26 03:00,1/16/26 23:59,jun Fan,Molecular Genomics Workspace,MGW-5658162,,,,,69478509,No status set,,Laboratory Technician,N/A,,,,,,3986
MGW-NS-5393,Project Request,559373,Nitya Shree,Post-Doctoral Fellow,"Choudhury, Mahua (TAMU) Lab",Pharmacy - Instruction,Texas A&M University,4200 TapeStation,,0638,WSGI,completed,billing_initialized,hour,48,1/5/26 17:01,1/5/26 17:01,1/9/26 16:26,1/20/26 13:24,1/21/26 03:00,1/16/26 23:59,jun Fan,Molecular Genomics Workspace,MGW-5658162,,,,,69478519,No status set,,Instrument Charges,N/A,,,,,,3986
MGW-NC-5359,"NextGEM Single Cell  5' mRNA plus Immune Profiling Library Prep (per sample, 1-3 samples)",547908,Noah Cohen,Principal Investigator,"Cohen, Noah (TAMU ) Lab",Large Animal Clinical Sciences,Texas A&M University,PacBio-RNA Kinnex library --up to 8 samples,Kinnex library prepared using the Kinnex single cell RNA kit,0638,WSGI,completed,billing_initialized,each,800,11/20/25 10:31,11/20/25 10:31,6/22/26 10:15,6/25/26 11:44,7/6/26 17:14,6/25/26 23:59,jun Fan,Molecular Genomics Workspace,MGW-5970359,,,,,68556906,No status set,,Uncategorized - New in Progress,N/A,,,,,,3986
MGW-NC-5359,"NextGEM Single Cell  5' mRNA plus Immune Profiling Library Prep (per sample, 1-3 samples)",543493,Noah Cohen,Principal Investigator,"Cohen, Noah (TAMU ) Lab",Large Animal Clinical Sciences,Texas A&M University,PacBio-Revio SMRTcell sequencing,,0638,WSGI,completed,billing_initialized,each,1475,11/20/25 10:32,11/20/25 10:32,6/22/26 10:15,6/25/26 11:44,7/6/26 17:14,6/25/26 23:59,jun Fan,Molecular Genomics Workspace,MGW-5970359,,,,,68556936,No status set,,Uncategorized - New in Progress,N/A,,,,,,3986
MGW-NC-5359,"NextGEM Single Cell  5' mRNA plus Immune Profiling Library Prep (per sample, 1-3 samples)",0,Noah Cohen,Principal Investigator,"Cohen, Noah (TAMU ) Lab",Large Animal Clinical Sciences,Texas A&M University,(charge) 10x 5' GEM-X cDNA ,This is estimating cost.,0638,WSGI,completed,billing_initialized,,1850,11/20/25 16:46,11/20/25 16:46,6/22/26 10:15,6/25/26 11:44,7/6/26 17:14,6/25/26 23:59,jun Fan,Molecular Genomics Workspace,MGW-5970359,,Taxes,,,68573899,No status set,,,unknown,,,,,,3986
MGW-OA-5411,Equipment Scheduling,297789,Oluwamosope Adeniji,,"Pepper, Alan (TAMU) Lab",Biology,Texas A&M University,DNA HS D1000  Usage (per sample),,0638,WSGI,completed,billing_initialized,each,21,12/17/25 10:42,12/16/25 10:34,1/28/26 10:48,1/28/26 11:03,1/29/26 03:00,1/28/26 23:59,Paola Galvan,Molecular Genomics Workspace,MGW-5668380,,,,,69199101,No status set,,Self Service - TapeStation/Bioanalyzer,N/A,,,,,,3986
MGW-OA-5411,Equipment Scheduling,295966,Oluwamosope Adeniji,,"Pepper, Alan (TAMU) Lab",Biology,Texas A&M University,"Tape Station (Agilent) (Tape Station (Agilent)) | Tuesday, December 16",,0638,WSGI,completed,billing_initialized,hour,60,1/28/26 10:48,12/16/25 10:34,1/28/26 10:48,1/28/26 11:03,1/29/26 03:00,1/28/26 23:59,Paola Galvan,Molecular Genomics Workspace,MGW-5668380,,,,,69986632,No status set,,Molecular Biology,Self-Use,,,,,,3986
MGW-OA-5490,Equipment Scheduling,297789,Oluwamosope Adeniji,,"Pepper, Alan (TAMU) Lab",Biology,Texas A&M University,DNA HS D1000  Usage (per sample),,0638,WSGI,completed,billing_initialized,each,14,2/24/26 14:49,2/24/26 16:00,3/26/26 13:31,3/26/26 14:02,3/27/26 03:00,3/26/26 23:59,Oluwamosope Adeniji,Molecular Genomics Workspace,MGW-5788680,,,,,70678332,No status set,,Self Service - TapeStation/Bioanalyzer,N/A,,,,,,3986
MGW-OA-5495,Equipment Scheduling,297789,Oluwamosope Adeniji,,"Pepper, Alan (TAMU) Lab",Biology,Texas A&M University,DNA HS D1000  Usage (per sample),,0638,WSGI,completed,billing_initialized,each,14,3/2/26 11:53,3/3/26 10:21,3/26/26 13:39,3/26/26 14:02,3/27/26 03:00,3/26/26 23:59,Oluwamosope Adeniji,Molecular Genomics Workspace,MGW-5788680,,,,,70842501,No status set,,Self Service - TapeStation/Bioanalyzer,N/A,,,,,,3986
MGW-OA-5490,Equipment Scheduling,295966,Oluwamosope Adeniji,,"Pepper, Alan (TAMU) Lab",Biology,Texas A&M University,"Tape Station (Agilent) (Tape Station (Agilent)) | Tuesday, February 24",,0638,WSGI,completed,billing_initialized,hour,14,3/26/26 13:31,2/24/26 16:00,3/26/26 13:31,3/26/26 14:02,3/27/26 03:00,3/26/26 23:59,Paola Galvan,Molecular Genomics Workspace,MGW-5788680,,,,,71475972,No status set,,Molecular Biology,Self-Use,,,,,,3986
MGW-OA-5495,Equipment Scheduling,295966,Oluwamosope Adeniji,,"Pepper, Alan (TAMU) Lab",Biology,Texas A&M University,"Tape Station (Agilent) (Tape Station (Agilent)) | Tuesday, March 03",,0638,WSGI,completed,billing_initialized,hour,31,3/26/26 13:39,3/3/26 10:21,3/26/26 13:39,3/26/26 14:02,3/27/26 03:00,3/26/26 23:59,Paola Galvan,Molecular Genomics Workspace,MGW-5788680,,,,,71476277,No status set,,Molecular Biology,Self-Use,,,,,,3986
MGW-OA-5603,Equipment Scheduling,297789,Oluwamosope Adeniji,,"Pepper, Alan (TAMU) Lab",Biology,Texas A&M University,DNA HS D1000  Usage (per sample) - Consumables,,0638,WSGI,completed,billing_initialized,each,42,5/26/26 15:13,5/27/26 10:32,6/22/26 12:21,6/25/26 11:44,7/6/26 17:14,6/25/26 23:59,Oluwamosope Adeniji,Molecular Genomics Workspace,MGW-5970365,,,,,72984750,No status set,,Self Service - TapeStation/Bioanalyzer,N/A,,,,,,3986
MGW-OA-5603,Equipment Scheduling,295966,Oluwamosope Adeniji,,"Pepper, Alan (TAMU) Lab",Biology,Texas A&M University,"Tape Station (Agilent) (Tape Station (Agilent)) | Wednesday, May 27",,0638,WSGI,completed,billing_initialized,hour,20,6/22/26 12:21,5/27/26 10:32,6/22/26 12:21,6/25/26 11:44,7/6/26 17:14,6/25/26 23:59,Paola Galvan,Molecular Genomics Workspace,MGW-5970365,,,,,73639035,No status set,,Molecular Biology,Self-Use,,,,,,3986
MGW-PKY-5570,Project Request,559371,Pankaj Kumar Yadav,,"He, Baoye (TAMU) Lab",,Texas A&M University,NextSeq 2000 Sequencing System (S/N VH00580),,0638,WSGI,completed,billing_initialized,each,250,5/13/26 16:31,5/13/26 16:31,5/26/26 10:23,5/27/26 16:32,5/28/26 03:00,5/27/26 23:59,jun Fan,Molecular Genomics Workspace,MGW-5910830,,,,,72742447,No status set,,Instrument Charges,N/A,,,,,,3986
MGW-PKY-5570,Project Request,559373,Pankaj Kumar Yadav,,"He, Baoye (TAMU) Lab",,Texas A&M University,4200 TapeStation,,0638,WSGI,completed,billing_initialized,hour,10.8,5/13/26 16:31,5/13/26 16:31,5/26/26 10:23,5/27/26 16:32,5/28/26 03:00,5/27/26 23:59,jun Fan,Molecular Genomics Workspace,MGW-5910830,,,,,72742452,No status set,,Instrument Charges,N/A,,,,,,3986
MGW-PKY-5570,Project Request,559377,Pankaj Kumar Yadav,,"He, Baoye (TAMU) Lab",,Texas A&M University,Laboratory Technician,,0638,WSGI,completed,billing_initialized,hour,16.5,5/13/26 16:31,5/13/26 16:31,5/26/26 10:23,5/27/26 16:32,5/28/26 03:00,5/27/26 23:59,jun Fan,Molecular Genomics Workspace,MGW-5910830,,,,,72742458,No status set,,Laboratory Technician,N/A,,,,,,3986
MGW-PKY-5570,Project Request,561245,Pankaj Kumar Yadav,,"He, Baoye (TAMU) Lab",,Texas A&M University,NextSeq 2000 P2 XLEAP-SBS Reagent Kit (100 cycles) - Consumables,,0638,WSGI,completed,billing_initialized,each,1201.2,5/13/26 16:32,5/13/26 16:32,5/26/26 10:23,5/27/26 16:32,5/28/26 03:00,5/27/26 23:59,jun Fan,Molecular Genomics Workspace,MGW-5910830,,,,,72742475,No status set,,Sequencing (NextSeq 2000) - Consumables,N/A,,,,,,3986
MGW-PKY-5570,Project Request,561153,Pankaj Kumar Yadav,,"He, Baoye (TAMU) Lab",,Texas A&M University,QC Client-prepared Library - Consumables,,0638,WSGI,completed,billing_initialized,each,140.76,5/13/26 16:35,5/13/26 16:35,5/26/26 10:23,5/27/26 16:32,5/28/26 03:00,5/27/26 23:59,jun Fan,Molecular Genomics Workspace,MGW-5910830,,,,,72742550,No status set,,QC - Consumables,N/A,,,,,,3986
MGW-PG-5244,ClaretBio SRSLY Library Preparation for Amplicon (per library),504480,Paola Galvan,,Admin (TAMU) Lab,,Texas A&M University,QC DNA (per sample),,0638,WSGI,cancelled,cancelled,each,0,9/15/25 11:09,9/15/25 11:09,,n/a,n/a,n/a,Paola Galvan,Molecular Genomics Workspace,no invoice,,,,,66779050,No status set,,Full Service - DNA/RNA QC,N/A,,,,,,3986
MGW-PG-5244,ClaretBio SRSLY Library Preparation for Amplicon (per library),541010,Paola Galvan,,Admin (TAMU) Lab,,Texas A&M University,ClaretBio SRSLY Library Preparation for Amplicon (per library),,0638,WSGI,cancelled,cancelled,each,0,9/15/25 11:10,9/15/25 11:10,,n/a,n/a,n/a,Paola Galvan,Molecular Genomics Workspace,no invoice,,,,,66779054,No status set,,Full Service - DNA Library Preparation (Illumina NGS),N/A,,,,,,3986
MGW-PG-5244,ClaretBio SRSLY Library Preparation for Amplicon (per library),298252,Paola Galvan,,Admin (TAMU) Lab,,Texas A&M University,Sequencing - 150x150 PE (1 million read pairs) ,,0638,WSGI,cancelled,cancelled,each,0,9/15/25 11:10,9/15/25 11:10,,n/a,n/a,n/a,Paola Galvan,Molecular Genomics Workspace,no invoice,,,,,66779072,No status set,,Full Service - Sequencing (MiSeq),N/A,,,,,,3986
MGW-PG-5273,Equipment Scheduling,295966,Paola Galvan,,Admin (TAMU) Lab,,Texas A&M University,"Tape Station (Agilent) (Tape Station (Agilent)) | Tuesday, September 02",,0638,WSGI,completed,billing_initialized,hour,0,9/26/25 13:32,9/2/25 10:49,9/26/25 13:32,9/29/25 16:12,9/30/25 03:00,9/29/25 23:59,Paola Galvan,Molecular Genomics Workspace,MGW-5434248,,,,,67081757,No status set,,Molecular Biology,Staff:NoCharge,,,,,,3986
MGW-PG-5273,Equipment Scheduling,295966,Paola Galvan,,Admin (TAMU) Lab,,Texas A&M University,"Tape Station (Agilent) (Tape Station (Agilent)) | Tuesday, September 09",Guadalupe from Ramsey Lab training.,0638,WSGI,completed,billing_initialized,hour,0,9/26/25 13:32,9/9/25 11:46,9/26/25 13:32,9/29/25 16:12,9/30/25 03:00,9/29/25 23:59,Paola Galvan,Molecular Genomics Workspace,MGW-5434248,,,,,67081760,No status set,,Molecular Biology,Staff:NoCharge,,,,,,3986
MGW-PG-5273,Equipment Scheduling,295966,Paola Galvan,,Admin (TAMU) Lab,,Texas A&M University,"Tape Station (Agilent) (Tape Station (Agilent)) | Friday, September 12",,0638,WSGI,completed,billing_initialized,hour,0,9/26/25 13:32,9/12/25 12:37,9/26/25 13:32,9/29/25 16:12,9/30/25 03:00,9/29/25 23:59,Paola Galvan,Molecular Genomics Workspace,MGW-5434248,,,,,67081763,No status set,,Molecular Biology,Staff:NoCharge,,,,,,3986
MGW-PG-5273,Equipment Scheduling,296365,Paola Galvan,,Admin (TAMU) Lab,,Texas A&M University,"QX200 Droplet Digital PCR System (Bio-Rad) (ddPCR system) | Wednesday, September 10",ddPCR hands-on training,0638,WSGI,completed,billing_initialized,hour,0,9/26/25 13:32,9/10/25 10:00,9/26/25 13:32,9/29/25 16:12,9/30/25 03:00,9/29/25 23:59,Paola Galvan,Molecular Genomics Workspace,MGW-5434248,,,,,67081766,No status set,,Molecular Biology,Staff:NoCharge,,,,,,3986
MGW-PG-5273,Equipment Scheduling,292907,Paola Galvan,,Admin (TAMU) Lab,,Texas A&M University,"Qubit Fluorometer (Life Technologies) (Qubit Fluorometer (Life Technologies)) | Friday, September 12",,0638,WSGI,completed,billing_initialized,hour,0,9/26/25 13:32,9/12/25 12:37,9/26/25 13:32,9/29/25 16:12,9/30/25 03:00,9/29/25 23:59,Paola Galvan,Molecular Genomics Workspace,MGW-5434248,,,,,67081769,No status set,,Molecular Biology,Staff:NoCharge,,,,,,3986
MGW-PG-5273,Equipment Scheduling,295966,Paola Galvan,,Admin (TAMU) Lab,,Texas A&M University,"Tape Station (Agilent) (Tape Station (Agilent)) | Thursday, September 18",,0638,WSGI,completed,billing_initialized,hour,0,9/26/25 13:32,9/18/25 12:10,9/26/25 13:32,9/29/25 16:12,9/30/25 03:00,9/29/25 23:59,Paola Galvan,Molecular Genomics Workspace,MGW-5434248,,,,,67081781,No status set,,Molecular Biology,Staff:NoCharge,,,,,,3986
MGW-PG-5273,Equipment Scheduling,292907,Paola Galvan,,Admin (TAMU) Lab,,Texas A&M University,"Qubit Fluorometer (Life Technologies) (Qubit Fluorometer (Life Technologies)) | Tuesday, September 23",Ryne Maness training,0638,WSGI,completed,billing_initialized,hour,0,9/26/25 13:32,9/23/25 13:00,9/26/25 13:32,9/29/25 16:12,9/30/25 03:00,9/29/25 23:59,Paola Galvan,Molecular Genomics Workspace,MGW-5434248,,,,,67081784,No status set,,Molecular Biology,Staff:NoCharge,,,,,,3986
MGW-PG-5273,Equipment Scheduling,295966,Paola Galvan,,Admin (TAMU) Lab,,Texas A&M University,"Tape Station (Agilent) (Tape Station (Agilent)) | Tuesday, September 23",Ryne Maness' training,0638,WSGI,completed,billing_initialized,hour,0,9/26/25 13:32,9/23/25 14:30,9/26/25 13:32,9/29/25 16:12,9/30/25 03:00,9/29/25 23:59,Paola Galvan,Molecular Genomics Workspace,MGW-5434248,,,,,67081785,No status set,,Molecular Biology,Staff:NoCharge,,,,,,3986
MGW-PG-5273,Equipment Scheduling,295966,Paola Galvan,,Admin (TAMU) Lab,,Texas A&M University,"Tape Station (Agilent) (Tape Station (Agilent)) | Monday, September 22",,0638,WSGI,completed,billing_initialized,hour,0,9/26/25 13:32,9/22/25 14:00,9/26/25 13:32,9/29/25 16:12,9/30/25 03:00,9/29/25 23:59,Paola Galvan,Molecular Genomics Workspace,MGW-5434248,,,,,67081789,No status set,,Molecular Biology,Staff:NoCharge,,,,,,3986
MGW-PG-5273,Equipment Scheduling,295966,Paola Galvan,,Admin (TAMU) Lab,,Texas A&M University,"Tape Station (Agilent) (Tape Station (Agilent)) | Friday, September 26",,0638,WSGI,completed,billing_initialized,hour,0,9/29/25 15:29,9/26/25 11:22,9/29/25 15:29,9/29/25 16:12,9/30/25 03:00,9/29/25 23:59,Paola Galvan,Molecular Genomics Workspace,MGW-5434248,,,,,67142160,No status set,,Molecular Biology,Staff:NoCharge,,,,,,3986
MGW-PG-5273,Equipment Scheduling,295966,Paola Galvan,,Admin (TAMU) Lab,,Texas A&M University,"Tape Station (Agilent) (Tape Station (Agilent)) | Tuesday, September 30",Kathryn Gallman training,0638,WSGI,completed,billing_initialized,hour,0,10/27/25 10:29,9/30/25 10:00,10/27/25 10:29,10/28/25 16:51,10/31/25 03:00,10/28/25 23:59,Paola Galvan,Molecular Genomics Workspace,MGW-5492190,,,,,67835243,No status set,,Molecular Biology,Staff:NoCharge,,,,,,3986
MGW-PG-5314,Equipment Scheduling,295966,Paola Galvan,,Admin (TAMU) Lab,,Texas A&M University,"Tape Station (Agilent) (Tape Station (Agilent)) | Wednesday, October 01",,0638,WSGI,completed,billing_initialized,hour,0,10/27/25 10:29,10/1/25 10:58,10/27/25 10:29,10/28/25 16:51,10/31/25 03:00,10/28/25 23:59,Paola Galvan,Molecular Genomics Workspace,MGW-5492190,,,,,67835247,No status set,,Molecular Biology,Staff:NoCharge,,,,,,3986
MGW-PG-5314,Equipment Scheduling,295966,Paola Galvan,,Admin (TAMU) Lab,,Texas A&M University,"Tape Station (Agilent) (Tape Station (Agilent)) | Monday, October 06",,0638,WSGI,completed,billing_initialized,hour,0,10/27/25 10:29,10/6/25 12:00,10/27/25 10:29,10/28/25 16:51,10/31/25 03:00,10/28/25 23:59,Paola Galvan,Molecular Genomics Workspace,MGW-5492190,,,,,67835253,No status set,,Molecular Biology,Staff:NoCharge,,,,,,3986
MGW-PG-5314,Equipment Scheduling,295966,Paola Galvan,,Admin (TAMU) Lab,,Texas A&M University,"Tape Station (Agilent) (Tape Station (Agilent)) | Thursday, October 09",,0638,WSGI,completed,billing_initialized,hour,0,10/27/25 10:29,10/9/25 15:50,10/27/25 10:29,10/28/25 16:51,10/31/25 03:00,10/28/25 23:59,Paola Galvan,Molecular Genomics Workspace,MGW-5492190,,,,,67835260,No status set,,Molecular Biology,Staff:NoCharge,,,,,,3986
MGW-PG-5316,Equipment Scheduling,295966,Paola Galvan,,"Cirillo, Jeffrey (TAMU) Lab",Microbial Pathogenesis and Immunology,Texas A&M University,"Tape Station (Agilent) (Tape Station (Agilent)) | Wednesday, October 08",,0638,WSGI,completed,billing_initialized,hour,0,10/27/25 10:29,10/8/25 10:16,10/27/25 10:29,10/28/25 16:51,10/31/25 03:00,10/28/25 23:59,Paola Galvan,Molecular Genomics Workspace,MGW-5492191,,,,,67835258,No status set,,Molecular Biology,Staff:NoCharge,,,,,,3986
MGW-PG-5314,Equipment Scheduling,296365,Paola Galvan,,Admin (TAMU) Lab,,Texas A&M University,"QX200 Droplet Digital PCR System (Bio-Rad) (ddPCR system) | Friday, October 10",Pranita test - 1 column,0638,WSGI,completed,billing_initialized,hour,0,10/27/25 10:29,10/10/25 08:00,10/27/25 10:29,10/28/25 16:51,10/31/25 03:00,10/28/25 23:59,Paola Galvan,Molecular Genomics Workspace,MGW-5492190,,,,,67835264,No status set,,Molecular Biology,Staff:NoCharge,,,,,,3986
MGW-PG-5314,Equipment Scheduling,295966,Paola Galvan,,Admin (TAMU) Lab,,Texas A&M University,"Tape Station (Agilent) (Tape Station (Agilent)) | Friday, October 10",Cheng Wu's training,0638,WSGI,completed,billing_initialized,hour,0,10/27/25 10:29,10/10/25 11:16,10/27/25 10:29,10/28/25 16:51,10/31/25 03:00,10/28/25 23:59,Paola Galvan,Molecular Genomics Workspace,MGW-5492190,,,,,67835265,No status set,,Molecular Biology,Staff:NoCharge,,,,,,3986
MGW-PG-5314,Equipment Scheduling,295966,Paola Galvan,,Admin (TAMU) Lab,,Texas A&M University,"Tape Station (Agilent) (Tape Station (Agilent)) | Wednesday, October 15",,0638,WSGI,completed,billing_initialized,hour,0,10/27/25 10:29,10/15/25 10:00,10/27/25 10:29,10/28/25 16:51,10/31/25 03:00,10/28/25 23:59,Paola Galvan,Molecular Genomics Workspace,MGW-5492190,,,,,67835271,No status set,,Molecular Biology,Staff:NoCharge,,,,,,3986
MGW-PG-5314,Equipment Scheduling,295966,Paola Galvan,,Admin (TAMU) Lab,,Texas A&M University,"Tape Station (Agilent) (Tape Station (Agilent)) | Wednesday, October 15",,0638,WSGI,completed,billing_initialized,hour,0,10/27/25 10:29,10/15/25 11:45,10/27/25 10:29,10/28/25 16:51,10/31/25 03:00,10/28/25 23:59,Paola Galvan,Molecular Genomics Workspace,MGW-5492190,,,,,67835273,No status set,,Molecular Biology,Staff:NoCharge,,,,,,3986
MGW-PG-5314,Equipment Scheduling,292907,Paola Galvan,,Admin (TAMU) Lab,,Texas A&M University,"Qubit Fluorometer (Life Technologies) (Qubit Fluorometer (Life Technologies)) | Wednesday, October 15",,0638,WSGI,completed,billing_initialized,hour,0,10/27/25 10:29,10/15/25 10:15,10/27/25 10:29,10/28/25 16:51,10/31/25 03:00,10/28/25 23:59,Paola Galvan,Molecular Genomics Workspace,MGW-5492190,,,,,67835274,No status set,,Molecular Biology,Staff:NoCharge,,,,,,3986
MGW-PG-5314,Equipment Scheduling,292907,Paola Galvan,,Admin (TAMU) Lab,,Texas A&M University,"Qubit Fluorometer (Life Technologies) (Qubit Fluorometer (Life Technologies)) | Wednesday, October 15",,0638,WSGI,completed,billing_initialized,hour,0,10/27/25 10:29,10/15/25 12:00,10/27/25 10:29,10/28/25 16:51,10/31/25 03:00,10/28/25 23:59,Paola Galvan,Molecular Genomics Workspace,MGW-5492190,,,,,67835278,No status set,,Molecular Biology,Staff:NoCharge,,,,,,3986
MGW-PG-5314,Equipment Scheduling,295966,Paola Galvan,,Admin (TAMU) Lab,,Texas A&M University,"Tape Station (Agilent) (Tape Station (Agilent)) | Tuesday, October 21",,0638,WSGI,completed,billing_initialized,hour,0,10/27/25 10:29,10/21/25 14:00,10/27/25 10:29,10/28/25 16:51,10/31/25 03:00,10/28/25 23:59,Paola Galvan,Molecular Genomics Workspace,MGW-5492190,,,,,67835282,No status set,,Molecular Biology,Staff:NoCharge,,,,,,3986
MGW-PG-5314,Equipment Scheduling,295966,Paola Galvan,,Admin (TAMU) Lab,,Texas A&M University,"Tape Station (Agilent) (Tape Station (Agilent)) | Tuesday, October 21",,0638,WSGI,completed,billing_initialized,hour,0,10/27/25 10:29,10/21/25 15:02,10/27/25 10:29,10/28/25 16:51,10/31/25 03:00,10/28/25 23:59,Paola Galvan,Molecular Genomics Workspace,MGW-5492190,,,,,67835286,No status set,,Molecular Biology,Staff:NoCharge,,,,,,3986
MGW-PG-5314,Equipment Scheduling,296365,Paola Galvan,,Admin (TAMU) Lab,,Texas A&M University,"QX200 Droplet Digital PCR System (Bio-Rad) (ddPCR system) | Friday, October 24",,0638,WSGI,completed,billing_initialized,hour,0,10/27/25 10:29,10/24/25 11:00,10/27/25 10:29,10/28/25 16:51,10/31/25 03:00,10/28/25 23:59,Paola Galvan,Molecular Genomics Workspace,MGW-5492190,,,,,67835289,No status set,,Molecular Biology,Staff:NoCharge,,,,,,3986
MGW-PG-5401,Project Request,504480,Paola Galvan,,Admin (TAMU) Lab,,Texas A&M University,QC DNA (per sample),,0638,WSGI,cancelled,cancelled,each,0,10/27/25 10:44,10/27/25 10:44,,n/a,n/a,n/a,Paola Galvan,Molecular Genomics Workspace,no invoice,,,,,67836584,No status set,,Full Service - DNA/RNA QC,N/A,,,,,,3986
MGW-PG-5314,Equipment Scheduling,296365,Paola Galvan,,Admin (TAMU) Lab,,Texas A&M University,"QX200 Droplet Digital PCR System (Bio-Rad) (ddPCR system) | Thursday, October 16",Pranita optimization - 4 columns,0638,WSGI,completed,billing_initialized,hour,0,10/28/25 16:23,10/16/25 12:25,10/28/25 16:23,10/28/25 16:51,10/31/25 03:00,10/28/25 23:59,Paola Galvan,Molecular Genomics Workspace,MGW-5492190,,,,,67911356,No status set,,Molecular Biology,Staff:NoCharge,,,,,,3986
MGW-PG-5323,Project Request,307585,Paola Galvan,,Admin (TAMU) Lab,,Texas A&M University,Bioinformatics Service (per hour),,0638,WSGI,cancelled,cancelled,hour,0,10/30/25 15:37,10/30/25 15:37,,n/a,n/a,n/a,Paola Galvan,Molecular Genomics Workspace,no invoice,,,,,67991273,No status set,,Full Service - Bioinformatics,N/A,,,,,,3986
MGW-PG-5327,4200 TapeStation,559373,Paola Galvan,,Admin (TAMU) Lab,,Texas A&M University,4200 TapeStation,,0638,WSGI,cancelled,cancelled,hour,0,10/31/25 14:16,10/31/25 14:16,,n/a,n/a,n/a,Paola Galvan,Molecular Genomics Workspace,no invoice,,,,,68021846,No status set,,DO NOT USE,N/A,,,,,,3986
MGW-PG-5327,4200 TapeStation,559376,Paola Galvan,,Admin (TAMU) Lab,,Texas A&M University,Consumables,pre-qc,0638,WSGI,cancelled,cancelled,each,0,10/31/25 14:16,10/31/25 14:16,,n/a,n/a,n/a,Paola Galvan,Molecular Genomics Workspace,no invoice,,,,,68021857,No status set,,DO NOT USE,N/A,,,,,,3986
MGW-PG-5327,4200 TapeStation,559376,Paola Galvan,,Admin (TAMU) Lab,,Texas A&M University,Consumables,nextseq reagent kit,0638,WSGI,cancelled,cancelled,each,0,10/31/25 14:16,10/31/25 14:16,,n/a,n/a,n/a,Paola Galvan,Molecular Genomics Workspace,no invoice,,,,,68021863,No status set,,DO NOT USE,N/A,,,,,,3986
MGW-PG-5327,4200 TapeStation,559371,Paola Galvan,,Admin (TAMU) Lab,,Texas A&M University,NextSeq 2000 Sequencing System (S/N VH00580),,0638,WSGI,cancelled,cancelled,each,0,10/31/25 14:16,10/31/25 14:16,,n/a,n/a,n/a,Paola Galvan,Molecular Genomics Workspace,no invoice,,,,,68021869,No status set,,DO NOT USE,N/A,,,,,,3986
MGW-PG-5327,4200 TapeStation,559377,Paola Galvan,,Admin (TAMU) Lab,,Texas A&M University,Laboratory Technician,,0638,WSGI,cancelled,cancelled,hour,0,10/31/25 14:16,10/31/25 14:16,,n/a,n/a,n/a,Paola Galvan,Molecular Genomics Workspace,no invoice,,,,,68021875,No status set,,DO NOT USE,N/A,,,,,,3986
MGW-PG-5327,4200 TapeStation,559376,Paola Galvan,,Admin (TAMU) Lab,,Texas A&M University,Consumables,lib prep,0638,WSGI,cancelled,cancelled,each,0,10/31/25 14:17,10/31/25 14:17,,n/a,n/a,n/a,Paola Galvan,Molecular Genomics Workspace,no invoice,,,,,68021916,No status set,,DO NOT USE,N/A,,,,,,3986
MGW-PG-5327,4200 TapeStation,559376,Paola Galvan,,Admin (TAMU) Lab,,Texas A&M University,Consumables,post qc + dilution,0638,WSGI,cancelled,cancelled,each,0,10/31/25 14:18,10/31/25 14:18,,n/a,n/a,n/a,Paola Galvan,Molecular Genomics Workspace,no invoice,,,,,68021953,No status set,,DO NOT USE,N/A,,,,,,3986
MGW-PG-5327,4200 TapeStation,559388,Paola Galvan,,Admin (TAMU) Lab,,Texas A&M University,Bioinformatics,,0638,WSGI,cancelled,cancelled,hour,0,10/31/25 14:25,10/31/25 14:25,,n/a,n/a,n/a,Paola Galvan,Molecular Genomics Workspace,no invoice,,,,,68022222,No status set,,DO NOT USE,N/A,,,,,,3986
MGW-PG-5327,4200 TapeStation,559376,Paola Galvan,,Admin (TAMU) Lab,,Texas A&M University,Consumables,,0638,WSGI,cancelled,cancelled,each,0,10/31/25 14:31,10/31/25 14:31,,n/a,n/a,n/a,Paola Galvan,Molecular Genomics Workspace,no invoice,,,,,68022483,No status set,,DO NOT USE,N/A,,,,,,3986
MGW-PG-5327,4200 TapeStation,0,Paola Galvan,,Admin (TAMU) Lab,,Texas A&M University,(charge) Reagants,,0638,WSGI,cancelled,cancelled,well,0,11/6/25 14:58,11/6/25 14:58,,n/a,n/a,n/a,Ashlyn Montgomery,Molecular Genomics Workspace,no invoice,,Credit,,,68223346,No status set,,Consumables,unknown,,,,,,3986
MGW-PG-5327,4200 TapeStation,559377,Paola Galvan,,Admin (TAMU) Lab,,Texas A&M University,Laboratory Technician,,0638,WSGI,cancelled,cancelled,hour,0,11/6/25 15:25,11/6/25 15:25,,n/a,n/a,n/a,Ashlyn Montgomery,Molecular Genomics Workspace,no invoice,,,,,68225406,No status set,,DO NOT USE,N/A,,,,,,3986
MGW-PG-5328,Project Request,559373,Paola Galvan,,Admin (TAMU) Lab,,Texas A&M University,4200 TapeStation,,0638,WSGI,cancelled,cancelled,hour,0,11/6/25 15:29,11/6/25 15:29,,n/a,n/a,n/a,Paola Galvan,Molecular Genomics Workspace,no invoice,,,,,68225570,No status set,,DO NOT USE,N/A,,,,,,3986
MGW-PG-5314,Equipment Scheduling,295966,Paola Galvan,,Admin (TAMU) Lab,,Texas A&M University,"Tape Station (Agilent) (Tape Station (Agilent)) | Wednesday, October 29",,0638,WSGI,completed,billing_initialized,hour,0,11/20/25 11:25,10/29/25 14:26,11/20/25 11:25,11/25/25 10:28,11/26/25 03:00,11/25/25 23:59,Paola Galvan,Molecular Genomics Workspace,MGW-5554542,,,,,68559287,No status set,,Molecular Biology,Staff:NoCharge,,,,,,3986
MGW-PG-5314,Equipment Scheduling,292907,Paola Galvan,,Admin (TAMU) Lab,,Texas A&M University,"Qubit Fluorometer (Life Technologies) (Qubit Fluorometer (Life Technologies)) | Wednesday, October 29",,0638,WSGI,completed,billing_initialized,hour,0,11/20/25 11:25,10/29/25 13:00,11/20/25 11:25,11/25/25 10:28,11/26/25 03:00,11/25/25 23:59,Paola Galvan,Molecular Genomics Workspace,MGW-5554542,,,,,68559289,No status set,,Molecular Biology,Staff:NoCharge,,,,,,3986
MGW-PG-5353,Equipment Scheduling,292911,Paola Galvan,,Admin (TAMU) Lab,,Texas A&M University,"GentleMACS Octo Dissociator (Miltenyi) (GentleMACS Octo Dissociator (Miltenyi)) | Monday, November 10",,0638,WSGI,completed,billing_initialized,hour,0,11/20/25 11:25,11/10/25 08:00,11/20/25 11:25,11/25/25 10:28,11/26/25 03:00,11/25/25 23:59,Paola Galvan,Molecular Genomics Workspace,MGW-5554542,,,,,68559292,No status set,,Cell Biology,Staff:NoCharge,,,,,,3986
MGW-PG-5314,Equipment Scheduling,295966,Paola Galvan,,Admin (TAMU) Lab,,Texas A&M University,"Tape Station (Agilent) (Tape Station (Agilent)) | Wednesday, October 29",,0638,WSGI,completed,billing_initialized,hour,0,11/20/25 11:25,10/29/25 15:30,11/20/25 11:25,11/25/25 10:28,11/26/25 03:00,11/25/25 23:59,Paola Galvan,Molecular Genomics Workspace,MGW-5554542,,,,,68559293,No status set,,Molecular Biology,Staff:NoCharge,,,,,,3986
MGW-PG-5353,Equipment Scheduling,296365,Paola Galvan,,Admin (TAMU) Lab,,Texas A&M University,"QX200 Droplet Digital PCR System (Bio-Rad) (ddPCR system) | Wednesday, November 05",,0638,WSGI,completed,billing_initialized,hour,0,11/20/25 11:25,11/5/25 11:00,11/20/25 11:25,11/25/25 10:28,11/26/25 03:00,11/25/25 23:59,Paola Galvan,Molecular Genomics Workspace,MGW-5554542,,,,,68559295,No status set,,Molecular Biology,Staff:NoCharge,,,,,,3986
MGW-PG-5353,Equipment Scheduling,296365,Paola Galvan,,Admin (TAMU) Lab,,Texas A&M University,"QX200 Droplet Digital PCR System (Bio-Rad) (ddPCR system) | Tuesday, November 11",,0638,WSGI,completed,billing_initialized,hour,0,11/20/25 11:25,11/11/25 11:34,11/20/25 11:25,11/25/25 10:28,11/26/25 03:00,11/25/25 23:59,Paola Galvan,Molecular Genomics Workspace,MGW-5554542,,,,,68559299,No status set,,Molecular Biology,Staff:NoCharge,,,,,,3986
MGW-PG-5353,Equipment Scheduling,295966,Paola Galvan,,Admin (TAMU) Lab,,Texas A&M University,"Tape Station (Agilent) (Tape Station (Agilent)) | Thursday, November 13",Santiago's training,0638,WSGI,completed,billing_initialized,hour,0,11/20/25 11:25,11/13/25 11:00,11/20/25 11:25,11/25/25 10:28,11/26/25 03:00,11/25/25 23:59,Paola Galvan,Molecular Genomics Workspace,MGW-5554542,,,,,68559301,No status set,,Molecular Biology,Staff:NoCharge,,,,,,3986
MGW-PG-5353,Equipment Scheduling,296365,Paola Galvan,,Admin (TAMU) Lab,,Texas A&M University,"QX200 Droplet Digital PCR System (Bio-Rad) (ddPCR system) | Thursday, November 13",,0638,WSGI,completed,billing_initialized,hour,0,11/20/25 11:25,11/13/25 11:41,11/20/25 11:25,11/25/25 10:28,11/26/25 03:00,11/25/25 23:59,Paola Galvan,Molecular Genomics Workspace,MGW-5554542,,,,,68559304,No status set,,Molecular Biology,Staff:NoCharge,,,,,,3986
MGW-PG-5353,Equipment Scheduling,296365,Paola Galvan,,Admin (TAMU) Lab,,Texas A&M University,"QX200 Droplet Digital PCR System (Bio-Rad) (ddPCR system) | Monday, November 24",,0638,WSGI,completed,billing_initialized,hour,0,12/15/25 12:52,11/24/25 13:49,12/15/25 12:52,12/18/25 16:35,12/19/25 03:00,12/18/25 23:59,Paola Galvan,Molecular Genomics Workspace,MGW-5607178,,,,,69147012,No status set,,Molecular Biology,Staff:NoCharge,,,,,,3986
MGW-PG-5377,Equipment Scheduling,296365,Paola Galvan,,Admin (TAMU) Lab,,Texas A&M University,"QX200 Droplet Digital PCR System (Bio-Rad) (ddPCR system) | Friday, December 05",,0638,WSGI,completed,billing_initialized,hour,0,12/15/25 12:53,12/5/25 11:00,12/15/25 12:53,12/18/25 16:35,12/19/25 03:00,12/18/25 23:59,Paola Galvan,Molecular Genomics Workspace,MGW-5607178,,,,,69147040,No status set,,Molecular Biology,Staff:NoCharge,,,,,,3986
MGW-PG-5420,Equipment Scheduling,295966,Paola Galvan,,Admin (TAMU) Lab,,Texas A&M University,"Tape Station (Agilent) (Tape Station (Agilent)) | Monday, January 12",,0638,WSGI,completed,billing_initialized,hour,0,1/28/26 10:49,1/12/26 15:00,1/28/26 10:49,1/28/26 11:03,1/29/26 03:00,1/28/26 23:59,Paola Galvan,Molecular Genomics Workspace,MGW-5668386,,,,,69986686,No status set,,Molecular Biology,Staff:NoCharge,,,,,,3986
MGW-PG-5420,Equipment Scheduling,295966,Paola Galvan,,Admin (TAMU) Lab,,Texas A&M University,"Tape Station (Agilent) (Tape Station (Agilent)) | Wednesday, January 21",MGW-MC-5253 Lib QC,0638,WSGI,completed,billing_initialized,hour,0,1/28/26 10:49,1/21/26 14:48,1/28/26 10:49,1/28/26 11:03,1/29/26 03:00,1/28/26 23:59,Paola Galvan,Molecular Genomics Workspace,MGW-5668386,,,,,69986691,No status set,,Molecular Biology,Staff:NoCharge,,,,,,3986
MGW-PG-5447,Equipment Scheduling,295966,Paola Galvan,,Admin (TAMU) Lab,,Texas A&M University,"Tape Station (Agilent) (Tape Station (Agilent)) | Monday, February 09","Karla training RNA
start 1:50pm",0638,WSGI,completed,billing_initialized,hour,0,2/20/26 12:02,2/9/26 13:50,2/20/26 12:02,2/20/26 12:25,2/21/26 03:00,2/20/26 23:59,Paola Galvan,Molecular Genomics Workspace,MGW-5720449,,,,,70600658,No status set,,Molecular Biology,Staff:NoCharge,,,,,,3986
MGW-PG-5420,Equipment Scheduling,295966,Paola Galvan,,Admin (TAMU) Lab,,Texas A&M University,"Tape Station (Agilent) (Tape Station (Agilent)) | Friday, January 30",Kelsey Mainard training,0638,WSGI,completed,billing_initialized,hour,0,2/20/26 12:13,1/30/26 10:00,2/20/26 12:13,2/20/26 12:25,2/21/26 03:00,2/20/26 23:59,Paola Galvan,Molecular Genomics Workspace,MGW-5720449,,,,,70601126,No status set,,Molecular Biology,Staff:NoCharge,,,,,,3986
MGW-PG-5518,Droplet Digital PCR Full Service per 8 samples; one target,561549,Paola Galvan,,Admin (TAMU) Lab,,Texas A&M University,Droplet Digital PCR Full Service per 8 samples; one target,,0638,WSGI,cancelled,cancelled,each,0,3/24/26 12:10,3/24/26 12:10,,n/a,n/a,n/a,Paola Galvan,Molecular Genomics Workspace,no invoice,,,,,71405514,No status set,,Droplet Digital PCR - Consumables,N/A,,,,,,3986
MGW-PG-5518,Droplet Digital PCR Full Service per 8 samples; one target,561750,Paola Galvan,,Admin (TAMU) Lab,,Texas A&M University,QX200 ddPCR Usage (3 columns),,0638,WSGI,cancelled,cancelled,each,0,3/24/26 12:26,3/24/26 12:26,,n/a,n/a,n/a,Paola Galvan,Molecular Genomics Workspace,no invoice,,,,,71406566,No status set,,Self Service - QX200 ddPCR,N/A,,,,,,3986
MGW-PG-5504,Equipment Scheduling,295966,Paola Galvan,,Admin (TAMU) Lab,,Texas A&M University,"Tape Station (Agilent) (Tape Station (Agilent)) | Tuesday, March 03",,0638,WSGI,completed,billing_initialized,hour,0,3/26/26 13:52,3/3/26 13:50,3/26/26 13:52,3/26/26 14:02,3/27/26 03:00,3/26/26 23:59,Paola Galvan,Molecular Genomics Workspace,MGW-5788689,,,,,71477007,No status set,,Molecular Biology,Staff:NoCharge,,,,,,3986
MGW-PG-5504,Equipment Scheduling,292907,Paola Galvan,,Admin (TAMU) Lab,,Texas A&M University,"Qubit Fluorometer (Life Technologies) (Qubit Fluorometer (Life Technologies)) | Tuesday, March 03",,0638,WSGI,completed,billing_initialized,hour,0,3/26/26 13:52,3/3/26 10:00,3/26/26 13:52,3/26/26 14:02,3/27/26 03:00,3/26/26 23:59,Paola Galvan,Molecular Genomics Workspace,MGW-5788689,,,,,71477008,No status set,,Molecular Biology,Staff:NoCharge,,,,,,3986
MGW-PG-5504,Equipment Scheduling,295966,Paola Galvan,,Admin (TAMU) Lab,,Texas A&M University,"Tape Station (Agilent) (Tape Station (Agilent)) | Wednesday, March 18",,0638,WSGI,completed,billing_initialized,hour,0,3/26/26 13:52,3/18/26 12:30,3/26/26 13:52,3/26/26 14:02,3/27/26 03:00,3/26/26 23:59,Paola Galvan,Molecular Genomics Workspace,MGW-5788689,,,,,71477009,No status set,,Molecular Biology,Staff:NoCharge,,,,,,3986
MGW-PG-5504,Equipment Scheduling,295966,Paola Galvan,,Admin (TAMU) Lab,,Texas A&M University,"Tape Station (Agilent) (Tape Station (Agilent)) | Monday, March 23",,0638,WSGI,completed,billing_initialized,hour,0,3/26/26 13:52,3/23/26 13:00,3/26/26 13:52,3/26/26 14:02,3/27/26 03:00,3/26/26 23:59,Paola Galvan,Molecular Genomics Workspace,MGW-5788689,,,,,71477010,No status set,,Molecular Biology,Staff:NoCharge,,,,,,3986
MGW-PG-5504,Equipment Scheduling,295966,Paola Galvan,,Admin (TAMU) Lab,,Texas A&M University,"Tape Station (Agilent) (Tape Station (Agilent)) | Thursday, March 26",,0638,WSGI,completed,billing_initialized,hour,0,4/23/26 13:27,3/26/26 15:07,4/23/26 13:27,4/24/26 16:20,4/25/26 03:00,4/24/26 23:59,Paola Galvan,Molecular Genomics Workspace,MGW-5846968,,,,,72193458,No status set,,Molecular Biology,Staff:NoCharge,,,,,,3986
MGW-PG-5504,Equipment Scheduling,295966,Paola Galvan,,Admin (TAMU) Lab,,Texas A&M University,"Tape Station (Agilent) (Tape Station (Agilent)) | Friday, March 27",,0638,WSGI,completed,billing_initialized,hour,0,4/23/26 13:27,3/27/26 13:32,4/23/26 13:27,4/24/26 16:20,4/25/26 03:00,4/24/26 23:59,Paola Galvan,Molecular Genomics Workspace,MGW-5846968,,,,,72193459,No status set,,Molecular Biology,Staff:NoCharge,,,,,,3986
MGW-PG-5532,Equipment Scheduling,295966,Paola Galvan,,Admin (TAMU) Lab,,Texas A&M University,"Tape Station (Agilent) (Tape Station (Agilent)) | Wednesday, April 01",,0638,WSGI,completed,billing_initialized,hour,0,4/23/26 13:27,4/1/26 14:04,4/23/26 13:27,4/24/26 16:20,4/25/26 03:00,4/24/26 23:59,Paola Galvan,Molecular Genomics Workspace,MGW-5846968,,,,,72193464,No status set,,Molecular Biology,Staff:NoCharge,,,,,,3986
MGW-PG-5532,Equipment Scheduling,295966,Paola Galvan,,Admin (TAMU) Lab,,Texas A&M University,"Tape Station (Agilent) (Tape Station (Agilent)) | Thursday, April 09",,0638,WSGI,completed,billing_initialized,hour,0,4/23/26 13:27,4/9/26 10:01,4/23/26 13:27,4/24/26 16:20,4/25/26 03:00,4/24/26 23:59,Paola Galvan,Molecular Genomics Workspace,MGW-5846968,,,,,72193466,No status set,,Molecular Biology,Staff:NoCharge,,,,,,3986
MGW-PG-5532,Equipment Scheduling,296365,Paola Galvan,,Admin (TAMU) Lab,,Texas A&M University,"QX200 Droplet Digital PCR System (Bio-Rad) (ddPCR system) | Thursday, April 23 (cancellation)",,0638,WSGI,completed,not_billable,hour,0,4/23/26 13:32,4/23/26 08:30,4/23/26 13:32,4/24/26 16:20,4/25/26 03:00,4/24/26 23:59,Paola Galvan,Molecular Genomics Workspace,MGW-5846968,Cancellation,,,,72193727,No status set,,Molecular Biology,Staff:NoCharge,,,,,,3986
MGW-PG-5532,Equipment Scheduling,295966,Paola Galvan,,Admin (TAMU) Lab,,Texas A&M University,"Tape Station (Agilent) (Tape Station (Agilent)) | Friday, April 24",Shelbie - Training,0638,WSGI,completed,billing_initialized,hour,0,5/21/26 16:17,4/24/26 13:31,5/21/26 16:17,5/27/26 16:32,5/28/26 03:00,5/27/26 23:59,Paola Galvan,Molecular Genomics Workspace,MGW-5910836,,,,,72916267,No status set,,Molecular Biology,Staff:NoCharge,,,,,,3986
MGW-PG-5532,Equipment Scheduling,296365,Paola Galvan,,Admin (TAMU) Lab,,Texas A&M University,"QX200 Droplet Digital PCR System (Bio-Rad) (ddPCR system) | Thursday, April 23",,0638,WSGI,completed,billing_initialized,hour,0,5/21/26 16:17,4/23/26 11:00,5/21/26 16:17,5/27/26 16:32,5/28/26 03:00,5/27/26 23:59,Paola Galvan,Molecular Genomics Workspace,MGW-5910836,,,,,72916270,No status set,,Molecular Biology,Staff:NoCharge,,,,,,3986
MGW-PG-5532,Equipment Scheduling,295966,Paola Galvan,,Admin (TAMU) Lab,,Texas A&M University,"Tape Station (Agilent) (Tape Station (Agilent)) | Friday, April 24",Kent training,0638,WSGI,completed,billing_initialized,hour,0,5/21/26 16:17,4/24/26 14:21,5/21/26 16:17,5/27/26 16:32,5/28/26 03:00,5/27/26 23:59,Paola Galvan,Molecular Genomics Workspace,MGW-5910836,,,,,72916271,No status set,,Molecular Biology,Staff:NoCharge,,,,,,3986
MGW-PG-5590,Equipment Scheduling,295966,Paola Galvan,,Admin (TAMU) Lab,,Texas A&M University,"Tape Station (Agilent) (Tape Station (Agilent)) | Wednesday, May 06",,0638,WSGI,completed,billing_initialized,hour,0,5/21/26 16:17,5/6/26 11:42,5/21/26 16:17,5/27/26 16:32,5/28/26 03:00,5/27/26 23:59,Paola Galvan,Molecular Genomics Workspace,MGW-5910836,,,,,72916275,No status set,,Molecular Biology,Staff:NoCharge,,,,,,3986
MGW-PG-5590,Equipment Scheduling,296365,Paola Galvan,,Admin (TAMU) Lab,,Texas A&M University,"QX200 Droplet Digital PCR System (Bio-Rad) (ddPCR system) | Thursday, May 14",Harpreet - 3 columns,0638,WSGI,completed,billing_initialized,hour,0,5/21/26 16:17,5/14/26 11:09,5/21/26 16:17,5/27/26 16:32,5/28/26 03:00,5/27/26 23:59,Paola Galvan,Molecular Genomics Workspace,MGW-5910836,,,,,72916276,No status set,,Molecular Biology,Staff:NoCharge,,,,,,3986
MGW-PG-5590,Equipment Scheduling,295966,Paola Galvan,,Admin (TAMU) Lab,,Texas A&M University,"Tape Station (Agilent) (Tape Station (Agilent)) | Thursday, May 14",,0638,WSGI,completed,billing_initialized,hour,0,5/21/26 16:17,5/14/26 14:22,5/21/26 16:17,5/27/26 16:32,5/28/26 03:00,5/27/26 23:59,Paola Galvan,Molecular Genomics Workspace,MGW-5910836,,,,,72916277,No status set,,Molecular Biology,Staff:NoCharge,,,,,,3986
MGW-PG-5590,Equipment Scheduling,295966,Paola Galvan,,Admin (TAMU) Lab,,Texas A&M University,"Tape Station (Agilent) (Tape Station (Agilent)) | Wednesday, May 20",Dr. Zhu and students training,0638,WSGI,completed,billing_initialized,hour,0,5/21/26 16:17,5/20/26 11:25,5/21/26 16:17,5/27/26 16:32,5/28/26 03:00,5/27/26 23:59,Paola Galvan,Molecular Genomics Workspace,MGW-5910836,,,,,72916280,No status set,,Molecular Biology,Staff:NoCharge,,,,,,3986
MGW-PG-5590,Equipment Scheduling,295966,Paola Galvan,,Admin (TAMU) Lab,,Texas A&M University,"Tape Station (Agilent) (Tape Station (Agilent)) | Thursday, May 28",,0638,WSGI,completed,billing_initialized,hour,0,6/22/26 12:26,5/28/26 15:00,6/22/26 12:26,6/25/26 11:45,7/6/26 17:14,6/25/26 23:59,Paola Galvan,Molecular Genomics Workspace,MGW-5970373,,,,,73639379,No status set,,Molecular Biology,Staff:NoCharge,,,,,,3986
MGW-PG-5590,Equipment Scheduling,292905,Paola Galvan,,Admin (TAMU) Lab,,Texas A&M University,"CFX Real-Time System 384 well (Bio-Rad) - REYN (CFX384 Real-Time System (Bio-Rad) GNK) | Thursday, May 28",,0638,WSGI,completed,billing_initialized,hour,0,6/22/26 12:26,5/28/26 16:30,6/22/26 12:26,6/25/26 11:45,7/6/26 17:14,6/25/26 23:59,Paola Galvan,Molecular Genomics Workspace,MGW-5970373,,,,,73639383,No status set,,Molecular Biology,Staff:NoCharge,,,,,,3986
MGW-PG-5606,Equipment Scheduling,295966,Paola Galvan,,Admin (TAMU) Lab,,Texas A&M University,"Tape Station (Agilent) (Tape Station (Agilent)) | Tuesday, June 02",,0638,WSGI,completed,billing_initialized,hour,0,6/22/26 12:26,6/2/26 12:30,6/22/26 12:26,6/25/26 11:45,7/6/26 17:14,6/25/26 23:59,Paola Galvan,Molecular Genomics Workspace,MGW-5970373,,,,,73639385,No status set,,Molecular Biology,Staff:NoCharge,,,,,,3986
MGW-PG-5606,Equipment Scheduling,295966,Paola Galvan,,Admin (TAMU) Lab,,Texas A&M University,"Tape Station (Agilent) (Tape Station (Agilent)) | Thursday, June 04",,0638,WSGI,completed,billing_initialized,hour,0,6/22/26 12:27,6/4/26 10:30,6/22/26 12:27,6/25/26 11:45,7/6/26 17:14,6/25/26 23:59,Paola Galvan,Molecular Genomics Workspace,MGW-5970373,,,,,73639397,No status set,,Molecular Biology,Staff:NoCharge,,,,,,3986
MGW-PG-5606,Equipment Scheduling,295966,Paola Galvan,,Admin (TAMU) Lab,,Texas A&M University,"Tape Station (Agilent) (Tape Station (Agilent)) | Monday, June 08",,0638,WSGI,completed,billing_initialized,hour,0,6/22/26 12:28,6/8/26 13:34,6/22/26 12:28,6/25/26 11:45,7/6/26 17:14,6/25/26 23:59,Paola Galvan,Molecular Genomics Workspace,MGW-5970373,,,,,73639465,No status set,,Molecular Biology,Staff:NoCharge,,,,,,3986
MGW-PG-5671,Equipment Scheduling,295966,Paola Galvan,,Admin (TAMU) Lab,,Texas A&M University,"Tape Station (Agilent) (Tape Station (Agilent)) | Thursday, July 09",,0638,WSGI,completed,billing_initialized,hour,0,7/27/26 13:31,7/9/26 11:48,7/27/26 13:31,7/27/26 14:09,7/28/26 03:05,7/27/26 23:59,Paola Galvan,Molecular Genomics Workspace,MGW-6028636,,,,,74481170,No status set,,Molecular Biology,Staff:NoCharge,,,,,,3986
MGW-PG-5671,Equipment Scheduling,295966,Paola Galvan,,Admin (TAMU) Lab,,Texas A&M University,"Tape Station (Agilent) (Tape Station (Agilent)) | Thursday, July 09",,0638,WSGI,completed,billing_initialized,hour,0,7/27/26 13:31,7/9/26 12:18,7/27/26 13:31,7/27/26 14:09,7/28/26 03:05,7/27/26 23:59,Paola Galvan,Molecular Genomics Workspace,MGW-6028636,,,,,74481171,No status set,,Molecular Biology,Staff:NoCharge,,,,,,3986
MGW-PG-5671,Equipment Scheduling,295966,Paola Galvan,,Admin (TAMU) Lab,,Texas A&M University,"Tape Station (Agilent) (Tape Station (Agilent)) | Friday, July 17",,0638,WSGI,completed,billing_initialized,hour,0,7/27/26 13:31,7/17/26 10:39,7/27/26 13:31,7/27/26 14:09,7/28/26 03:05,7/27/26 23:59,Paola Galvan,Molecular Genomics Workspace,MGW-6028636,,,,,74481176,No status set,,Molecular Biology,Staff:NoCharge,,,,,,3986
MGW-PG-5671,Equipment Scheduling,295966,Paola Galvan,,Admin (TAMU) Lab,,Texas A&M University,"Tape Station (Agilent) (Tape Station (Agilent)) | Thursday, July 23",,0638,WSGI,completed,billing_initialized,hour,0,7/27/26 13:31,7/23/26 13:32,7/27/26 13:31,7/27/26 14:09,7/28/26 03:05,7/27/26 23:59,Paola Galvan,Molecular Genomics Workspace,MGW-6028636,,,,,74481179,No status set,,Molecular Biology,Staff:NoCharge,,,,,,3986
MGW-PG-5671,Equipment Scheduling,296365,Paola Galvan,,Admin (TAMU) Lab,,Texas A&M University,"QX200 Droplet Digital PCR System (Bio-Rad) (ddPCR system) | Wednesday, July 22",,0638,WSGI,completed,billing_initialized,hour,0,7/27/26 13:31,7/22/26 11:13,7/27/26 13:31,7/27/26 14:09,7/28/26 03:05,7/27/26 23:59,Paola Galvan,Molecular Genomics Workspace,MGW-6028636,,,,,74481181,No status set,,Molecular Biology,Staff:NoCharge,,,,,,3986
MGW-PG-5671,Equipment Scheduling,295966,Paola Galvan,,Admin (TAMU) Lab,,Texas A&M University,"Tape Station (Agilent) (Tape Station (Agilent)) | Wednesday, July 22",,0638,WSGI,completed,billing_initialized,hour,0,7/27/26 13:31,7/22/26 14:00,7/27/26 13:31,7/27/26 14:09,7/28/26 03:05,7/27/26 23:59,Paola Galvan,Molecular Genomics Workspace,MGW-6028636,,,,,74481182,No status set,,Molecular Biology,Staff:NoCharge,,,,,,3986
MGW-PG-5671,Equipment Scheduling,292907,Paola Galvan,,Admin (TAMU) Lab,,Texas A&M University,"Qubit Fluorometer (Life Technologies) (Qubit Fluorometer (Life Technologies)) | Wednesday, July 22",,0638,WSGI,completed,billing_initialized,hour,0,7/27/26 13:31,7/22/26 13:00,7/27/26 13:31,7/27/26 14:09,7/28/26 03:05,7/27/26 23:59,Paola Galvan,Molecular Genomics Workspace,MGW-6028636,,,,,74481184,No status set,,Molecular Biology,Staff:NoCharge,,,,,,3986
MGW-PG-5671,Equipment Scheduling,295966,Paola Galvan,,Admin (TAMU) Lab,,Texas A&M University,"Tape Station (Agilent) (Tape Station (Agilent)) | Tuesday, July 28",,0638,WSGI,completed,billing_initialized,hour,0,8/20/26 12:19,7/28/26 13:30,8/20/26 12:19,8/24/26 15:43,8/25/26 03:05,8/24/26 23:59,Paola Galvan,Molecular Genomics Workspace,MGW-6084230,,,,,75112165,No status set,,Molecular Biology,Staff:NoCharge,,,,,,3986
MGW-PG-5671,Equipment Scheduling,295966,Paola Galvan,,Admin (TAMU) Lab,,Texas A&M University,"Tape Station (Agilent) (Tape Station (Agilent)) | Wednesday, July 29",,0638,WSGI,completed,billing_initialized,hour,0,8/20/26 12:20,7/29/26 12:30,8/20/26 12:20,8/24/26 15:43,8/25/26 03:05,8/24/26 23:59,Paola Galvan,Molecular Genomics Workspace,MGW-6084230,,,,,75112167,No status set,,Molecular Biology,Staff:NoCharge,,,,,,3986
MGW-PG-5671,Equipment Scheduling,295966,Paola Galvan,,Admin (TAMU) Lab,,Texas A&M University,"Tape Station (Agilent) (Tape Station (Agilent)) | Thursday, July 30",,0638,WSGI,completed,billing_initialized,hour,0,8/20/26 12:20,7/30/26 15:30,8/20/26 12:20,8/24/26 15:43,8/25/26 03:05,8/24/26 23:59,Paola Galvan,Molecular Genomics Workspace,MGW-6084230,,,,,75112169,No status set,,Molecular Biology,Staff:NoCharge,,,,,,3986
MGW-PG-5671,Equipment Scheduling,295966,Paola Galvan,,Admin (TAMU) Lab,,Texas A&M University,"Tape Station (Agilent) (Tape Station (Agilent)) | Friday, July 31",,0638,WSGI,completed,billing_initialized,hour,0,8/20/26 12:20,7/31/26 12:30,8/20/26 12:20,8/24/26 15:43,8/25/26 03:05,8/24/26 23:59,Paola Galvan,Molecular Genomics Workspace,MGW-6084230,,,,,75112170,No status set,,Molecular Biology,Staff:NoCharge,,,,,,3986
MGW-PG-5714,Equipment Scheduling,295966,Paola Galvan,,Admin (TAMU) Lab,,Texas A&M University,"Tape Station (Agilent) (Tape Station (Agilent)) | Friday, August 07",,0638,WSGI,completed,billing_initialized,hour,0,8/20/26 12:20,8/7/26 11:30,8/20/26 12:20,8/24/26 15:43,8/25/26 03:05,8/24/26 23:59,Paola Galvan,Molecular Genomics Workspace,MGW-6084230,,,,,75112173,No status set,,Molecular Biology,Staff:NoCharge,,,,,,3986
MGW-PG-5714,Equipment Scheduling,295966,Paola Galvan,,Admin (TAMU) Lab,,Texas A&M University,"Tape Station (Agilent) (Tape Station (Agilent)) | Thursday, August 13",,0638,WSGI,completed,billing_initialized,hour,0,8/20/26 12:20,8/13/26 14:00,8/20/26 12:20,8/24/26 15:43,8/25/26 03:05,8/24/26 23:59,Paola Galvan,Molecular Genomics Workspace,MGW-6084230,,,,,75112176,No status set,,Molecular Biology,Staff:NoCharge,,,,,,3986
MGW-PG-5714,Equipment Scheduling,296365,Paola Galvan,,Admin (TAMU) Lab,,Texas A&M University,"QX200 Droplet Digital PCR System (Bio-Rad) (ddPCR system) | Wednesday, August 26",Harpreet muscle,0638,WSGI,completed,billing_initialized,hour,0,9/24/26 11:16,8/26/26 08:00,9/24/26 11:16,9/24/26 11:26,9/25/26 03:05,9/24/26 23:59,Paola Galvan,Molecular Genomics Workspace,MGW-6140685,,,,,75927173,No status set,,Molecular Biology,Staff:NoCharge,,,,,,3986
MGW-PG-5714,Equipment Scheduling,296365,Paola Galvan,,Admin (TAMU) Lab,,Texas A&M University,"QX200 Droplet Digital PCR System (Bio-Rad) (ddPCR system) | Thursday, August 27","Harpreet, liver",0638,WSGI,completed,billing_initialized,hour,0,9/24/26 11:16,8/27/26 08:00,9/24/26 11:16,9/24/26 11:26,9/25/26 03:05,9/24/26 23:59,Paola Galvan,Molecular Genomics Workspace,MGW-6140685,,,,,75927174,No status set,,Molecular Biology,Staff:NoCharge,,,,,,3986
MGW-PR-5512,QC RNA  (per sample),504608,Penny Riggs,,"Riggs, Penny (TAMU) Lab",Animal Science,Texas A&M University,QC RNA  (per sample),,0638,WSGI,cancelled,cancelled,each,0,10/10/25 09:55,10/10/25 09:55,,n/a,n/a,n/a,jun Fan,Molecular Genomics Workspace,no invoice,,,,,67471576,No status set,,Full Service - DNA/RNA QC,N/A,,,,,,3986
MGW-PR-5512,QC RNA  (per sample),506493,Penny Riggs,,"Riggs, Penny (TAMU) Lab",Animal Science,Texas A&M University,QC microRNA (per sample),,0638,WSGI,cancelled,cancelled,each,0,10/10/25 09:56,10/10/25 09:56,,n/a,n/a,n/a,jun Fan,Molecular Genomics Workspace,no invoice,,,,,67471593,No status set,,Full Service - DNA/RNA QC,N/A,,,,,,3986
MGW-PR-5512,QC RNA  (per sample),504610,Penny Riggs,,"Riggs, Penny (TAMU) Lab",Animal Science,Texas A&M University,Illumina Stranded mRNA (Ligation) Library Preparation (per sample),,0638,WSGI,cancelled,cancelled,each,0,10/10/25 09:56,10/10/25 09:56,,n/a,n/a,n/a,jun Fan,Molecular Genomics Workspace,no invoice,,,,,67471608,No status set,,Full Service - RNA Library Preparation for Illumina NGS,N/A,,,,,,3986
MGW-PR-5512,QC RNA  (per sample),538391,Penny Riggs,,"Riggs, Penny (TAMU) Lab",Animal Science,Texas A&M University,QIAseq microRNA Library Prep (per sample),,0638,WSGI,cancelled,cancelled,each,0,10/10/25 09:56,10/10/25 09:56,,n/a,n/a,n/a,jun Fan,Molecular Genomics Workspace,no invoice,,,,,67471614,No status set,,Full Service - RNA Library Preparation for Illumina NGS,N/A,,,,,,3986
MGW-PR-5512,QC RNA  (per sample),534532,Penny Riggs,,"Riggs, Penny (TAMU) Lab",Animal Science,Texas A&M University,Sequencing - P3-XLEAP - 100 cycle (~1B reads),,0638,WSGI,cancelled,cancelled,each,0,10/10/25 09:57,10/10/25 09:57,,n/a,n/a,n/a,jun Fan,Molecular Genomics Workspace,no invoice,,,,,67471633,No status set,,Full Service - Sequencing (NextSeq 2000),N/A,,,,,,3986
MGW-PR-5512,QC RNA  (per sample),529021,Penny Riggs,,"Riggs, Penny (TAMU) Lab",Animal Science,Texas A&M University,Sequencing - P4-XLEAP - 200 cycle (~1.8B reads),,0638,WSGI,cancelled,cancelled,each,0,10/10/25 09:57,10/10/25 09:57,,n/a,n/a,n/a,jun Fan,Molecular Genomics Workspace,no invoice,,,,,67471653,No status set,,Full Service - Sequencing (NextSeq 2000),N/A,,,,,,3986
MGW-PS-5627,Project Request,567613,Peyton Smith,Principal Investigator,"Smith, Ashly (TAMU) Lab",,Texas A&M University,Watchmaker DNA-seq library - Consumables,,0638,WSGI,proposed,not_ready_to_bill,each,1023.12,7/3/26 13:00,7/3/26 13:00,,n/a,n/a,n/a,jun Fan,Molecular Genomics Workspace,no invoice,,,,,73978051,No status set,,DNA Library Preparation - Consumables,N/A,,,,,,3986
MGW-PS-5627,Project Request,561152,Peyton Smith,Principal Investigator,"Smith, Ashly (TAMU) Lab",,Texas A&M University,QC Core-prepared Library - Consumables,,0638,WSGI,proposed,not_ready_to_bill,each,373.2,7/3/26 13:01,7/3/26 13:01,,n/a,n/a,n/a,jun Fan,Molecular Genomics Workspace,no invoice,,,,,73978064,No status set,,QC - Consumables,N/A,,,,,,3986
MGW-PS-5627,Project Request,560903,Peyton Smith,Principal Investigator,"Smith, Ashly (TAMU) Lab",,Texas A&M University,QC DNA - Consumables,,0638,WSGI,proposed,not_ready_to_bill,each,427.2,7/3/26 13:02,7/3/26 13:02,,n/a,n/a,n/a,jun Fan,Molecular Genomics Workspace,no invoice,,,,,73978067,No status set,,QC - Consumables,N/A,,,,,,3986
MGW-PS-5627,Project Request,559373,Peyton Smith,Principal Investigator,"Smith, Ashly (TAMU) Lab",,Texas A&M University,4200 TapeStation,,0638,WSGI,proposed,not_ready_to_bill,hour,57.6,7/3/26 13:02,7/3/26 13:02,,n/a,n/a,n/a,jun Fan,Molecular Genomics Workspace,no invoice,,,,,73978069,No status set,,Instrument Charges,N/A,,,,,,3986
MGW-PS-5627,Project Request,559377,Peyton Smith,Principal Investigator,"Smith, Ashly (TAMU) Lab",,Texas A&M University,Laboratory Technician,,0638,WSGI,proposed,not_ready_to_bill,hour,400,7/3/26 13:02,7/3/26 13:02,,n/a,n/a,n/a,jun Fan,Molecular Genomics Workspace,no invoice,,,,,73978074,No status set,,Laboratory Technician,N/A,,,,,,3986
MGW-PS-5627,Project Request,571884,Peyton Smith,Principal Investigator,"Smith, Ashly (TAMU) Lab",,Texas A&M University,NovaSeq X 10B 300 cycles 1 lane- Consumables,,0638,WSGI,proposed,not_ready_to_bill,each,2854,7/6/26 13:02,7/6/26 13:02,,n/a,n/a,n/a,jun Fan,Molecular Genomics Workspace,no invoice,,,,,74016888,No status set,,NovaSeq - Consumables,N/A,,,,,,3986
MGW-RM-5251,Miltenyi Nuclei Isolation from Tissues for Single Cell mRNA (per sample),539127,Rachel Moran,Principal Investigator,"Moran, Rachel (TAMU) Lab",,Texas A&M University,Miltenyi Nuclei Isolation from Tissues for Single Cell mRNA (per sample),,0638,WSGI,cancelled,cancelled,each,0,9/19/25 13:47,9/19/25 13:47,,n/a,n/a,n/a,Sarah Sharpton,Molecular Genomics Workspace,no invoice,,,,,66919645,No status set,,Full Service - Nuclei Isolation,N/A,,,,,,3986
MGW-RM-5251,Miltenyi Nuclei Isolation from Tissues for Single Cell mRNA (per sample),504633,Rachel Moran,Principal Investigator,"Moran, Rachel (TAMU) Lab",,Texas A&M University,Countess Assay (full service; per sample),,0638,WSGI,cancelled,cancelled,each,0,9/19/25 13:48,9/19/25 13:48,,n/a,n/a,n/a,Sarah Sharpton,Molecular Genomics Workspace,no invoice,,,,,66919663,No status set,,Full Service - Cell Counting & Viability,N/A,,,,,,3986
MGW-RM-5251,Miltenyi Nuclei Isolation from Tissues for Single Cell mRNA (per sample),557749,Rachel Moran,Principal Investigator,"Moran, Rachel (TAMU) Lab",,Texas A&M University,10X Genomics Single Cell GEM-X 3' costumer provided kit,,0638,WSGI,cancelled,cancelled,each,0,9/19/25 13:48,9/19/25 13:48,,n/a,n/a,n/a,Sarah Sharpton,Molecular Genomics Workspace,no invoice,,,,,66919677,No status set,,Full Service - Single Cell Library Preparation ,N/A,,,,,,3986
MGW-RM-5251,Miltenyi Nuclei Isolation from Tissues for Single Cell mRNA (per sample),529020,Rachel Moran,Principal Investigator,"Moran, Rachel (TAMU) Lab",,Texas A&M University,Sequencing - P4-XLEAP - 100 cycle (~1.8B reads),,0638,WSGI,cancelled,cancelled,each,0,9/19/25 13:49,9/19/25 13:49,,n/a,n/a,n/a,Sarah Sharpton,Molecular Genomics Workspace,no invoice,,,,,66919680,No status set,,Full Service - Sequencing (NextSeq 2000),N/A,,,,,,3986
MGW-RM-5332,Miltenyi Nuclei Isolation from Tissues for Single Cell mRNA (per sample),539127,Rachel Moran,Principal Investigator,"Moran, Rachel (UoC) Lab",,University of Chicago,Miltenyi Nuclei Isolation from Tissues for Single Cell mRNA (per sample),,0638,WSGI,completed,billing_initialized,each,3920,11/7/25 12:23,11/7/25 12:23,11/24/25 10:18,11/25/25 10:28,11/26/25 03:00,11/25/25 23:59,Paola Galvan,Molecular Genomics Workspace,MGW-5554533,,,,,68249660,No status set,,Full Service - Nuclei Isolation,N/A,,,,,,3986
MGW-RM-5332,Miltenyi Nuclei Isolation from Tissues for Single Cell mRNA (per sample),504633,Rachel Moran,Principal Investigator,"Moran, Rachel (UoC) Lab",,University of Chicago,Countess Assay (full service; per sample),,0638,WSGI,completed,billing_initialized,each,102.4,11/7/25 12:25,11/7/25 12:25,11/24/25 10:18,11/25/25 10:28,11/26/25 03:00,11/25/25 23:59,Paola Galvan,Molecular Genomics Workspace,MGW-5554533,,,,,68249770,No status set,,Full Service - Cell Counting & Viability,N/A,,,,,,3986
MGW-RM-5332,Miltenyi Nuclei Isolation from Tissues for Single Cell mRNA (per sample),557749,Rachel Moran,Principal Investigator,"Moran, Rachel (UoC) Lab",,University of Chicago,10X Genomics Single Cell GEM-X 3' costumer provided kit,,0638,WSGI,completed,billing_initialized,each,8000,11/7/25 12:28,11/7/25 12:28,11/24/25 10:18,11/25/25 10:28,11/26/25 03:00,11/25/25 23:59,Paola Galvan,Molecular Genomics Workspace,MGW-5554533,,,,,68249954,No status set,,Consumables,N/A,,,,,,3986
MGW-RM-5332,Miltenyi Nuclei Isolation from Tissues for Single Cell mRNA (per sample),529020,Rachel Moran,Principal Investigator,"Moran, Rachel (UoC) Lab",,University of Chicago,Sequencing - P4-XLEAP - 100 cycle (~1.8B reads),,0638,WSGI,completed,billing_initialized,each,12720,11/7/25 12:29,11/7/25 12:29,11/24/25 10:18,11/25/25 10:28,11/26/25 03:00,11/25/25 23:59,Paola Galvan,Molecular Genomics Workspace,MGW-5554533,,,,,68250004,No status set,,Full Service - Sequencing (NextSeq 2000),N/A,,,,,,3986
MGW-RM-5214,Parse Single Cell RNASeq -- WT - Penta (5M) cells,561282,Rajesh Miranda,,"Miranda, Rajesh (TAMU) Lab",Neuroscience & Experimental Therapeutics,Texas A&M University,Customer Provided Kit - Parse Single Cell RNASeq - WT - Penta - (5M) Cells,,0638,WSGI,completed,billing_initialized,each,2325,12/18/25 16:18,12/18/25 16:18,1/28/26 10:40,1/28/26 11:03,1/29/26 03:00,1/28/26 23:59,Sarah Sharpton,Molecular Genomics Workspace,MGW-5668375,,,,,69247859,No status set,,Single Cell Library Preparation - Consumables,N/A,,,,,,3986
MGW-RM-5160,10X Genomics Visium HD FFPE costumer provided kit,561183,Rajesh Miranda,,"Miranda, Rajesh (TAMU) Lab",Neuroscience & Experimental Therapeutics,Texas A&M University,Qiagen Rneasy FFPE RNA QC - Consumables,,0638,WSGI,completed,billing_initialized,each,918.08,5/8/26 16:02,5/8/26 16:02,9/21/26 10:31,9/24/26 11:26,9/25/26 03:05,9/24/26 23:59,Sarah Sharpton,Molecular Genomics Workspace,MGW-6140665,,,,,72638850,No status set,,Single Cell-Visuim QC-Isolation - Consumables,N/A,,,,,,3986
MGW-RM-5160,10X Genomics Visium HD FFPE costumer provided kit,561278,Rajesh Miranda,,"Miranda, Rajesh (TAMU) Lab",Neuroscience & Experimental Therapeutics,Texas A&M University,Customer Provided Kit - 10X Genomics Visium CytAssit Spatial Gene Expression HD FFPE - Consumables,,0638,WSGI,completed,billing_initialized,each,660,5/8/26 16:03,5/8/26 16:03,9/21/26 10:31,9/24/26 11:26,9/25/26 03:05,9/24/26 23:59,Sarah Sharpton,Molecular Genomics Workspace,MGW-6140665,,,,,72638884,No status set,,Single Cell Library Preparation - Consumables,N/A,,,,,,3986
MGW-RM-5160,10X Genomics Visium HD FFPE costumer provided kit,561152,Rajesh Miranda,,"Miranda, Rajesh (TAMU) Lab",Neuroscience & Experimental Therapeutics,Texas A&M University,QC Core-prepared Library - Consumables,,0638,WSGI,completed,billing_initialized,each,124.4,5/8/26 16:04,5/8/26 16:04,9/21/26 10:31,9/24/26 11:26,9/25/26 03:05,9/24/26 23:59,Sarah Sharpton,Molecular Genomics Workspace,MGW-6140665,,,,,72638914,No status set,,QC - Consumables,N/A,,,,,,3986
MGW-RM-5160,10X Genomics Visium HD FFPE costumer provided kit,559373,Rajesh Miranda,,"Miranda, Rajesh (TAMU) Lab",Neuroscience & Experimental Therapeutics,Texas A&M University,4200 TapeStation,,0638,WSGI,completed,billing_initialized,hour,48,5/8/26 16:05,5/8/26 16:05,9/21/26 10:31,9/24/26 11:26,9/25/26 03:05,9/24/26 23:59,Sarah Sharpton,Molecular Genomics Workspace,MGW-6140665,,,,,72638928,No status set,,Instrument Charges,N/A,,,,,,3986
MGW-RM-5160,10X Genomics Visium HD FFPE costumer provided kit,559371,Rajesh Miranda,,"Miranda, Rajesh (TAMU) Lab",Neuroscience & Experimental Therapeutics,Texas A&M University,NextSeq 2000 Sequencing System (S/N VH00580),,0638,WSGI,completed,billing_initialized,each,250,5/8/26 16:05,5/8/26 16:05,9/21/26 10:31,9/24/26 11:26,9/25/26 03:05,9/24/26 23:59,Sarah Sharpton,Molecular Genomics Workspace,MGW-6140665,,,,,72638933,No status set,,Instrument Charges,N/A,,,,,,3986
MGW-RM-5160,10X Genomics Visium HD FFPE costumer provided kit,559377,Rajesh Miranda,,"Miranda, Rajesh (TAMU) Lab",Neuroscience & Experimental Therapeutics,Texas A&M University,Laboratory Technician,,0638,WSGI,completed,billing_initialized,hour,2000,5/8/26 16:07,5/8/26 16:07,9/21/26 10:31,9/24/26 11:26,9/25/26 03:05,9/24/26 23:59,Sarah Sharpton,Molecular Genomics Workspace,MGW-6140665,,,,,72639035,No status set,,Laboratory Technician,N/A,,,,,,3986
MGW-RM-5160,10X Genomics Visium HD FFPE costumer provided kit,561262,Rajesh Miranda,,"Miranda, Rajesh (TAMU) Lab",Neuroscience & Experimental Therapeutics,Texas A&M University,NextSeq 2000 P4 XLEAP-SBS Reagent Kit (100 cycles) - Consumables,,0638,WSGI,completed,billing_initialized,each,2970,5/11/26 14:01,5/11/26 14:01,9/21/26 10:31,9/24/26 11:26,9/25/26 03:05,9/24/26 23:59,Sarah Sharpton,Molecular Genomics Workspace,MGW-6140665,,,,,72675121,No status set,,Sequencing (NextSeq 2000) - Consumables,N/A,,,,,,3986
MGW-RS-5521,Project Request,561151,Rashi Sharma,Graduate Student,"Song, Jianxun (TAMU) Lab",Microbial Pathogenesis and Immunology,Texas A&M University,QC RNA,,0638,WSGI,completed,billing_initialized,each,53.1,4/16/26 16:05,4/16/26 16:05,6/25/26 11:17,6/25/26 11:44,7/6/26 17:14,6/25/26 23:59,jun Fan,Molecular Genomics Workspace,MGW-5970363,,,,,72044059,No status set,,QC - Consumables,N/A,,,,,,3986
MGW-RS-5521,Project Request,561152,Rashi Sharma,Graduate Student,"Song, Jianxun (TAMU) Lab",Microbial Pathogenesis and Immunology,Texas A&M University,QC Core-prepared Library,,0638,WSGI,completed,billing_initialized,each,93.3,4/16/26 16:06,4/16/26 16:06,6/25/26 11:17,6/25/26 11:44,7/6/26 17:14,6/25/26 23:59,jun Fan,Molecular Genomics Workspace,MGW-5970363,,,,,72044061,No status set,,QC - Consumables,N/A,,,,,,3986
MGW-RS-5521,Project Request,559377,Rashi Sharma,Graduate Student,"Song, Jianxun (TAMU) Lab",Microbial Pathogenesis and Immunology,Texas A&M University,Laboratory Technician,,0638,WSGI,completed,billing_initialized,hour,250,4/16/26 16:06,4/16/26 16:06,6/25/26 11:18,6/25/26 11:44,7/6/26 17:14,6/25/26 23:59,jun Fan,Molecular Genomics Workspace,MGW-5970363,,,,,72044063,No status set,,Laboratory Technician,N/A,,,,,,3986
MGW-RS-5521,Project Request,559373,Rashi Sharma,Graduate Student,"Song, Jianxun (TAMU) Lab",Microbial Pathogenesis and Immunology,Texas A&M University,4200 TapeStation,,0638,WSGI,completed,billing_initialized,hour,14.4,4/16/26 16:06,4/16/26 16:06,6/25/26 11:17,6/25/26 11:44,7/6/26 17:14,6/25/26 23:59,jun Fan,Molecular Genomics Workspace,MGW-5970363,,,,,72044067,No status set,,Instrument Charges,N/A,,,,,,3986
MGW-RS-5521,Project Request,559371,Rashi Sharma,Graduate Student,"Song, Jianxun (TAMU) Lab",Microbial Pathogenesis and Immunology,Texas A&M University,NextSeq 2000 Sequencing System (S/N VH00580),,0638,WSGI,completed,billing_initialized,each,37.5,4/16/26 16:06,4/16/26 16:06,6/25/26 11:18,6/25/26 11:44,7/6/26 17:14,6/25/26 23:59,jun Fan,Molecular Genomics Workspace,MGW-5970363,,,,,72044071,No status set,,Instrument Charges,N/A,,,,,,3986
MGW-RS-5521,Project Request,561256,Rashi Sharma,Graduate Student,"Song, Jianxun (TAMU) Lab",Microbial Pathogenesis and Immunology,Texas A&M University,NextSeq 2000 P3 XLEAP-SBS Reagent Kit (200 cycles),,0638,WSGI,completed,billing_initialized,each,532.79,4/16/26 16:07,4/16/26 16:07,6/25/26 11:18,6/25/26 11:44,7/6/26 17:14,6/25/26 23:59,jun Fan,Molecular Genomics Workspace,MGW-5970363,,,,,72044107,No status set,,Sequencing (NextSeq 2000) - Consumables,N/A,,,,,,3986
MGW-RS-5521,Project Request,564573,Rashi Sharma,Graduate Student,"Song, Jianxun (TAMU) Lab",Microbial Pathogenesis and Immunology,Texas A&M University,Wathmaker mRNAseq library,,0638,WSGI,completed,billing_initialized,each,321.78,4/16/26 16:09,4/16/26 16:09,6/25/26 11:17,6/25/26 11:44,7/6/26 17:14,6/25/26 23:59,jun Fan,Molecular Genomics Workspace,MGW-5970363,,,,,72044144,No status set,,RNA Library Preparation - Consumables,N/A,,,,,,3986
MGW-RS-5521,Project Request,559377,Rashi Sharma,Graduate Student,"Song, Jianxun (TAMU) Lab",Microbial Pathogenesis and Immunology,Texas A&M University,Laboratory Technician,The laboratory charge for setting up the sequencing run.,0638,WSGI,completed,billing_initialized,hour,16.5,4/16/26 16:11,4/16/26 16:11,6/25/26 11:18,6/25/26 11:44,7/6/26 17:14,6/25/26 23:59,jun Fan,Molecular Genomics Workspace,MGW-5970363,,,,,72044170,No status set,,Laboratory Technician,N/A,,,,,,3986
MGW-RS-5566,Project Request,559377,Rashi Sharma,Graduate Student,"Song, Jianxun (TAMU) Lab",Microbial Pathogenesis and Immunology,Texas A&M University,Laboratory Technician,,0638,WSGI,completed,billing_initialized,hour,250,5/8/26 17:29,5/8/26 17:29,6/25/26 11:18,6/25/26 11:44,7/6/26 17:14,6/25/26 23:59,jun Fan,Molecular Genomics Workspace,MGW-5970363,,,,,72640996,No status set,,Laboratory Technician,N/A,,,,,,3986
MGW-RS-5566,Project Request,561152,Rashi Sharma,Graduate Student,"Song, Jianxun (TAMU) Lab",Microbial Pathogenesis and Immunology,Texas A&M University,QC Core-prepared Library - Consumables,,0638,WSGI,completed,billing_initialized,each,93.3,5/8/26 17:29,5/8/26 17:29,6/25/26 11:18,6/25/26 11:44,7/6/26 17:14,6/25/26 23:59,jun Fan,Molecular Genomics Workspace,MGW-5970363,,,,,72640999,No status set,,QC - Consumables,N/A,,,,,,3986
MGW-RS-5566,Project Request,561151,Rashi Sharma,Graduate Student,"Song, Jianxun (TAMU) Lab",Microbial Pathogenesis and Immunology,Texas A&M University,QC RNA - Consumables,,0638,WSGI,completed,billing_initialized,each,53.1,5/8/26 17:29,5/8/26 17:29,6/25/26 11:18,6/25/26 11:44,7/6/26 17:14,6/25/26 23:59,jun Fan,Molecular Genomics Workspace,MGW-5970363,,,,,72641001,No status set,,QC - Consumables,N/A,,,,,,3986
MGW-RS-5566,Project Request,564573,Rashi Sharma,Graduate Student,"Song, Jianxun (TAMU) Lab",Microbial Pathogenesis and Immunology,Texas A&M University,Wathmaker mRNAseq library - Consumables,,0638,WSGI,completed,billing_initialized,each,321.78,5/8/26 17:29,5/8/26 17:29,6/25/26 11:18,6/25/26 11:44,7/6/26 17:14,6/25/26 23:59,jun Fan,Molecular Genomics Workspace,MGW-5970363,,,,,72641002,No status set,,RNA Library Preparation - Consumables,N/A,,,,,,3986
MGW-RS-5566,Project Request,559373,Rashi Sharma,Graduate Student,"Song, Jianxun (TAMU) Lab",Microbial Pathogenesis and Immunology,Texas A&M University,4200 TapeStation,,0638,WSGI,completed,billing_initialized,hour,14.4,5/8/26 17:29,5/8/26 17:29,6/25/26 11:18,6/25/26 11:44,7/6/26 17:14,6/25/26 23:59,jun Fan,Molecular Genomics Workspace,MGW-5970363,,,,,72641003,No status set,,Instrument Charges,N/A,,,,,,3986
MGW-RS-5566,Project Request,559371,Rashi Sharma,Graduate Student,"Song, Jianxun (TAMU) Lab",Microbial Pathogenesis and Immunology,Texas A&M University,NextSeq 2000 Sequencing System (S/N VH00580),,0638,WSGI,completed,billing_initialized,each,37.5,5/8/26 17:29,5/8/26 17:29,6/25/26 11:18,6/25/26 11:44,7/6/26 17:14,6/25/26 23:59,jun Fan,Molecular Genomics Workspace,MGW-5970363,,,,,72641005,No status set,,Instrument Charges,N/A,,,,,,3986
MGW-RS-5566,Project Request,561256,Rashi Sharma,Graduate Student,"Song, Jianxun (TAMU) Lab",Microbial Pathogenesis and Immunology,Texas A&M University,NextSeq 2000 P3 XLEAP-SBS Reagent Kit (200 cycles) - Consumables,,0638,WSGI,completed,billing_initialized,each,532.79,5/8/26 17:30,5/8/26 17:30,6/25/26 11:18,6/25/26 11:44,7/6/26 17:14,6/25/26 23:59,jun Fan,Molecular Genomics Workspace,MGW-5970363,,,,,72641008,No status set,,Sequencing (NextSeq 2000) - Consumables,N/A,,,,,,3986
MGW-RS-5566,Project Request,559377,Rashi Sharma,Graduate Student,"Song, Jianxun (TAMU) Lab",Microbial Pathogenesis and Immunology,Texas A&M University,Laboratory Technician,,0638,WSGI,completed,billing_initialized,hour,16.5,5/8/26 17:31,5/8/26 17:31,6/25/26 11:18,6/25/26 11:44,7/6/26 17:14,6/25/26 23:59,jun Fan,Molecular Genomics Workspace,MGW-5970363,,,,,72641025,No status set,,Laboratory Technician,N/A,,,,,,3986
MGW-RD-5553,Project Request,559376,Ravindranath Duggirala,,"Duggirala, Ravindranath (TAMU) Lab",,Texas A&M University,Consumables,,0638,WSGI,financials_approved,not_ready_to_bill,each,9657.9,4/28/26 20:36,4/28/26 20:36,,n/a,n/a,n/a,jun Fan,Molecular Genomics Workspace,no invoice,,,,,72313248,No status set,,Consumables,N/A,,,,,,3986
MGW-RM-5698,Equipment Scheduling,561750,Roly Malaker,,"Septiningsih, Endang (TAMU) Lab",Soil & Crop Sciences,Texas A&M University,QX200 ddPCR Usage (3 columns) - Consumables,,0638,WSGI,completed,billing_initialized,each,176.16,7/27/26 12:07,7/28/26 12:30,8/20/26 12:07,8/24/26 15:43,8/25/26 03:05,8/24/26 23:59,Roly Malaker,Molecular Genomics Workspace,MGW-6084217,,,,,74477299,No status set,,Self Service - QX200 ddPCR,N/A,,,,,,3986
MGW-RM-5698,Equipment Scheduling,296365,Roly Malaker,,"Septiningsih, Endang (TAMU) Lab",Soil & Crop Sciences,Texas A&M University,"QX200 Droplet Digital PCR System (Bio-Rad) (ddPCR system) | Tuesday, July 28",,0638,WSGI,completed,billing_initialized,hour,106,8/20/26 12:07,7/28/26 12:30,8/20/26 12:07,8/24/26 15:43,8/25/26 03:05,8/24/26 23:59,Paola Galvan,Molecular Genomics Workspace,MGW-6084217,,,,,75111579,No status set,,Molecular Biology,Self Use,,,,,,3986
MGW-RM-5249,DNA/RNA Qubit Usage (per sample) ,292897,Ryne Maness,,"Criscione, Charles (TAU) Lab",Biology,Texas A&M University,DNA/RNA Qubit Usage (per sample) ,,0638,WSGI,completed,billing_initialized,each,11.6,9/19/25 09:51,9/19/25 09:51,9/29/25 10:29,9/29/25 16:12,9/30/25 03:00,9/29/25 23:59,Paola Galvan,Molecular Genomics Workspace,MGW-5434236,,,,,66909674,No status set,,Self Service - Qubit,N/A,,,,,,3986
MGW-RM-5249,DNA/RNA Qubit Usage (per sample) ,297786,Ryne Maness,,"Criscione, Charles (TAU) Lab",Biology,Texas A&M University,Genomic  DNA Usage (per sample),,0638,WSGI,completed,billing_initialized,each,30.4,9/23/25 15:24,9/23/25 15:24,9/29/25 10:29,9/29/25 16:12,9/30/25 03:00,9/29/25 23:59,Paola Galvan,Molecular Genomics Workspace,MGW-5434236,,,,,66991565,No status set,,Self Service - TapeStation/Bioanalyzer,N/A,,,,,,3986
MGW-SR-5595,Project Request,567613,Sahadevan Raman,,"Moody, Branch (BWH) Lab",,Brigham & Women's Hospital,Watchmaker DNA-seq library - Consumables,,0638,WSGI,financials_approved,not_ready_to_bill,each,1705.2,6/2/26 15:43,6/2/26 15:43,,n/a,n/a,n/a,jun Fan,Molecular Genomics Workspace,no invoice,,,,,73202218,No status set,,DNA Library Preparation - Consumables,N/A,,,,,,3986
MGW-SR-5595,Project Request,559373,Sahadevan Raman,,"Moody, Branch (BWH) Lab",,Brigham & Women's Hospital,4200 TapeStation,,0638,WSGI,financials_approved,not_ready_to_bill,hour,14.56,6/2/26 15:43,6/2/26 15:43,,n/a,n/a,n/a,jun Fan,Molecular Genomics Workspace,no invoice,,,,,73202221,No status set,,Instrument Charges,N/A,,,,,,3986
MGW-SR-5595,Project Request,559371,Sahadevan Raman,,"Moody, Branch (BWH) Lab",,Brigham & Women's Hospital,NextSeq 2000 Sequencing System (S/N VH00580),,0638,WSGI,financials_approved,not_ready_to_bill,each,1050,6/2/26 15:43,6/2/26 15:43,,n/a,n/a,n/a,jun Fan,Molecular Genomics Workspace,no invoice,,,,,73202225,No status set,,Instrument Charges,N/A,,,,,,3986
MGW-SR-5595,Project Request,559377,Sahadevan Raman,,"Moody, Branch (BWH) Lab",,Brigham & Women's Hospital,Laboratory Technician,,0638,WSGI,financials_approved,not_ready_to_bill,hour,885,6/2/26 15:44,6/2/26 15:44,,n/a,n/a,n/a,jun Fan,Molecular Genomics Workspace,no invoice,,,,,73202238,No status set,,Laboratory Technician,N/A,,,,,,3986
MGW-SR-5595,Project Request,561152,Sahadevan Raman,,"Moody, Branch (BWH) Lab",,Brigham & Women's Hospital,QC Core-prepared Library - Consumables,,0638,WSGI,financials_approved,not_ready_to_bill,each,622,6/2/26 15:44,6/2/26 15:44,,n/a,n/a,n/a,jun Fan,Molecular Genomics Workspace,no invoice,,,,,73202245,No status set,,QC - Consumables,N/A,,,,,,3986
MGW-SR-5595,Project Request,560903,Sahadevan Raman,,"Moody, Branch (BWH) Lab",,Brigham & Women's Hospital,QC DNA - Consumables,,0638,WSGI,financials_approved,not_ready_to_bill,each,712,6/2/26 15:44,6/2/26 15:44,,n/a,n/a,n/a,jun Fan,Molecular Genomics Workspace,no invoice,,,,,73202247,No status set,,QC - Consumables,N/A,,,,,,3986
MGW-SR-5595,Project Request,561238,Sahadevan Raman,,"Moody, Branch (BWH) Lab",,Brigham & Women's Hospital,NextSeq 2000 P1 XLEAP-SBS Reagent Kit (300 cycles) - Consumables,,0638,WSGI,financials_approved,not_ready_to_bill,each,1100,6/2/26 15:45,6/2/26 15:45,,n/a,n/a,n/a,jun Fan,Molecular Genomics Workspace,no invoice,,,,,73202272,No status set,,Sequencing (NextSeq 2000) - Consumables,N/A,,,,,,3986
MGW-SB-5514,Single Cell Pre-library QC (per sample),504635,Sakhila Banu,Principal Investigator,"Banu, Sakhila (TAMU) Lab",Veterinary Integrative Biosciences (VIBS),Texas A&M University,Single Cell Pre-library QC (per sample),,0638,WSGI,cancelled,cancelled,each,0,10/27/25 16:33,10/27/25 16:33,,n/a,n/a,n/a,jun Fan,Molecular Genomics Workspace,no invoice,,,,,67859994,No status set,,Full Service - Cell Counting & Viability,N/A,,,,,,3986
MGW-SB-5514,Single Cell Pre-library QC (per sample),539124,Sakhila Banu,Principal Investigator,"Banu, Sakhila (TAMU) Lab",Veterinary Integrative Biosciences (VIBS),Texas A&M University,"GEM-X Single Cell 3' mRNA HT Library Prep (per sample, 4 samples)",,0638,WSGI,cancelled,cancelled,each,0,10/27/25 16:34,10/27/25 16:34,,n/a,n/a,n/a,jun Fan,Molecular Genomics Workspace,no invoice,,,,,67860027,No status set,,Full Service - Single Cell Library Preparation ,N/A,,,,,,3986
MGW-SB-5514,Single Cell Pre-library QC (per sample),556457,Sakhila Banu,Principal Investigator,"Banu, Sakhila (TAMU) Lab",Veterinary Integrative Biosciences (VIBS),Texas A&M University,"Sequencing - NovaSeq x 25B 100 cycles, Flowcell",,0638,WSGI,cancelled,cancelled,each,0,10/27/25 16:34,10/27/25 16:34,,n/a,n/a,n/a,jun Fan,Molecular Genomics Workspace,no invoice,,,,,67860039,No status set,,Full Service - Sequencing (NovaSeq),N/A,,,,,,3986
MGW-SB-5520,Project Request,564627,Samuel Borstein,Principal Investigator,"Borstein, Samuel (TSU) Lab",,Texas State University,PacBio HMW gDNA extraction and QC,,0638,WSGI,completed,billing_initialized,each,1337.35,4/10/26 16:58,4/10/26 16:58,8/17/26 10:51,8/24/26 15:43,8/25/26 03:05,8/24/26 23:59,jun Fan,Molecular Genomics Workspace,MGW-6084203,,,,,71914566,No status set,,PacBio Consumables,N/A,,,,,,3986
MGW-SB-5520,Project Request,564524,Samuel Borstein,Principal Investigator,"Borstein, Samuel (TSU) Lab",,Texas State University,PacBio-Revio HiFi Whole Genome library ,,0638,WSGI,completed,billing_initialized,each,2875,4/10/26 16:58,4/10/26 16:58,8/17/26 10:51,8/24/26 15:43,8/25/26 03:05,8/24/26 23:59,jun Fan,Molecular Genomics Workspace,MGW-6084203,,,,,71914570,No status set,,PacBio Consumables,N/A,,,,,,3986
MGW-SB-5520,Project Request,563404,Samuel Borstein,Principal Investigator,"Borstein, Samuel (TSU) Lab",,Texas State University,PacBio-Revio SMRTcell sequencing ,,0638,WSGI,completed,billing_initialized,each,5450,4/10/26 16:58,4/10/26 16:58,8/17/26 10:51,8/24/26 15:43,8/25/26 03:05,8/24/26 23:59,jun Fan,Molecular Genomics Workspace,MGW-6084203,,,,,71914572,No status set,,PacBio Consumables,N/A,,,,,,3986
MGW-SB-5520,Project Request,563414,Samuel Borstein,Principal Investigator,"Borstein, Samuel (TSU) Lab",,Texas State University,Femto Pulse ,,0638,WSGI,completed,billing_initialized,each,7.5,4/10/26 16:59,4/10/26 16:59,8/17/26 10:51,8/24/26 15:43,8/25/26 03:05,8/24/26 23:59,jun Fan,Molecular Genomics Workspace,MGW-6084203,,,,,71914583,No status set,,Instrument Charges,N/A,,,,,,3986
MGW-SB-5520,Project Request,559381,Samuel Borstein,Principal Investigator,"Borstein, Samuel (TSU) Lab",,Texas State University,PacBio Revio,,0638,WSGI,completed,billing_initialized,hour,2718.75,4/10/26 16:59,4/10/26 16:59,8/17/26 10:51,8/24/26 15:43,8/25/26 03:05,8/24/26 23:59,jun Fan,Molecular Genomics Workspace,MGW-6084203,,,,,71914584,No status set,,Instrument Charges,N/A,,,,,,3986
MGW-SB-5520,Project Request,563704,Samuel Borstein,Principal Investigator,"Borstein, Samuel (TSU) Lab",,Texas State University,Blue Pippen,,0638,WSGI,completed,billing_initialized,each,33,4/10/26 17:00,4/10/26 17:00,8/17/26 10:51,8/24/26 15:43,8/25/26 03:05,8/24/26 23:59,jun Fan,Molecular Genomics Workspace,MGW-6084203,,,,,71914605,No status set,,Instrument Charges,N/A,,,,,,3986
MGW-SB-5520,Project Request,559377,Samuel Borstein,Principal Investigator,"Borstein, Samuel (TSU) Lab",,Texas State University,Laboratory Technician,instrument loading,0638,WSGI,completed,billing_initialized,hour,59,4/10/26 17:04,4/10/26 17:04,8/17/26 10:51,8/24/26 15:43,8/25/26 03:05,8/24/26 23:59,jun Fan,Molecular Genomics Workspace,MGW-6084203,,,,,71914673,No status set,,Laboratory Technician,N/A,,,,,,3986
MGW-SB-5552,Project Request,564627,Samuel Borstein,Principal Investigator,"Borstein, Samuel (TSU) Lab",,Texas State University,PacBio HMW gDNA extraction and QC,,0638,WSGI,proposed,not_ready_to_bill,each,267.47,5/3/26 19:59,5/3/26 19:59,,n/a,n/a,n/a,jun Fan,Molecular Genomics Workspace,no invoice,,,,,72462422,No status set,,PacBio Consumables,N/A,,,,,,3986
MGW-SB-5552,Project Request,564524,Samuel Borstein,Principal Investigator,"Borstein, Samuel (TSU) Lab",,Texas State University,PacBio-Revio HiFi Whole Genome library ,,0638,WSGI,proposed,not_ready_to_bill,each,575,5/3/26 19:59,5/3/26 19:59,,n/a,n/a,n/a,jun Fan,Molecular Genomics Workspace,no invoice,,,,,72462423,No status set,,PacBio Consumables,N/A,,,,,,3986
MGW-SB-5552,Project Request,563404,Samuel Borstein,Principal Investigator,"Borstein, Samuel (TSU) Lab",,Texas State University,PacBio-Revio SMRTcell sequencing ,"One HiFi libraries will be sequenced on one SMRT cells, and two Iso-Seq libraries will be sequenced on one SMRT cell. A total of two SMRT cells is required.",0638,WSGI,proposed,not_ready_to_bill,each,2180,5/3/26 20:00,5/3/26 20:00,,n/a,n/a,n/a,jun Fan,Molecular Genomics Workspace,no invoice,,,,,72462425,No status set,,PacBio Consumables,N/A,,,,,,3986
MGW-SB-5552,Project Request,570518,Samuel Borstein,Principal Investigator,"Borstein, Samuel (TSU) Lab",,Texas State University,PacBio-RNA iso seq library ,,0638,WSGI,proposed,not_ready_to_bill,each,120,5/3/26 20:00,5/3/26 20:00,,n/a,n/a,n/a,jun Fan,Molecular Genomics Workspace,no invoice,,,,,72462426,No status set,,PacBio Consumables,N/A,,,,,,3986
MGW-SB-5552,Project Request,570519,Samuel Borstein,Principal Investigator,"Borstein, Samuel (TSU) Lab",,Texas State University,PacBio-ABC only,,0638,WSGI,proposed,not_ready_to_bill,each,96,5/3/26 20:00,5/3/26 20:00,,n/a,n/a,n/a,jun Fan,Molecular Genomics Workspace,no invoice,,,,,72462427,No status set,,PacBio Consumables,N/A,,,,,,3986
MGW-SB-5552,Project Request,561151,Samuel Borstein,Principal Investigator,"Borstein, Samuel (TSU) Lab",,Texas State University,QC RNA,The number might change once the actual samples arrive.,0638,WSGI,proposed,not_ready_to_bill,each,8.85,5/3/26 20:00,5/3/26 20:00,,n/a,n/a,n/a,jun Fan,Molecular Genomics Workspace,no invoice,,,,,72462432,No status set,,QC - Consumables,N/A,,,,,,3986
MGW-SB-5552,Project Request,559377,Samuel Borstein,Principal Investigator,"Borstein, Samuel (TSU) Lab",,Texas State University,Laboratory Technician,Labor charge for preparing and loading one SMRT cells.,0638,WSGI,proposed,not_ready_to_bill,hour,19.47,5/3/26 20:07,5/3/26 20:07,,n/a,n/a,n/a,jun Fan,Molecular Genomics Workspace,no invoice,,,,,72462456,No status set,,Laboratory Technician,N/A,,,,,,3986
MGW-SB-5552,Project Request,559377,Samuel Borstein,Principal Investigator,"Borstein, Samuel (TSU) Lab",,Texas State University,Laboratory Technician,"Labor charge for Omni-C library preparation and QC, as well as sequencing loading.",0638,WSGI,proposed,not_ready_to_bill,hour,531,5/3/26 20:07,5/3/26 20:07,,n/a,n/a,n/a,jun Fan,Molecular Genomics Workspace,no invoice,,,,,72462457,No status set,,Laboratory Technician,N/A,,,,,,3986
MGW-SB-5552,Project Request,561169,Samuel Borstein,Principal Investigator,"Borstein, Samuel (TSU) Lab",,Texas State University,Dovetail Genome Assemby Omni-C Full Solution,,0638,WSGI,proposed,not_ready_to_bill,each,678.44,5/3/26 20:10,5/3/26 20:10,,n/a,n/a,n/a,jun Fan,Molecular Genomics Workspace,no invoice,,,,,72462471,No status set,,DNA Library Preparation - Consumables,N/A,,,,,,3986
MGW-SB-5552,Project Request,570538,Samuel Borstein,Principal Investigator,"Borstein, Samuel (TSU) Lab",,Texas State University,Nextseq 2000 XLEAP-SBS Reagent kit (300 cycles),,0638,WSGI,proposed,not_ready_to_bill,each,1420.65,5/3/26 20:19,5/3/26 20:19,,n/a,n/a,n/a,jun Fan,Molecular Genomics Workspace,no invoice,,,,,72462500,No status set,,Sequencing (NextSeq 2000) - Consumables,N/A,,,,,,3986
MGW-SB-5552,Project Request,559371,Samuel Borstein,Principal Investigator,"Borstein, Samuel (TSU) Lab",,Texas State University,NextSeq 2000 Sequencing System (S/N VH00580),,0638,WSGI,proposed,not_ready_to_bill,each,840,5/3/26 20:19,5/3/26 20:19,,n/a,n/a,n/a,jun Fan,Molecular Genomics Workspace,no invoice,,,,,72462503,No status set,,Instrument Charges,N/A,,,,,,3986
MGW-SB-5552,Project Request,563704,Samuel Borstein,Principal Investigator,"Borstein, Samuel (TSU) Lab",,Texas State University,Blue Pippen,This charge reflects the instrument operation time for each run.,0638,WSGI,proposed,not_ready_to_bill,each,33,5/3/26 20:19,5/3/26 20:19,,n/a,n/a,n/a,jun Fan,Molecular Genomics Workspace,no invoice,,,,,72462504,No status set,,Instrument Charges,N/A,,,,,,3986
MGW-SB-5552,Project Request,563414,Samuel Borstein,Principal Investigator,"Borstein, Samuel (TSU) Lab",,Texas State University,Femto Pulse ,,0638,WSGI,proposed,not_ready_to_bill,each,7.5,5/3/26 20:26,5/3/26 20:26,,n/a,n/a,n/a,jun Fan,Molecular Genomics Workspace,no invoice,,,,,72462531,No status set,,Instrument Charges,N/A,,,,,,3986
MGW-SB-5552,Project Request,559373,Samuel Borstein,Principal Investigator,"Borstein, Samuel (TSU) Lab",,Texas State University,4200 TapeStation,,0638,WSGI,proposed,not_ready_to_bill,hour,5.46,5/3/26 20:27,5/3/26 20:27,,n/a,n/a,n/a,jun Fan,Molecular Genomics Workspace,no invoice,,,,,72462535,No status set,,Instrument Charges,N/A,,,,,,3986
MGW-SB-5552,Project Request,561160,Samuel Borstein,Principal Investigator,"Borstein, Samuel (TSU) Lab",,Texas State University,Qiagen Rneasy Plus Universeral RNA Isolation,The number might change once the actual samples arrive.,0638,WSGI,proposed,not_ready_to_bill,each,19.78,5/3/26 20:30,5/3/26 20:30,,n/a,n/a,n/a,jun Fan,Molecular Genomics Workspace,no invoice,,,,,72462552,No status set,,DNA-RNA-Isolation - Consumable,N/A,,,,,,3986
MGW-SB-5552,Project Request,559381,Samuel Borstein,Principal Investigator,"Borstein, Samuel (TSU) Lab",,Texas State University,PacBio Revio,,0638,WSGI,proposed,not_ready_to_bill,hour,1206.4,5/3/26 20:33,5/3/26 20:33,,n/a,n/a,n/a,jun Fan,Molecular Genomics Workspace,no invoice,,,,,72462557,No status set,,Instrument Charges,N/A,,,,,,3986
MGW-SB-5552,Project Request,574258,Samuel Borstein,Principal Investigator,"Borstein, Samuel (TSU) Lab",,Texas State University,PacBio-Kinnex full-length RNAseq library preparation,,0638,WSGI,proposed,not_ready_to_bill,each,750,6/23/26 10:35,6/23/26 10:35,,n/a,n/a,n/a,jun Fan,Molecular Genomics Workspace,no invoice,,,,,73668319,No status set,,PacBio Consumables,N/A,,,,,,3986
MGW-SNF-5329,RNA Standard  Usage (per sample),297792,Santiago Navarro Forero,Graduate Student,"Yang, Zhilong (TAMU) Lab",,Texas A&M University,RNA Standard  Usage (per sample),,0638,WSGI,completed,billing_initialized,each,37.6,11/7/25 16:00,11/7/25 16:00,11/24/25 10:18,11/25/25 10:28,11/26/25 03:00,11/25/25 23:59,Paola Galvan,Molecular Genomics Workspace,MGW-5554534,,,,,68260212,No status set,,Self Service - TapeStation/Bioanalyzer,N/A,,,,,,3986
MGW-SNF-5376,Equipment Scheduling,297792,Santiago Navarro Forero,Graduate Student,"Yang, Zhilong (TAMU) Lab",,Texas A&M University,RNA Standard  Usage (per sample),,0638,WSGI,completed,billing_initialized,each,75.2,11/24/25 13:52,11/25/25 10:00,12/15/25 12:52,12/18/25 16:34,12/19/25 03:00,12/18/25 23:59,Santiago Navarro Forero,Molecular Genomics Workspace,MGW-5607171,,,,,68630172,No status set,,Self Service - TapeStation/Bioanalyzer,N/A,,,,,,3986
MGW-SNF-5376,Equipment Scheduling,295966,Santiago Navarro Forero,Graduate Student,"Yang, Zhilong (TAMU) Lab",,Texas A&M University,"Tape Station (Agilent) (Tape Station (Agilent)) | Tuesday, November 25",16 RNA samples with a concentration of 150 ng/ul each,0638,WSGI,completed,billing_initialized,hour,0,12/15/25 12:52,11/25/25 10:00,12/15/25 12:52,12/18/25 16:34,12/19/25 03:00,12/18/25 23:59,Paola Galvan,Molecular Genomics Workspace,MGW-5607171,,,,,69147018,No status set,,Molecular Biology,Self-Use,,,,,,3986
MGW-SNF-5384,Equipment Scheduling,297792,Santiago Navarro Forero,Graduate Student,"Yang, Zhilong (TAMU) Lab",,Texas A&M University,RNA Standard  Usage (per sample),,0638,WSGI,completed,billing_initialized,each,231,12/15/25 12:53,12/12/25 10:45,12/15/25 15:41,12/18/25 16:34,12/19/25 03:00,12/18/25 23:59,Paola Galvan,Molecular Genomics Workspace,MGW-5607171,,,,,69147032,No status set,,Self Service - TapeStation/Bioanalyzer,N/A,,,,,,3986
MGW-SNF-5384,Equipment Scheduling,295966,Santiago Navarro Forero,Graduate Student,"Yang, Zhilong (TAMU) Lab",,Texas A&M University,"Tape Station (Agilent) (Tape Station (Agilent)) | Friday, December 12",,0638,WSGI,completed,billing_initialized,hour,65,12/15/25 15:41,12/12/25 10:45,12/15/25 15:41,12/18/25 16:34,12/19/25 03:00,12/18/25 23:59,Paola Galvan,Molecular Genomics Workspace,MGW-5607171,,,,,69158298,No status set,,Molecular Biology,Self-Use,,,,,,3986
MGW-SNF-5580,Equipment Scheduling,297792,Santiago Navarro Forero,Graduate Student,"Yang, Zhilong (TAMU) Lab",,Texas A&M University,RNA Standard  Usage (per sample),,0638,WSGI,completed,billing_initialized,each,66,5/6/26 16:45,5/1/26 10:35,5/21/26 15:52,5/27/26 16:32,5/28/26 03:00,5/27/26 23:59,Paola Galvan,Molecular Genomics Workspace,MGW-5910828,,,,,72579880,No status set,,Self Service - TapeStation/Bioanalyzer,N/A,,,,,,3986
MGW-SNF-5580,Equipment Scheduling,297792,Santiago Navarro Forero,Graduate Student,"Yang, Zhilong (TAMU) Lab",,Texas A&M University,RNA Standard  Usage (per sample),,0638,WSGI,completed,billing_initialized,each,176,5/6/26 16:45,5/7/26 11:54,5/21/26 15:54,5/27/26 16:32,5/28/26 03:00,5/27/26 23:59,Paola Galvan,Molecular Genomics Workspace,MGW-5910828,,,,,72579942,No status set,,Self Service - TapeStation/Bioanalyzer,N/A,,,,,,3986
MGW-SNF-5580,Equipment Scheduling,295966,Santiago Navarro Forero,Graduate Student,"Yang, Zhilong (TAMU) Lab",,Texas A&M University,"Tape Station (Agilent) (Tape Station (Agilent)) | Friday, May 01",,0638,WSGI,completed,billing_initialized,hour,20,5/21/26 15:52,5/1/26 10:35,5/21/26 15:52,5/27/26 16:32,5/28/26 03:00,5/27/26 23:59,Paola Galvan,Molecular Genomics Workspace,MGW-5910828,,,,,72915519,No status set,,Molecular Biology,Self-Use,,,,,,3986
MGW-SNF-5580,Equipment Scheduling,295966,Santiago Navarro Forero,Graduate Student,"Yang, Zhilong (TAMU) Lab",,Texas A&M University,"Tape Station (Agilent) (Tape Station (Agilent)) | Thursday, May 07",,0638,WSGI,completed,billing_initialized,hour,40,5/21/26 15:54,5/7/26 11:54,5/21/26 15:54,5/27/26 16:32,5/28/26 03:00,5/27/26 23:59,Paola Galvan,Molecular Genomics Workspace,MGW-5910828,,,,,72915585,No status set,,Molecular Biology,Self-Use,,,,,,3986
MGW-SNF-5611,Equipment Scheduling,297792,Santiago Navarro Forero,Graduate Student,"Yang, Zhilong (TAMU) Lab",,Texas A&M University,RNA Standard  Usage (per sample) - Consumables,,0638,WSGI,completed,billing_initialized,each,132,6/22/26 12:29,6/9/26 10:58,6/22/26 12:29,6/25/26 11:45,7/6/26 17:14,6/25/26 23:59,Paola Galvan,Molecular Genomics Workspace,MGW-5970374,,,,,73639495,No status set,,Self Service - TapeStation/Bioanalyzer,N/A,,,,,,3986
MGW-SNF-5611,Equipment Scheduling,295966,Santiago Navarro Forero,Graduate Student,"Yang, Zhilong (TAMU) Lab",,Texas A&M University,"Tape Station (Agilent) (Tape Station (Agilent)) | Tuesday, June 09",,0638,WSGI,completed,billing_initialized,hour,25,6/22/26 12:29,6/9/26 10:58,6/22/26 12:29,6/25/26 11:45,7/6/26 17:14,6/25/26 23:59,Paola Galvan,Molecular Genomics Workspace,MGW-5970374,,,,,73639502,No status set,,Molecular Biology,Self-Use,,,,,,3986
MGW-SJ-5626,Project Request,561179,Sarah Jackson,,"Jackson, Sarah (TAMU) Lab",,Texas A&M University,Single Cell QC DeNovix - Consumables,,0638,WSGI,financials_approved,not_ready_to_bill,each,7.78,7/2/26 10:39,7/2/26 10:39,,n/a,n/a,n/a,Sarah Sharpton,Molecular Genomics Workspace,no invoice,,,,,73954726,No status set,,Single Cell-Visuim QC-Isolation - Consumables,N/A,,,,,,3986
MGW-SJ-5626,Project Request,561179,Sarah Jackson,,"Jackson, Sarah (TAMU) Lab",,Texas A&M University,Single Cell QC DeNovix - Consumables,,0638,WSGI,financials_approved,not_ready_to_bill,each,7.78,7/2/26 10:39,7/2/26 10:39,,n/a,n/a,n/a,Sarah Sharpton,Molecular Genomics Workspace,no invoice,,,,,73954727,No status set,,Single Cell-Visuim QC-Isolation - Consumables,N/A,,,,,,3986
MGW-SJ-5626,Project Request,561181,Sarah Jackson,,"Jackson, Sarah (TAMU) Lab",,Texas A&M University,Single Cell QC Trypan Blue - Consumables ,,0638,WSGI,financials_approved,not_ready_to_bill,each,13.54,7/2/26 10:40,7/2/26 10:40,,n/a,n/a,n/a,Sarah Sharpton,Molecular Genomics Workspace,no invoice,,,,,73954736,No status set,,Single Cell-Visuim QC-Isolation - Consumables,N/A,,,,,,3986
MGW-SJ-5626,Project Request,561181,Sarah Jackson,,"Jackson, Sarah (TAMU) Lab",,Texas A&M University,Single Cell QC Trypan Blue - Consumables ,,0638,WSGI,financials_approved,not_ready_to_bill,each,13.54,7/2/26 10:40,7/2/26 10:40,,n/a,n/a,n/a,Sarah Sharpton,Molecular Genomics Workspace,no invoice,,,,,73954737,No status set,,Single Cell-Visuim QC-Isolation - Consumables,N/A,,,,,,3986
MGW-SJ-5626,Project Request,561275,Sarah Jackson,,"Jackson, Sarah (TAMU) Lab",,Texas A&M University,Customer Provided Kit - GEM-X Epi Multiome ATAC + GEX - Consumables,,0638,WSGI,financials_approved,not_ready_to_bill,each,320,7/2/26 10:40,7/2/26 10:40,,n/a,n/a,n/a,Sarah Sharpton,Molecular Genomics Workspace,no invoice,,,,,73954762,No status set,,Single Cell Library Preparation - Consumables,N/A,,,,,,3986
MGW-SJ-5626,Project Request,561275,Sarah Jackson,,"Jackson, Sarah (TAMU) Lab",,Texas A&M University,Customer Provided Kit - GEM-X Epi Multiome ATAC + GEX - Consumables,,0638,WSGI,financials_approved,not_ready_to_bill,each,320,7/2/26 10:40,7/2/26 10:40,,n/a,n/a,n/a,Sarah Sharpton,Molecular Genomics Workspace,no invoice,,,,,73954763,No status set,,Single Cell Library Preparation - Consumables,N/A,,,,,,3986
MGW-SJ-5626,Project Request,559389,Sarah Jackson,,"Jackson, Sarah (TAMU) Lab",,Texas A&M University,Chromium iX/X,,0638,WSGI,financials_approved,not_ready_to_bill,hour,40,7/2/26 10:42,7/2/26 10:42,,n/a,n/a,n/a,Sarah Sharpton,Molecular Genomics Workspace,no invoice,,,,,73954793,No status set,,Instrument Charges,N/A,,,,,,3986
MGW-SJ-5626,Project Request,559389,Sarah Jackson,,"Jackson, Sarah (TAMU) Lab",,Texas A&M University,Chromium iX/X,,0638,WSGI,financials_approved,not_ready_to_bill,hour,40,7/2/26 10:42,7/2/26 10:42,,n/a,n/a,n/a,Sarah Sharpton,Molecular Genomics Workspace,no invoice,,,,,73954794,No status set,,Instrument Charges,N/A,,,,,,3986
MGW-SJ-5626,Project Request,563702,Sarah Jackson,,"Jackson, Sarah (TAMU) Lab",,Texas A&M University,Nikon Microscope,,0638,WSGI,financials_approved,not_ready_to_bill,each,2.5,7/2/26 11:01,7/2/26 11:01,,n/a,n/a,n/a,Sarah Sharpton,Molecular Genomics Workspace,no invoice,,,,,73955710,No status set,,Instrument Charges,N/A,,,,,,3986
MGW-SJ-5626,Project Request,563702,Sarah Jackson,,"Jackson, Sarah (TAMU) Lab",,Texas A&M University,Nikon Microscope,,0638,WSGI,financials_approved,not_ready_to_bill,each,2.5,7/2/26 11:01,7/2/26 11:01,,n/a,n/a,n/a,Sarah Sharpton,Molecular Genomics Workspace,no invoice,,,,,73955712,No status set,,Instrument Charges,N/A,,,,,,3986
MGW-SJ-5626,Project Request,559373,Sarah Jackson,,"Jackson, Sarah (TAMU) Lab",,Texas A&M University,4200 TapeStation,,0638,WSGI,financials_approved,not_ready_to_bill,hour,7.2,7/2/26 11:01,7/2/26 11:01,,n/a,n/a,n/a,Sarah Sharpton,Molecular Genomics Workspace,no invoice,,,,,73955793,No status set,,Instrument Charges,N/A,,,,,,3986
MGW-SJ-5626,Project Request,559373,Sarah Jackson,,"Jackson, Sarah (TAMU) Lab",,Texas A&M University,4200 TapeStation,,0638,WSGI,financials_approved,not_ready_to_bill,hour,7.2,7/2/26 11:01,7/2/26 11:01,,n/a,n/a,n/a,Sarah Sharpton,Molecular Genomics Workspace,no invoice,,,,,73955794,No status set,,Instrument Charges,N/A,,,,,,3986
MGW-SJ-5626,Project Request,561152,Sarah Jackson,,"Jackson, Sarah (TAMU) Lab",,Texas A&M University,QC Core-prepared Library - Consumables,,0638,WSGI,financials_approved,not_ready_to_bill,each,31.1,7/2/26 11:01,7/2/26 11:01,,n/a,n/a,n/a,Sarah Sharpton,Molecular Genomics Workspace,no invoice,,,,,73955833,No status set,,QC - Consumables,N/A,,,,,,3986
MGW-SJ-5626,Project Request,561152,Sarah Jackson,,"Jackson, Sarah (TAMU) Lab",,Texas A&M University,QC Core-prepared Library - Consumables,,0638,WSGI,financials_approved,not_ready_to_bill,each,31.1,7/2/26 11:01,7/2/26 11:01,,n/a,n/a,n/a,Sarah Sharpton,Molecular Genomics Workspace,no invoice,,,,,73955834,No status set,,QC - Consumables,N/A,,,,,,3986
MGW-SJ-5626,Project Request,559371,Sarah Jackson,,"Jackson, Sarah (TAMU) Lab",,Texas A&M University,NextSeq 2000 Sequencing System (S/N VH00580),,0638,WSGI,financials_approved,not_ready_to_bill,each,250,7/2/26 11:43,7/2/26 11:43,,n/a,n/a,n/a,Sarah Sharpton,Molecular Genomics Workspace,no invoice,,,,,73958127,No status set,,Instrument Charges,N/A,,,,,,3986
MGW-SJ-5626,Project Request,559371,Sarah Jackson,,"Jackson, Sarah (TAMU) Lab",,Texas A&M University,NextSeq 2000 Sequencing System (S/N VH00580),,0638,WSGI,financials_approved,not_ready_to_bill,each,250,7/2/26 11:43,7/2/26 11:43,,n/a,n/a,n/a,Sarah Sharpton,Molecular Genomics Workspace,no invoice,,,,,73958128,No status set,,Instrument Charges,N/A,,,,,,3986
MGW-SJ-5626,Project Request,559377,Sarah Jackson,,"Jackson, Sarah (TAMU) Lab",,Texas A&M University,Laboratory Technician,,0638,WSGI,financials_approved,not_ready_to_bill,hour,300,7/2/26 11:43,7/2/26 11:43,,n/a,n/a,n/a,Sarah Sharpton,Molecular Genomics Workspace,no invoice,,,,,73958138,No status set,,Laboratory Technician,N/A,,,,,,3986
MGW-SJ-5626,Project Request,559377,Sarah Jackson,,"Jackson, Sarah (TAMU) Lab",,Texas A&M University,Laboratory Technician,,0638,WSGI,financials_approved,not_ready_to_bill,hour,300,7/2/26 11:43,7/2/26 11:43,,n/a,n/a,n/a,Sarah Sharpton,Molecular Genomics Workspace,no invoice,,,,,73958140,No status set,,Laboratory Technician,N/A,,,,,,3986
MGW-SJ-5626,Project Request,561245,Sarah Jackson,,"Jackson, Sarah (TAMU) Lab",,Texas A&M University,NextSeq 2000 P2 XLEAP-SBS Reagent Kit (100 cycles) - Consumables,,0638,WSGI,financials_approved,not_ready_to_bill,each,2475,8/28/26 15:01,8/28/26 15:01,,n/a,n/a,n/a,Sarah Sharpton,Molecular Genomics Workspace,no invoice,,,,,75310386,No status set,,Sequencing (NextSeq 2000) - Consumables,N/A,,,,,,3986
MGW-SS-5275,Equipment Scheduling,295966,Sarah Sharpton,,Molecular Genomics (TAMU) Lab,,Texas A&M University,"Tape Station (Agilent) (Tape Station (Agilent)) | Tuesday, September 23",,0638,WSGI,completed,billing_initialized,hour,0,9/26/25 13:32,9/23/25 10:00,9/26/25 13:32,9/29/25 16:12,9/30/25 03:00,9/29/25 23:59,Paola Galvan,Molecular Genomics Workspace,MGW-5434250,,,,,67081793,No status set,,Molecular Biology,Staff:NoCharge,,,,,,3986
MGW-SS-5360,Equipment Scheduling,292911,Sarah Sharpton,,Molecular Genomics (TAMU) Lab,,Texas A&M University,"GentleMACS Octo Dissociator (Miltenyi) (GentleMACS Octo Dissociator (Miltenyi)) | Thursday, November 20",,0638,WSGI,completed,billing_initialized,hour,0,11/24/25 10:24,11/20/25 09:00,11/24/25 10:24,11/25/25 10:28,11/26/25 03:00,11/25/25 23:59,Paola Galvan,Molecular Genomics Workspace,MGW-5554543,,,,,68618808,No status set,,Cell Biology,Staff:NoCharge,,,,,,3986
MGW-SS-5360,Equipment Scheduling,292911,Sarah Sharpton,,Molecular Genomics (TAMU) Lab,,Texas A&M University,"GentleMACS Octo Dissociator (Miltenyi) (GentleMACS Octo Dissociator (Miltenyi)) | Friday, November 21",,0638,WSGI,completed,billing_initialized,hour,0,11/24/25 10:24,11/21/25 09:00,11/24/25 10:24,11/25/25 10:28,11/26/25 03:00,11/25/25 23:59,Paola Galvan,Molecular Genomics Workspace,MGW-5554543,,,,,68618809,No status set,,Cell Biology,Staff:NoCharge,,,,,,3986
MGW-SS-5410,Equipment Scheduling,292911,Sarah Sharpton,,Molecular Genomics (TAMU) Lab,,Texas A&M University,"GentleMACS Octo Dissociator (Miltenyi) (GentleMACS Octo Dissociator (Miltenyi)) | Monday, December 15",Neha reservation,0638,WSGI,completed,billing_initialized,hour,0,1/28/26 10:48,12/15/25 08:00,1/28/26 10:48,1/28/26 11:03,1/29/26 03:00,1/28/26 23:59,Paola Galvan,Molecular Genomics Workspace,MGW-5668385,,,,,69986628,No status set,,Cell Biology,Staff:NoCharge,,,,,,3986
MGW-SS-5673,Equipment Scheduling,295966,Sarah Sharpton,,Molecular Genomics (TAMU) Lab,,Texas A&M University,"Tape Station (Agilent) (Tape Station (Agilent)) | Thursday, July 23",,0638,WSGI,completed,billing_initialized,hour,0,7/27/26 14:04,7/23/26 15:30,7/27/26 14:04,7/27/26 14:09,7/28/26 03:05,7/27/26 23:59,Paola Galvan,Molecular Genomics Workspace,MGW-6028637,,,,,74484608,No status set,,Molecular Biology,Staff:NoCharge,,,,,,3986
MGW-SS-5715,Equipment Scheduling,295966,Sarah Sharpton,,Molecular Genomics (TAMU) Lab,,Texas A&M University,"Tape Station (Agilent) (Tape Station (Agilent)) | Thursday, August 13",,0638,WSGI,completed,billing_initialized,hour,0,8/20/26 12:20,8/13/26 11:30,8/20/26 12:20,8/24/26 15:43,8/25/26 03:05,8/24/26 23:59,Paola Galvan,Molecular Genomics Workspace,MGW-6084231,,,,,75112175,No status set,,Molecular Biology,Staff:NoCharge,,,,,,3986
MGW-SS-5715,Equipment Scheduling,292911,Sarah Sharpton,,Molecular Genomics (TAMU) Lab,,Texas A&M University,"GentleMACS Octo Dissociator (Miltenyi) (GentleMACS Octo Dissociator (Miltenyi)) | Wednesday, August 26",,0638,WSGI,completed,billing_initialized,hour,0,9/23/26 13:12,8/26/26 09:00,9/23/26 13:12,9/24/26 11:26,9/25/26 03:05,9/24/26 23:59,Paola Galvan,Molecular Genomics Workspace,MGW-6140684,,,,,75903267,No status set,,Cell Biology,Staff:NoCharge,,,,,,3986
MGW-SS-5715,Equipment Scheduling,292911,Sarah Sharpton,,Molecular Genomics (TAMU) Lab,,Texas A&M University,"GentleMACS Octo Dissociator (Miltenyi) (GentleMACS Octo Dissociator (Miltenyi)) | Thursday, August 27",,0638,WSGI,completed,billing_initialized,hour,0,9/23/26 13:12,8/27/26 09:00,9/23/26 13:12,9/24/26 11:26,9/25/26 03:05,9/24/26 23:59,Paola Galvan,Molecular Genomics Workspace,MGW-6140684,,,,,75903273,No status set,,Cell Biology,Staff:NoCharge,,,,,,3986
MGW-SS-5715,Equipment Scheduling,292911,Sarah Sharpton,,Molecular Genomics (TAMU) Lab,,Texas A&M University,"GentleMACS Octo Dissociator (Miltenyi) (GentleMACS Octo Dissociator (Miltenyi)) | Tuesday, August 25",,0638,WSGI,completed,billing_initialized,hour,0,9/23/26 13:16,8/25/26 09:00,9/23/26 13:16,9/24/26 11:26,9/25/26 03:05,9/24/26 23:59,Paola Galvan,Molecular Genomics Workspace,MGW-6140684,,,,,75903413,No status set,,Cell Biology,Staff:NoCharge,,,,,,3986
MGW-SP-5268,Equipment Scheduling,297792,Sean Pagel,,"Sorg, Joseph (TAMU) Lab",Biology,Texas A&M University,RNA Standard  Usage (per sample),,0638,WSGI,completed,billing_initialized,each,42.3,9/10/25 10:59,9/12/25 11:10,9/26/25 13:25,9/29/25 16:12,9/30/25 03:00,9/29/25 23:59,Sean Pagel,Molecular Genomics Workspace,MGW-5434230,,,,,66686608,No status set,,Self Service - TapeStation/Bioanalyzer,N/A,,,,,,3986
MGW-SP-5268,Equipment Scheduling,295966,Sean Pagel,,"Sorg, Joseph (TAMU) Lab",Biology,Texas A&M University,"Tape Station (Agilent) (Tape Station (Agilent)) | Friday, September 12",,0638,WSGI,completed,billing_initialized,hour,0,9/26/25 13:25,9/12/25 11:10,9/26/25 13:25,9/29/25 16:12,9/30/25 03:00,9/29/25 23:59,Paola Galvan,Molecular Genomics Workspace,MGW-5434230,,,,,67081365,No status set,,Molecular Biology,Self-Use,,,,,,3986
MGW-SP-5309,Equipment Scheduling,297792,Sean Pagel,,"Sorg, Joseph (TAMU) Lab",Biology,Texas A&M University,RNA Standard  Usage (per sample),,0638,WSGI,completed,billing_initialized,each,28.2,10/1/25 15:55,10/3/25 15:01,10/27/25 10:05,10/28/25 16:51,10/31/25 03:00,10/28/25 23:59,Sean Pagel,Molecular Genomics Workspace,MGW-5492179,,,,,67233992,No status set,,Self Service - TapeStation/Bioanalyzer,N/A,,,,,,3986
MGW-SP-5309,Equipment Scheduling,297792,Sean Pagel,,"Sorg, Joseph (TAMU) Lab",Biology,Texas A&M University,RNA Standard  Usage (per sample),,0638,WSGI,completed,billing_initialized,each,28.2,10/7/25 14:34,10/8/25 13:06,10/27/25 10:06,10/28/25 16:51,10/31/25 03:00,10/28/25 23:59,Sean Pagel,Molecular Genomics Workspace,MGW-5492179,,,,,67394712,No status set,,Self Service - TapeStation/Bioanalyzer,N/A,,,,,,3986
MGW-SP-5309,Equipment Scheduling,297792,Sean Pagel,,"Sorg, Joseph (TAMU) Lab",Biology,Texas A&M University,RNA Standard  Usage (per sample),,0638,WSGI,completed,billing_initialized,each,9.4,10/16/25 17:02,10/17/25 13:23,10/27/25 10:07,10/28/25 16:51,10/31/25 03:00,10/28/25 23:59,Sean Pagel,Molecular Genomics Workspace,MGW-5492185,,,,,67617269,No status set,,Self Service - TapeStation/Bioanalyzer,N/A,,,,,,3986
MGW-SP-5309,Equipment Scheduling,297792,Sean Pagel,,"Sorg, Joseph (TAMU) Lab",Biology,Texas A&M University,RNA Standard  Usage (per sample),,0638,WSGI,completed,billing_initialized,each,4.7,10/23/25 17:46,10/24/25 13:13,10/27/25 10:08,10/28/25 16:51,10/31/25 03:00,10/28/25 23:59,Sean Pagel,Molecular Genomics Workspace,MGW-5492185,,,,,67786265,No status set,,Self Service - TapeStation/Bioanalyzer,N/A,,,,,,3986
MGW-SP-5309,Equipment Scheduling,295966,Sean Pagel,,"Sorg, Joseph (TAMU) Lab",Biology,Texas A&M University,"Tape Station (Agilent) (Tape Station (Agilent)) | Friday, October 03",,0638,WSGI,completed,billing_initialized,hour,0,10/27/25 10:05,10/3/25 15:01,10/27/25 10:05,10/28/25 16:51,10/31/25 03:00,10/28/25 23:59,Paola Galvan,Molecular Genomics Workspace,MGW-5492179,,,,,67833508,No status set,,Molecular Biology,Self-Use,,,,,,3986
MGW-SP-5309,Equipment Scheduling,295966,Sean Pagel,,"Sorg, Joseph (TAMU) Lab",Biology,Texas A&M University,"Tape Station (Agilent) (Tape Station (Agilent)) | Wednesday, October 08",,0638,WSGI,completed,billing_initialized,hour,0,10/27/25 10:05,10/8/25 13:06,10/27/25 10:05,10/28/25 16:51,10/31/25 03:00,10/28/25 23:59,Paola Galvan,Molecular Genomics Workspace,MGW-5492179,,,,,67833537,No status set,,Molecular Biology,Self-Use,,,,,,3986
MGW-SP-5309,Equipment Scheduling,295966,Sean Pagel,,"Sorg, Joseph (TAMU) Lab",Biology,Texas A&M University,"Tape Station (Agilent) (Tape Station (Agilent)) | Friday, October 17",,0638,WSGI,completed,billing_initialized,hour,0,10/27/25 10:07,10/17/25 13:23,10/27/25 10:07,10/28/25 16:51,10/31/25 03:00,10/28/25 23:59,Paola Galvan,Molecular Genomics Workspace,MGW-5492185,,,,,67833650,No status set,,Molecular Biology,Self-Use,,,,,,3986
MGW-SP-5309,Equipment Scheduling,295966,Sean Pagel,,"Sorg, Joseph (TAMU) Lab",Biology,Texas A&M University,"Tape Station (Agilent) (Tape Station (Agilent)) | Friday, October 24",,0638,WSGI,completed,billing_initialized,hour,0,10/27/25 10:08,10/24/25 13:13,10/27/25 10:08,10/28/25 16:51,10/31/25 03:00,10/28/25 23:59,Paola Galvan,Molecular Genomics Workspace,MGW-5492185,,,,,67833708,No status set,,Molecular Biology,Self-Use,,,,,,3986
MGW-SP-5494,Equipment Scheduling,297792,Sean Pagel,,"Sorg, Joseph (TAMU) Lab",Biology,Texas A&M University,RNA Standard  Usage (per sample),,0638,WSGI,completed,billing_initialized,each,33,2/26/26 14:45,2/27/26 16:19,3/26/26 13:39,3/26/26 14:02,3/27/26 03:00,3/26/26 23:59,Sean Pagel,Molecular Genomics Workspace,MGW-5788681,,,,,70753727,No status set,,Self Service - TapeStation/Bioanalyzer,N/A,,,,,,3986
MGW-SP-5498,Equipment Scheduling,297792,Sean Pagel,,"Sorg, Joseph (TAMU) Lab",Biology,Texas A&M University,RNA Standard  Usage (per sample),,0638,WSGI,completed,billing_initialized,each,16.5,3/4/26 11:29,3/5/26 12:21,3/26/26 13:44,3/26/26 14:02,3/27/26 03:00,3/26/26 23:59,Sean Pagel,Molecular Genomics Workspace,MGW-5788681,,,,,70931071,No status set,,Self Service - TapeStation/Bioanalyzer,N/A,,,,,,3986
MGW-SP-5498,Equipment Scheduling,297792,Sean Pagel,,"Sorg, Joseph (TAMU) Lab",Biology,Texas A&M University,RNA Standard  Usage (per sample),,0638,WSGI,completed,billing_initialized,each,16.5,3/11/26 09:25,3/11/26 15:35,3/26/26 13:47,3/26/26 14:02,3/27/26 03:00,3/26/26 23:59,Sean Pagel,Molecular Genomics Workspace,MGW-5788681,,,,,71112062,No status set,,Self Service - TapeStation/Bioanalyzer,N/A,,,,,,3986
MGW-SP-5498,Equipment Scheduling,297792,Sean Pagel,,"Sorg, Joseph (TAMU) Lab",Biology,Texas A&M University,RNA Standard  Usage (per sample),,0638,WSGI,completed,billing_initialized,each,154,3/20/26 15:09,3/23/26 16:51,3/26/26 13:52,3/26/26 14:02,3/27/26 03:00,3/26/26 23:59,Sean Pagel,Molecular Genomics Workspace,MGW-5788681,,,,,71345411,No status set,,Self Service - TapeStation/Bioanalyzer,N/A,,,,,,3986
MGW-SP-5498,Equipment Scheduling,297792,Sean Pagel,,"Sorg, Joseph (TAMU) Lab",Biology,Texas A&M University,RNA Standard  Usage (per sample),,0638,WSGI,completed,billing_initialized,each,33,3/25/26 14:58,3/26/26 13:32,4/23/26 12:07,4/24/26 16:21,4/25/26 03:00,4/24/26 23:59,Sean Pagel,Molecular Genomics Workspace,MGW-5846988,,,,,71444593,No status set,,Self Service - TapeStation/Bioanalyzer,N/A,,,,,,3986
MGW-SP-5494,Equipment Scheduling,295966,Sean Pagel,,"Sorg, Joseph (TAMU) Lab",Biology,Texas A&M University,"Tape Station (Agilent) (Tape Station (Agilent)) | Friday, February 27",,0638,WSGI,completed,billing_initialized,hour,34,3/26/26 13:39,2/27/26 16:19,3/26/26 13:39,3/26/26 14:02,3/27/26 03:00,3/26/26 23:59,Paola Galvan,Molecular Genomics Workspace,MGW-5788681,,,,,71476259,No status set,,Molecular Biology,Self-Use,,,,,,3986
MGW-SP-5498,Equipment Scheduling,295966,Sean Pagel,,"Sorg, Joseph (TAMU) Lab",Biology,Texas A&M University,"Tape Station (Agilent) (Tape Station (Agilent)) | Thursday, March 05",,0638,WSGI,completed,billing_initialized,hour,10,3/26/26 13:44,3/5/26 12:21,3/26/26 13:44,3/26/26 14:02,3/27/26 03:00,3/26/26 23:59,Paola Galvan,Molecular Genomics Workspace,MGW-5788681,,,,,71476460,No status set,,Molecular Biology,Self-Use,,,,,,3986
MGW-SP-5498,Equipment Scheduling,295966,Sean Pagel,,"Sorg, Joseph (TAMU) Lab",Biology,Texas A&M University,"Tape Station (Agilent) (Tape Station (Agilent)) | Wednesday, March 11",,0638,WSGI,completed,billing_initialized,hour,4,3/26/26 13:47,3/11/26 15:35,3/26/26 13:47,3/26/26 14:02,3/27/26 03:00,3/26/26 23:59,Paola Galvan,Molecular Genomics Workspace,MGW-5788681,,,,,71476711,No status set,,Molecular Biology,Self-Use,,,,,,3986
MGW-SP-5498,Equipment Scheduling,295966,Sean Pagel,,"Sorg, Joseph (TAMU) Lab",Biology,Texas A&M University,"Tape Station (Agilent) (Tape Station (Agilent)) | Monday, March 23",,0638,WSGI,completed,billing_initialized,hour,33,3/26/26 13:51,3/23/26 16:51,3/26/26 13:51,3/26/26 14:02,3/27/26 03:00,3/26/26 23:59,Paola Galvan,Molecular Genomics Workspace,MGW-5788681,,,,,71476958,No status set,,Molecular Biology,Self-Use,,,,,,3986
MGW-SP-5498,Equipment Scheduling,295966,Sean Pagel,,"Sorg, Joseph (TAMU) Lab",Biology,Texas A&M University,"Tape Station (Agilent) (Tape Station (Agilent)) | Thursday, March 26",,0638,WSGI,completed,billing_initialized,hour,8,4/23/26 12:07,3/26/26 13:32,4/23/26 12:07,4/24/26 16:21,4/25/26 03:00,4/24/26 23:59,Paola Galvan,Molecular Genomics Workspace,MGW-5846988,,,,,72189606,No status set,,Molecular Biology,Self-Use,,,,,,3986
MGW-SP-5538,Equipment Scheduling,295966,Sean Pagel,,"Sorg, Joseph (TAMU) Lab",Biology,Texas A&M University,"Tape Station (Agilent) (Tape Station (Agilent)) | Friday, April 10 (cancellation)",,0638,WSGI,completed,not_billable,hour,0,4/23/26 13:30,4/10/26 12:00,4/23/26 13:30,4/24/26 16:21,4/25/26 03:00,4/24/26 23:59,Paola Galvan,Molecular Genomics Workspace,MGW-5846988,Cancellation,,,,72193615,No status set,,Molecular Biology,Self-Use,,,,,,3986
MGW-SP-5589,Equipment Scheduling,297792,Sean Pagel,,"Sorg, Joseph (TAMU) Lab",Biology,Texas A&M University,RNA Standard  Usage (per sample) - Consumables,,0638,WSGI,completed,billing_initialized,each,49.5,5/21/26 09:57,5/21/26 11:39,5/21/26 16:16,5/27/26 16:32,5/28/26 03:00,5/27/26 23:59,Sean Pagel,Molecular Genomics Workspace,MGW-5910829,,,,,72900447,No status set,,Self Service - TapeStation/Bioanalyzer,N/A,,,,,,3986
MGW-SP-5589,Equipment Scheduling,295966,Sean Pagel,,"Sorg, Joseph (TAMU) Lab",Biology,Texas A&M University,"Tape Station (Agilent) (Tape Station (Agilent)) | Thursday, May 21",,0638,WSGI,completed,billing_initialized,hour,5,5/21/26 16:16,5/21/26 11:39,5/21/26 16:16,5/27/26 16:32,5/28/26 03:00,5/27/26 23:59,Paola Galvan,Molecular Genomics Workspace,MGW-5910829,,,,,72916261,No status set,,Molecular Biology,Self-Use,,,,,,3986
MGW-SP-5668,Equipment Scheduling,297792,Sean Pagel,,"Sorg, Joseph (TAMU) Lab",Biology,Texas A&M University,RNA Standard  Usage (per sample) - Consumables,,0638,WSGI,completed,billing_initialized,each,16.5,7/16/26 15:05,7/17/26 14:11,7/27/26 13:02,7/27/26 14:09,7/28/26 03:05,7/27/26 23:59,Sean Pagel,Molecular Genomics Workspace,MGW-6028628,,,,,74273481,No status set,,Self Service - TapeStation/Bioanalyzer,N/A,,,,,,3986
MGW-SP-5668,Equipment Scheduling,295966,Sean Pagel,,"Sorg, Joseph (TAMU) Lab",Biology,Texas A&M University,"Tape Station (Agilent) (Tape Station (Agilent)) | Friday, July 17",,0638,WSGI,completed,billing_initialized,hour,10,7/27/26 13:02,7/17/26 14:11,7/27/26 13:02,7/27/26 14:09,7/28/26 03:05,7/27/26 23:59,Paola Galvan,Molecular Genomics Workspace,MGW-6028628,,,,,74479762,No status set,,Molecular Biology,Self-Use,,,,,,3986
MGW-SX-5296,"GEM-X Single Cell 5' mRNA plus Immune Profiling HT Library Prep (per sample, 1-3 samples)",539125,Shan Xu,Graduate Student,"Song, Jianxun (TAMU) Lab",Microbial Pathogenesis and Immunology,Texas A&M University,"GEM-X Single Cell 5' mRNA plus Immune Profiling HT Library Prep (per sample, 1-3 samples)",Samples only processed to cDNA,0638,WSGI,completed,billing_initialized,each,4000,10/19/25 13:53,10/19/25 13:53,7/27/26 10:16,7/27/26 14:09,7/28/26 03:05,7/27/26 23:59,jun Fan,Molecular Genomics Workspace,MGW-6028614,,,,,67646209,No status set,,Full Service - Single Cell Library Preparation ,N/A,,,,,,3986
MGW-SX-5296,"GEM-X Single Cell 5' mRNA plus Immune Profiling HT Library Prep (per sample, 1-3 samples)",504635,Shan Xu,Graduate Student,"Song, Jianxun (TAMU) Lab",Microbial Pathogenesis and Immunology,Texas A&M University,Single Cell Pre-library QC (per sample),,0638,WSGI,completed,billing_initialized,each,140,10/19/25 13:54,10/19/25 13:54,7/27/26 10:16,7/27/26 14:09,7/28/26 03:05,7/27/26 23:59,jun Fan,Molecular Genomics Workspace,MGW-6028614,,,,,67646212,No status set,,Full Service - Cell Counting & Viability,N/A,,,,,,3986
MGW-SX-5441,Project Request,559373,Shan Xu,Graduate Student,"Song, Jianxun (TAMU) Lab",Microbial Pathogenesis and Immunology,Texas A&M University,4200 TapeStation,Tapestation instrument running charge for RNA QC and library QC,0638,WSGI,completed,billing_initialized,hour,28.8,2/18/26 13:09,2/18/26 13:09,3/23/26 10:33,4/24/26 16:21,4/25/26 03:00,4/24/26 23:59,jun Fan,Molecular Genomics Workspace,MGW-5846978,,,,,70541075,No status set,,Instrument Charges,N/A,,,,,,3986
MGW-SX-5441,Project Request,559371,Shan Xu,Graduate Student,"Song, Jianxun (TAMU) Lab",Microbial Pathogenesis and Immunology,Texas A&M University,NextSeq 2000 Sequencing System (S/N VH00580),,0638,WSGI,completed,billing_initialized,each,250,2/18/26 13:09,2/18/26 13:09,3/23/26 10:33,4/24/26 16:21,4/25/26 03:00,4/24/26 23:59,jun Fan,Molecular Genomics Workspace,MGW-5846978,,,,,70541085,No status set,,Instrument Charges,N/A,,,,,,3986
MGW-SX-5441,Project Request,561152,Shan Xu,Graduate Student,"Song, Jianxun (TAMU) Lab",Microbial Pathogenesis and Immunology,Texas A&M University,QC Core-prepared Library,,0638,WSGI,completed,billing_initialized,each,155.5,2/18/26 13:09,2/18/26 13:09,3/23/26 10:33,4/24/26 16:21,4/25/26 03:00,4/24/26 23:59,jun Fan,Molecular Genomics Workspace,MGW-5846978,,,,,70541103,No status set,,QC - Consumables,N/A,,,,,,3986
MGW-SX-5441,Project Request,561151,Shan Xu,Graduate Student,"Song, Jianxun (TAMU) Lab",Microbial Pathogenesis and Immunology,Texas A&M University,QC RNA,This number is an estimate and may change once we have the actual data from practice.,0638,WSGI,completed,billing_initialized,each,123.9,2/18/26 13:09,2/18/26 13:09,3/23/26 10:33,4/24/26 16:21,4/25/26 03:00,4/24/26 23:59,jun Fan,Molecular Genomics Workspace,MGW-5846978,,,,,70541107,No status set,,QC - Consumables,N/A,,,,,,3986
MGW-SX-5441,Project Request,564573,Shan Xu,Graduate Student,"Song, Jianxun (TAMU) Lab",Microbial Pathogenesis and Immunology,Texas A&M University,Wathmaker mRNAseq library,,0638,WSGI,completed,billing_initialized,each,536.3,2/18/26 13:09,2/18/26 13:09,3/23/26 10:33,4/24/26 16:21,4/25/26 03:00,4/24/26 23:59,jun Fan,Molecular Genomics Workspace,MGW-5846978,,,,,70541124,No status set,,RNA Library Preparation - Consumables,N/A,,,,,,3986
MGW-SX-5441,Project Request,561246,Shan Xu,Graduate Student,"Song, Jianxun (TAMU) Lab",Microbial Pathogenesis and Immunology,Texas A&M University,NextSeq 2000 P2 XLEAP-SBS Reagent Kit (200 cycles),,0638,WSGI,completed,billing_initialized,each,2258.3,2/18/26 13:10,2/18/26 13:10,3/23/26 10:33,4/24/26 16:21,4/25/26 03:00,4/24/26 23:59,jun Fan,Molecular Genomics Workspace,MGW-5846978,,,,,70541136,No status set,,Sequencing (NextSeq 2000) - Consumables,N/A,,,,,,3986
MGW-SX-5441,Project Request,559377,Shan Xu,Graduate Student,"Song, Jianxun (TAMU) Lab",Microbial Pathogenesis and Immunology,Texas A&M University,Laboratory Technician,,0638,WSGI,completed,billing_initialized,hour,350,2/18/26 13:10,2/18/26 13:10,3/23/26 10:33,4/24/26 16:21,4/25/26 03:00,4/24/26 23:59,jun Fan,Molecular Genomics Workspace,MGW-5846978,,,,,70541152,No status set,,Laboratory Technician,N/A,,,,,,3986
MGW-SX-5441,Project Request,559377,Shan Xu,Graduate Student,"Song, Jianxun (TAMU) Lab",Microbial Pathogenesis and Immunology,Texas A&M University,Laboratory Technician,The labor hours are for sequencing operations.,0638,WSGI,completed,billing_initialized,hour,16.5,2/18/26 13:10,2/18/26 13:10,3/23/26 10:33,4/24/26 16:21,4/25/26 03:00,4/24/26 23:59,jun Fan,Molecular Genomics Workspace,MGW-5846978,,,,,70541158,No status set,,Laboratory Technician,N/A,,,,,,3986
MGW-SC-5524,Training Request,297786,Shelbie Cast,,"Blackmon, Heath (TAMU) Lab",Biology,Texas A&M University,Genomic  DNA Usage (per sample),,0638,WSGI,completed,billing_initialized,each,27.2,4/24/26 14:56,4/24/26 14:56,5/21/26 10:08,5/27/26 16:32,5/28/26 03:00,5/27/26 23:59,Paola Galvan,Molecular Genomics Workspace,MGW-5910823,,,,,72220087,No status set,,Self Service - TapeStation/Bioanalyzer,N/A,,,,,,3986
MGW-SC-5524,Training Request,559373,Shelbie Cast,,"Blackmon, Heath (TAMU) Lab",Biology,Texas A&M University,4200 TapeStation,,0638,WSGI,completed,billing_initialized,hour,6,4/24/26 14:56,4/24/26 14:56,5/21/26 10:08,5/27/26 16:32,5/28/26 03:00,5/27/26 23:59,Paola Galvan,Molecular Genomics Workspace,MGW-5910823,,,,,72220125,No status set,,Instrument Charges,N/A,,,,,,3986
MGW-SC-5524,Training Request,559377,Shelbie Cast,,"Blackmon, Heath (TAMU) Lab",Biology,Texas A&M University,Laboratory Technician,,0638,WSGI,completed,billing_initialized,hour,50,4/24/26 14:57,4/24/26 14:57,5/21/26 10:08,5/27/26 16:32,5/28/26 03:00,5/27/26 23:59,Paola Galvan,Molecular Genomics Workspace,MGW-5910823,,,,,72220129,No status set,,Laboratory Technician,N/A,,,,,,3986
MGW-SC-5588,Equipment Scheduling,297786,Shelbie Cast,,"Blackmon, Heath (TAMU) Lab",Biology,Texas A&M University,Genomic  DNA Usage (per sample) - Consumables,,0638,WSGI,completed,billing_initialized,each,108.8,5/21/26 16:15,5/20/26 16:07,5/21/26 16:16,5/27/26 16:32,5/28/26 03:00,5/27/26 23:59,Paola Galvan,Molecular Genomics Workspace,MGW-5910823,,,,,72916239,No status set,,Self Service - TapeStation/Bioanalyzer,N/A,,,,,,3986
MGW-SC-5588,Equipment Scheduling,295966,Shelbie Cast,,"Blackmon, Heath (TAMU) Lab",Biology,Texas A&M University,"Tape Station (Agilent) (Tape Station (Agilent)) | Wednesday, May 20",Analyzing 8 HMW DNA samples for genome assembly,0638,WSGI,completed,billing_initialized,hour,17,5/21/26 16:16,5/20/26 16:07,5/21/26 16:16,5/27/26 16:32,5/28/26 03:00,5/27/26 23:59,Paola Galvan,Molecular Genomics Workspace,MGW-5910823,,,,,72916251,No status set,,Molecular Biology,Self-Use,,,,,,3986
MGW-SC-5682,Project Request,567613,Shelbie Cast,,"Blackmon, Heath (TAMU) Lab",Biology,Texas A&M University,Watchmaker DNA-seq library - Consumables,,0638,WSGI,proposed,not_ready_to_bill,each,3410.4,8/5/26 10:08,8/5/26 10:08,,n/a,n/a,n/a,jun Fan,Molecular Genomics Workspace,no invoice,,,,,74758019,No status set,,DNA Library Preparation - Consumables,N/A,,,,,,3986
MGW-SC-5682,Project Request,559377,Shelbie Cast,,"Blackmon, Heath (TAMU) Lab",Biology,Texas A&M University,Laboratory Technician,,0638,WSGI,proposed,not_ready_to_bill,hour,1500,8/5/26 10:09,8/5/26 10:09,,n/a,n/a,n/a,jun Fan,Molecular Genomics Workspace,no invoice,,,,,74758066,No status set,,Laboratory Technician,N/A,,,,,,3986
MGW-SC-5682,Project Request,560903,Shelbie Cast,,"Blackmon, Heath (TAMU) Lab",Biology,Texas A&M University,QC DNA - Consumables,,0638,WSGI,proposed,not_ready_to_bill,each,1424,8/5/26 10:09,8/5/26 10:09,,n/a,n/a,n/a,jun Fan,Molecular Genomics Workspace,no invoice,,,,,74758090,No status set,,QC - Consumables,N/A,,,,,,3986
MGW-SC-5682,Project Request,559373,Shelbie Cast,,"Blackmon, Heath (TAMU) Lab",Biology,Texas A&M University,4200 TapeStation,,0638,WSGI,proposed,not_ready_to_bill,hour,192,8/5/26 10:09,8/5/26 10:09,,n/a,n/a,n/a,jun Fan,Molecular Genomics Workspace,no invoice,,,,,74758115,No status set,,Instrument Charges,N/A,,,,,,3986
MGW-SC-5682,Project Request,561152,Shelbie Cast,,"Blackmon, Heath (TAMU) Lab",Biology,Texas A&M University,QC Core-prepared Library - Consumables,,0638,WSGI,proposed,not_ready_to_bill,each,1244,8/5/26 10:09,8/5/26 10:09,,n/a,n/a,n/a,jun Fan,Molecular Genomics Workspace,no invoice,,,,,74758128,No status set,,QC - Consumables,N/A,,,,,,3986
MGW-SC-5682,Project Request,571884,Shelbie Cast,,"Blackmon, Heath (TAMU) Lab",Biology,Texas A&M University,NovaSeq X 10B 300 cycles 1 lane- Consumables,,0638,WSGI,proposed,not_ready_to_bill,each,7135,8/5/26 10:10,8/5/26 10:10,,n/a,n/a,n/a,jun Fan,Molecular Genomics Workspace,no invoice,,,,,74758157,No status set,,NovaSeq - Consumables,N/A,,,,,,3986
MGW-SC-5682,Project Request,571883,Shelbie Cast,,"Blackmon, Heath (TAMU) Lab",Biology,Texas A&M University,NovaSeq X 10B 300 cycles flow cell - Consumables,,0638,WSGI,proposed,not_ready_to_bill,each,10984.05,8/5/26 10:15,8/5/26 10:15,,n/a,n/a,n/a,jun Fan,Molecular Genomics Workspace,no invoice,,,,,74758513,No status set,,NovaSeq - Consumables,N/A,,,,,,3986
MGW-SC-5682,Project Request,576751,Shelbie Cast,,"Blackmon, Heath (TAMU) Lab",Biology,Texas A&M University,EquiPlex Normalization ( MultiPlex) consumble,,0638,WSGI,proposed,not_ready_to_bill,each,258,8/5/26 10:28,8/5/26 10:28,,n/a,n/a,n/a,jun Fan,Molecular Genomics Workspace,no invoice,,,,,74759085,No status set,,Consumables,N/A,,,,,,3986
MGW-SC-5683,Project Request,559377,Shelbie Cast,,"Blackmon, Heath (TAMU) Lab",Biology,Texas A&M University,Laboratory Technician,,0638,WSGI,proposed,not_ready_to_bill,hour,500,8/5/26 10:43,8/5/26 10:43,,n/a,n/a,n/a,jun Fan,Molecular Genomics Workspace,no invoice,,,,,74760066,No status set,,Laboratory Technician,N/A,,,,,,3986
MGW-SC-5683,Project Request,561152,Shelbie Cast,,"Blackmon, Heath (TAMU) Lab",Biology,Texas A&M University,QC Core-prepared Library - Consumables,,0638,WSGI,proposed,not_ready_to_bill,each,311,8/5/26 10:43,8/5/26 10:43,,n/a,n/a,n/a,jun Fan,Molecular Genomics Workspace,no invoice,,,,,74760072,No status set,,QC - Consumables,N/A,,,,,,3986
MGW-SC-5683,Project Request,561151,Shelbie Cast,,"Blackmon, Heath (TAMU) Lab",Biology,Texas A&M University,QC RNA - Consumables,,0638,WSGI,proposed,not_ready_to_bill,each,177,8/5/26 10:43,8/5/26 10:43,,n/a,n/a,n/a,jun Fan,Molecular Genomics Workspace,no invoice,,,,,74760074,No status set,,QC - Consumables,N/A,,,,,,3986
MGW-SC-5683,Project Request,564573,Shelbie Cast,,"Blackmon, Heath (TAMU) Lab",Biology,Texas A&M University,Wathmaker mRNAseq library - Consumables,,0638,WSGI,proposed,not_ready_to_bill,each,1072.6,8/5/26 10:43,8/5/26 10:43,,n/a,n/a,n/a,jun Fan,Molecular Genomics Workspace,no invoice,,,,,74760094,No status set,,RNA Library Preparation - Consumables,N/A,,,,,,3986
MGW-SC-5683,Project Request,561256,Shelbie Cast,,"Blackmon, Heath (TAMU) Lab",Biology,Texas A&M University,NextSeq 2000 P3 XLEAP-SBS Reagent Kit (200 cycles) - Consumables,,0638,WSGI,proposed,not_ready_to_bill,each,1829.3,8/5/26 10:44,8/5/26 10:44,,n/a,n/a,n/a,jun Fan,Molecular Genomics Workspace,no invoice,,,,,74760177,No status set,,Sequencing (NextSeq 2000) - Consumables,N/A,,,,,,3986
MGW-SC-5683,Project Request,559373,Shelbie Cast,,"Blackmon, Heath (TAMU) Lab",Biology,Texas A&M University,4200 TapeStation,,0638,WSGI,proposed,not_ready_to_bill,hour,48,8/5/26 10:44,8/5/26 10:44,,n/a,n/a,n/a,jun Fan,Molecular Genomics Workspace,no invoice,,,,,74760187,No status set,,Instrument Charges,N/A,,,,,,3986
MGW-SC-5683,Project Request,559371,Shelbie Cast,,"Blackmon, Heath (TAMU) Lab",Biology,Texas A&M University,NextSeq 2000 Sequencing System (S/N VH00580),,0638,WSGI,proposed,not_ready_to_bill,each,125,8/5/26 10:45,8/5/26 10:45,,n/a,n/a,n/a,jun Fan,Molecular Genomics Workspace,no invoice,,,,,74760193,No status set,,Instrument Charges,N/A,,,,,,3986
MGW-SP-5629,Project Request,559376,SOWMYA POOSAPATI,,"Kebrom, Tesfamichael (TAMU) Lab",,Texas A&M University,Consumables,,0638,WSGI,financials_approved,not_ready_to_bill,each,720,7/6/26 21:28,7/6/26 21:28,,n/a,n/a,n/a,jun Fan,Molecular Genomics Workspace,no invoice,,,,,74034753,No status set,,Consumables,N/A,,,,,,3986
MGW-SB-5272,Equipment Scheduling,397981,Sudip Biswas,Graduate Student,"Septiningsih, Endang (TAMU) Lab",Soil & Crop Sciences,Texas A&M University,QX200 ddPCR Usage (per set of 8 samples),,0638,WSGI,completed,billing_initialized,each,352,9/19/25 14:37,9/23/25 10:00,9/26/25 13:30,9/29/25 16:12,9/30/25 03:00,9/29/25 23:59,Sudip Biswas,Molecular Genomics Workspace,MGW-5434238,,,,,66921833,No status set,,Self Service - QX200 ddPCR,N/A,,,,,,3986
MGW-SB-5272,Equipment Scheduling,397981,Sudip Biswas,Graduate Student,"Septiningsih, Endang (TAMU) Lab",Soil & Crop Sciences,Texas A&M University,QX200 ddPCR Usage (per set of 8 samples),,0638,WSGI,completed,billing_initialized,each,176,9/24/25 14:17,9/26/25 10:00,9/29/25 10:30,9/29/25 16:12,9/30/25 03:00,9/29/25 23:59,Sudip Biswas,Molecular Genomics Workspace,MGW-5434238,,,,,67023808,No status set,,Self Service - QX200 ddPCR,N/A,,,,,,3986
MGW-SB-5272,Equipment Scheduling,296365,Sudip Biswas,Graduate Student,"Septiningsih, Endang (TAMU) Lab",Soil & Crop Sciences,Texas A&M University,"QX200 Droplet Digital PCR System (Bio-Rad) (ddPCR system) | Tuesday, September 23",,0638,WSGI,completed,billing_initialized,hour,0,9/26/25 13:30,9/23/25 10:00,9/26/25 13:30,9/29/25 16:12,9/30/25 03:00,9/29/25 23:59,Paola Galvan,Molecular Genomics Workspace,MGW-5434238,,,,,67081619,No status set,,Molecular Biology,Self Use,,,,,,3986
MGW-SB-5272,Equipment Scheduling,296365,Sudip Biswas,Graduate Student,"Septiningsih, Endang (TAMU) Lab",Soil & Crop Sciences,Texas A&M University,"QX200 Droplet Digital PCR System (Bio-Rad) (ddPCR system) | Friday, September 26",,0638,WSGI,completed,billing_initialized,hour,0,9/29/25 10:30,9/26/25 10:00,9/29/25 10:30,9/29/25 16:12,9/30/25 03:00,9/29/25 23:59,Paola Galvan,Molecular Genomics Workspace,MGW-5434238,,,,,67115081,No status set,,Molecular Biology,Self Use,,,,,,3986
MGW-SB-5569,Project Request,571676,Sujata Balasubramanian,,"Hamer, Gabriel (TAMU) Lab",Entomology,Texas A&M University,IDT xGEN ssDNA Low input - Consumables,,0638,WSGI,completed,billing_initialized,each,403.1,5/13/26 15:12,5/13/26 15:12,8/18/26 14:23,8/24/26 15:43,8/25/26 03:05,8/24/26 23:59,jun Fan,Molecular Genomics Workspace,MGW-6084204,,,,,72739888,No status set,,DNA Library Preparation - Consumables,N/A,,,,,,3986
MGW-SB-5569,Project Request,559377,Sujata Balasubramanian,,"Hamer, Gabriel (TAMU) Lab",Entomology,Texas A&M University,Laboratory Technician,,0638,WSGI,completed,billing_initialized,hour,175,5/13/26 15:12,5/13/26 15:12,8/18/26 14:23,8/24/26 15:43,8/25/26 03:05,8/24/26 23:59,jun Fan,Molecular Genomics Workspace,MGW-6084204,,,,,72739895,No status set,,Laboratory Technician,N/A,,,,,,3986
MGW-SB-5569,Project Request,559373,Sujata Balasubramanian,,"Hamer, Gabriel (TAMU) Lab",Entomology,Texas A&M University,4200 TapeStation,,0638,WSGI,completed,billing_initialized,hour,6,5/13/26 15:12,5/13/26 15:12,8/18/26 14:23,8/24/26 15:43,8/25/26 03:05,8/24/26 23:59,jun Fan,Molecular Genomics Workspace,MGW-6084204,,,,,72739900,No status set,,Instrument Charges,N/A,,,,,,3986
MGW-SB-5569,Project Request,559383,Sujata Balasubramanian,,"Hamer, Gabriel (TAMU) Lab",Entomology,Texas A&M University,Illumina MiSeq,,0638,WSGI,completed,billing_initialized,hour,520,5/13/26 15:12,5/13/26 15:12,8/18/26 14:23,8/24/26 15:43,8/25/26 03:05,8/24/26 23:59,jun Fan,Molecular Genomics Workspace,MGW-6084204,,,,,72739901,No status set,,Instrument Charges,N/A,,,,,,3986
MGW-SB-5569,Project Request,561223,Sujata Balasubramanian,,"Hamer, Gabriel (TAMU) Lab",Entomology,Texas A&M University,"MiSeq Reagent Nano Kit, v2 (300 cycles) - Consumables",,0638,WSGI,completed,billing_initialized,each,434.5,5/13/26 15:13,5/13/26 15:13,8/18/26 14:23,8/24/26 15:43,8/25/26 03:05,8/24/26 23:59,jun Fan,Molecular Genomics Workspace,MGW-6084204,,,,,72739912,No status set,,Sequencing (MiSeq) - Consumables,N/A,,,,,,3986
MGW-SB-5569,Project Request,561152,Sujata Balasubramanian,,"Hamer, Gabriel (TAMU) Lab",Entomology,Texas A&M University,QC Core-prepared Library - Consumables,,0638,WSGI,completed,billing_initialized,each,77.75,5/13/26 15:13,5/13/26 15:13,8/18/26 14:23,8/24/26 15:43,8/25/26 03:05,8/24/26 23:59,jun Fan,Molecular Genomics Workspace,MGW-6084204,,,,,72739927,No status set,,QC - Consumables,N/A,,,,,,3986
MGW-SB-5569,Project Request,562236,Sujata Balasubramanian,,"Hamer, Gabriel (TAMU) Lab",Entomology,Texas A&M University,QC DNA/RNA Qubit Only - Consumables,,0638,WSGI,completed,billing_initialized,each,10,5/13/26 15:14,5/13/26 15:14,8/18/26 14:23,8/24/26 15:43,8/25/26 03:05,8/24/26 23:59,jun Fan,Molecular Genomics Workspace,MGW-6084204,,,,,72739943,No status set,,QC - Consumables,N/A,,,,,,3986
MGW-SB-5571,Project Request,567613,Sujata Balasubramanian,,"Hamer, Gabriel (TAMU) Lab",Entomology,Texas A&M University,Watchmaker DNA-seq library - Consumables,,0638,WSGI,proposed,not_ready_to_bill,each,426.3,5/14/26 11:22,5/14/26 11:22,,n/a,n/a,n/a,jun Fan,Molecular Genomics Workspace,no invoice,,,,,72755064,No status set,,DNA Library Preparation - Consumables,N/A,,,,,,3986
MGW-SB-5571,Project Request,559377,Sujata Balasubramanian,,"Hamer, Gabriel (TAMU) Lab",Entomology,Texas A&M University,Laboratory Technician,The laboratory charge for Illumina DNAseq library preparation and library QC.,0638,WSGI,proposed,not_ready_to_bill,hour,200,5/14/26 11:22,5/14/26 11:22,,n/a,n/a,n/a,jun Fan,Molecular Genomics Workspace,no invoice,,,,,72755076,No status set,,Laboratory Technician,N/A,,,,,,3986
MGW-SB-5571,Project Request,562240,Sujata Balasubramanian,,"Hamer, Gabriel (TAMU) Lab",Entomology,Texas A&M University,PromethION Flow Cell - Consumables,This number is an estimate with two flow cells per sample and may change once we have the actual data from practice.,0638,WSGI,proposed,not_ready_to_bill,each,22880,5/14/26 11:22,5/14/26 11:22,,n/a,n/a,n/a,jun Fan,Molecular Genomics Workspace,no invoice,,,,,72755087,No status set,,ONT Flow Cell - Consumable ,N/A,,,,,,3986
MGW-SB-5571,Project Request,560903,Sujata Balasubramanian,,"Hamer, Gabriel (TAMU) Lab",Entomology,Texas A&M University,QC DNA - Consumables,,0638,WSGI,proposed,not_ready_to_bill,each,178,5/14/26 11:22,5/14/26 11:22,,n/a,n/a,n/a,jun Fan,Molecular Genomics Workspace,no invoice,,,,,72755101,No status set,,QC - Consumables,N/A,,,,,,3986
MGW-SB-5571,Project Request,561152,Sujata Balasubramanian,,"Hamer, Gabriel (TAMU) Lab",Entomology,Texas A&M University,QC Core-prepared Library - Consumables,,0638,WSGI,proposed,not_ready_to_bill,each,155.5,5/14/26 11:22,5/14/26 11:22,,n/a,n/a,n/a,jun Fan,Molecular Genomics Workspace,no invoice,,,,,72755107,No status set,,QC - Consumables,N/A,,,,,,3986
MGW-SB-5571,Project Request,559376,Sujata Balasubramanian,,"Hamer, Gabriel (TAMU) Lab",Entomology,Texas A&M University,Consumables,"The charge is for ONT library preparation. Since two flow cells are required per sample, two library preparations will be needed for each sample.",0638,WSGI,proposed,not_ready_to_bill,each,4600,5/14/26 11:23,5/14/26 11:23,,n/a,n/a,n/a,jun Fan,Molecular Genomics Workspace,no invoice,,,,,72755123,No status set,,Consumables,N/A,,,,,,3986
MGW-SB-5571,Project Request,559373,Sujata Balasubramanian,,"Hamer, Gabriel (TAMU) Lab",Entomology,Texas A&M University,4200 TapeStation,,0638,WSGI,proposed,not_ready_to_bill,hour,24,5/14/26 11:31,5/14/26 11:31,,n/a,n/a,n/a,jun Fan,Molecular Genomics Workspace,no invoice,,,,,72755361,No status set,,Instrument Charges,N/A,,,,,,3986
MGW-SB-5571,Project Request,559376,Sujata Balasubramanian,,"Hamer, Gabriel (TAMU) Lab",Entomology,Texas A&M University,Consumables,The charge is for Illumina sequencing.,0638,WSGI,proposed,not_ready_to_bill,each,5900,5/14/26 11:31,5/14/26 11:31,,n/a,n/a,n/a,jun Fan,Molecular Genomics Workspace,no invoice,,,,,72755377,No status set,,Consumables,N/A,,,,,,3986
MGW-SB-5571,Project Request,559380,Sujata Balasubramanian,,"Hamer, Gabriel (TAMU) Lab",Entomology,Texas A&M University,Oxford Nanopore Gridion,"This charge is for instrument operation, including a 24-hour run per flow cell.",0638,WSGI,proposed,not_ready_to_bill,hour,1843.2,5/14/26 11:41,5/14/26 11:41,,n/a,n/a,n/a,jun Fan,Molecular Genomics Workspace,no invoice,,,,,72755727,No status set,,Instrument Charges,N/A,,,,,,3986
MGW-SS-5662,Equipment Scheduling,292897,Sunil Sharma,,"Cruz-Reyes, Jorge (TAMU) Lab",Biochemistry & Biophysics,Texas A&M University,DNA/RNA Qubit Usage (per sample) - Consumables,,0638,WSGI,completed,billing_initialized,each,6,7/8/26 16:45,7/8/26 16:47,7/27/26 12:54,7/27/26 14:09,7/28/26 03:05,7/27/26 23:59,Sunil Sharma,Molecular Genomics Workspace,MGW-6028626,,,,,74103427,No status set,,Self Service - Qubit,N/A,,,,,,3986
MGW-SS-5662,Equipment Scheduling,292907,Sunil Sharma,,"Cruz-Reyes, Jorge (TAMU) Lab",Biochemistry & Biophysics,Texas A&M University,"Qubit Fluorometer (Life Technologies) (Qubit Fluorometer (Life Technologies)) | Wednesday, July 08",,0638,WSGI,completed,billing_initialized,hour,0,7/27/26 12:54,7/8/26 16:47,7/27/26 12:54,7/27/26 14:09,7/28/26 03:05,7/27/26 23:59,Paola Galvan,Molecular Genomics Workspace,MGW-6028626,,,,,74479377,No status set,,Molecular Biology,Self-Use,,,,,,3986
MGW-SS-5736,Equipment Scheduling,505331,Sunil Sharma,,"Cruz-Reyes, Jorge (TAMU) Lab",Biochemistry & Biophysics,Texas A&M University,ssDNA Qubit  Usage (per sample) - Consumables,,0638,WSGI,completed,billing_initialized,each,24,8/24/26 15:12,8/24/26 15:29,9/23/26 13:12,9/24/26 11:26,9/25/26 03:05,9/24/26 23:59,Sunil Sharma,Molecular Genomics Workspace,MGW-6140677,,,,,75184430,No status set,,Self Service - Qubit,N/A,,,,,,3986
MGW-SS-5736,Equipment Scheduling,292907,Sunil Sharma,,"Cruz-Reyes, Jorge (TAMU) Lab",Biochemistry & Biophysics,Texas A&M University,"Qubit Fluorometer (Life Technologies) (Qubit Fluorometer (Life Technologies)) | Monday, August 24",,0638,WSGI,completed,billing_initialized,hour,0,9/23/26 13:12,8/24/26 15:29,9/23/26 13:12,9/24/26 11:26,9/25/26 03:05,9/24/26 23:59,Paola Galvan,Molecular Genomics Workspace,MGW-6140677,,,,,75903260,No status set,,Molecular Biology,Self-Use,,,,,,3986
MGW-SSN-5246,"GEM-X Single Cell 3' mRNA HT Library Prep (per sample, 1-3 samples)",539123,Sunilgowda Sunnagatta Nagaraja,Post-Doctoral Fellow,"Song, Jianxun (TAMU) Lab",Microbial Pathogenesis and Immunology,Texas A&M University,"GEM-X Single Cell 3' mRNA HT Library Prep (per sample, 1-3 samples)",This is a GEM-X single-cell 5' mRNA library prep without immune profiling.,0638,WSGI,completed,billing_initialized,each,4250,9/15/25 21:18,9/15/25 21:18,10/27/25 10:16,10/28/25 16:51,10/31/25 03:00,10/28/25 23:59,jun Fan,Molecular Genomics Workspace,MGW-5492168,,,,,66798326,No status set,,Full Service - Single Cell Library Preparation ,N/A,,,,,,3986
MGW-SSN-5246,"GEM-X Single Cell 3' mRNA HT Library Prep (per sample, 1-3 samples)",534527,Sunilgowda Sunnagatta Nagaraja,Post-Doctoral Fellow,"Song, Jianxun (TAMU) Lab",Microbial Pathogenesis and Immunology,Texas A&M University,Sequencing - P2-XLEAP - 100 cycle (~400M reads),,0638,WSGI,completed,billing_initialized,each,1310,9/15/25 21:19,9/15/25 21:19,10/27/25 10:16,10/28/25 16:51,10/31/25 03:00,10/28/25 23:59,jun Fan,Molecular Genomics Workspace,MGW-5492168,,,,,66798327,No status set,,Full Service - Sequencing (NextSeq 2000),N/A,,,,,,3986
MGW-SSN-5363,Project Request,561180,Sunilgowda Sunnagatta Nagaraja,Post-Doctoral Fellow,"Song, Jianxun (TAMU) Lab",Microbial Pathogenesis and Immunology,Texas A&M University,Single Cell QC Mixi GO II ,,0638,WSGI,completed,billing_initialized,each,33.52,12/8/25 14:55,12/8/25 14:55,2/20/26 11:31,2/20/26 12:25,2/21/26 03:00,2/20/26 23:59,Sarah Sharpton,Molecular Genomics Workspace,MGW-5720435,,,,,68985596,No status set,,Single Cell-Visuim QC-Isolation - Consumables,N/A,,,,,,3986
MGW-SSN-5363,Project Request,561269,Sunilgowda Sunnagatta Nagaraja,Post-Doctoral Fellow,"Song, Jianxun (TAMU) Lab",Microbial Pathogenesis and Immunology,Texas A&M University,Chromium GEM-X Single Cell 5ʹ Kit v3,,0638,WSGI,completed,billing_initialized,each,3690.7,12/8/25 14:55,12/8/25 14:55,2/20/26 11:31,2/20/26 12:25,2/21/26 03:00,2/20/26 23:59,Sarah Sharpton,Molecular Genomics Workspace,MGW-5720435,,,,,68985631,No status set,,Single Cell Library Preparation - Consumables,N/A,,,,,,3986
MGW-SSN-5363,Project Request,561270,Sunilgowda Sunnagatta Nagaraja,Post-Doctoral Fellow,"Song, Jianxun (TAMU) Lab",Microbial Pathogenesis and Immunology,Texas A&M University,Chromium GEM-X Single Cell 5ʹ Chip Kit v3,,0638,WSGI,completed,billing_initialized,each,343.75,12/8/25 14:55,12/8/25 14:55,2/20/26 11:31,2/20/26 12:25,2/21/26 03:00,2/20/26 23:59,Sarah Sharpton,Molecular Genomics Workspace,MGW-5720435,,,,,68985639,No status set,,Single Cell Library Preparation - Consumables,N/A,,,,,,3986
MGW-SSN-5363,Project Request,559389,Sunilgowda Sunnagatta Nagaraja,Post-Doctoral Fellow,"Song, Jianxun (TAMU) Lab",Microbial Pathogenesis and Immunology,Texas A&M University,Chromium iX/X,,0638,WSGI,completed,billing_initialized,hour,58.5,12/8/25 14:58,12/8/25 14:58,2/20/26 11:31,2/20/26 12:25,2/21/26 03:00,2/20/26 23:59,Sarah Sharpton,Molecular Genomics Workspace,MGW-5720435,,,,,68985757,No status set,,Instrument Charges,N/A,,,,,,3986
MGW-SSN-5363,Project Request,559371,Sunilgowda Sunnagatta Nagaraja,Post-Doctoral Fellow,"Song, Jianxun (TAMU) Lab",Microbial Pathogenesis and Immunology,Texas A&M University,NextSeq 2000 Sequencing System (S/N VH00580),,0638,WSGI,completed,billing_initialized,each,255,12/8/25 14:59,12/8/25 14:59,2/20/26 11:31,2/20/26 12:25,2/21/26 03:00,2/20/26 23:59,Sarah Sharpton,Molecular Genomics Workspace,MGW-5720435,,,,,68985866,No status set,,Instrument Charges,N/A,,,,,,3986
MGW-SSN-5363,Project Request,559373,Sunilgowda Sunnagatta Nagaraja,Post-Doctoral Fellow,"Song, Jianxun (TAMU) Lab",Microbial Pathogenesis and Immunology,Texas A&M University,4200 TapeStation,,0638,WSGI,completed,billing_initialized,hour,7.2,12/8/25 14:59,12/8/25 14:59,2/20/26 11:31,2/20/26 12:25,2/21/26 03:00,2/20/26 23:59,Sarah Sharpton,Molecular Genomics Workspace,MGW-5720435,,,,,68985877,No status set,,Instrument Charges,N/A,,,,,,3986
MGW-SSN-5363,Project Request,561245,Sunilgowda Sunnagatta Nagaraja,Post-Doctoral Fellow,"Song, Jianxun (TAMU) Lab",Microbial Pathogenesis and Immunology,Texas A&M University,NextSeq 2000 P2 XLEAP-SBS Reagent Kit (100 cycles),,0638,WSGI,completed,billing_initialized,each,1201.2,12/8/25 15:00,12/8/25 15:00,2/20/26 11:31,2/20/26 12:25,2/21/26 03:00,2/20/26 23:59,Sarah Sharpton,Molecular Genomics Workspace,MGW-5720435,,,,,68985904,No status set,,Sequencing (NextSeq 2000) - Consumables,N/A,,,,,,3986
MGW-SSN-5363,Project Request,559377,Sunilgowda Sunnagatta Nagaraja,Post-Doctoral Fellow,"Song, Jianxun (TAMU) Lab",Microbial Pathogenesis and Immunology,Texas A&M University,Laboratory Technician,,0638,WSGI,completed,billing_initialized,hour,500,12/8/25 15:00,12/8/25 15:00,2/20/26 11:31,2/20/26 12:25,2/21/26 03:00,2/20/26 23:59,Sarah Sharpton,Molecular Genomics Workspace,MGW-5720435,,,,,68985922,No status set,,Laboratory Technician,N/A,,,,,,3986
MGW-SSN-5363,Project Request,561152,Sunilgowda Sunnagatta Nagaraja,Post-Doctoral Fellow,"Song, Jianxun (TAMU) Lab",Microbial Pathogenesis and Immunology,Texas A&M University,QC Core-prepared Library,,0638,WSGI,completed,billing_initialized,each,35.5,12/8/25 15:08,12/8/25 15:08,2/20/26 11:31,2/20/26 12:25,2/21/26 03:00,2/20/26 23:59,Sarah Sharpton,Molecular Genomics Workspace,MGW-5720435,,,,,68986222,No status set,,QC - Consumables,N/A,,,,,,3986
MGW-SSN-5598,Project Request,561161,Sunilgowda Sunnagatta Nagaraja,Post-Doctoral Fellow,"Song, Jianxun (TAMU) Lab",Microbial Pathogenesis and Immunology,Texas A&M University,Qiagen Rneasy Mini Kit - Consumables,,0638,WSGI,completed,billing_initialized,each,399.36,6/5/26 09:54,6/5/26 09:54,7/27/26 10:21,7/27/26 14:09,7/28/26 03:05,7/27/26 23:59,jun Fan,Molecular Genomics Workspace,MGW-6028619,,,,,73286085,No status set,,DNA-RNA-Isolation - Consumable,N/A,,,,,,3986
MGW-SSN-5598,Project Request,561151,Sunilgowda Sunnagatta Nagaraja,Post-Doctoral Fellow,"Song, Jianxun (TAMU) Lab",Microbial Pathogenesis and Immunology,Texas A&M University,QC RNA - Consumables,,0638,WSGI,completed,billing_initialized,each,212.4,6/5/26 09:54,6/5/26 09:54,7/27/26 10:21,7/27/26 14:09,7/28/26 03:05,7/27/26 23:59,jun Fan,Molecular Genomics Workspace,MGW-6028619,,,,,73286110,No status set,,QC - Consumables,N/A,,,,,,3986
MGW-SSN-5598,Project Request,561152,Sunilgowda Sunnagatta Nagaraja,Post-Doctoral Fellow,"Song, Jianxun (TAMU) Lab",Microbial Pathogenesis and Immunology,Texas A&M University,QC Core-prepared Library - Consumables,,0638,WSGI,completed,billing_initialized,each,186.6,6/5/26 09:55,6/5/26 09:55,7/27/26 10:21,7/27/26 14:09,7/28/26 03:05,7/27/26 23:59,jun Fan,Molecular Genomics Workspace,MGW-6028619,,,,,73286120,No status set,,QC - Consumables,N/A,,,,,,3986
MGW-SSN-5598,Project Request,564573,Sunilgowda Sunnagatta Nagaraja,Post-Doctoral Fellow,"Song, Jianxun (TAMU) Lab",Microbial Pathogenesis and Immunology,Texas A&M University,Wathmaker mRNAseq library - Consumables,,0638,WSGI,completed,billing_initialized,each,643.56,6/5/26 09:55,6/5/26 09:55,7/27/26 10:21,7/27/26 14:09,7/28/26 03:05,7/27/26 23:59,jun Fan,Molecular Genomics Workspace,MGW-6028619,,,,,73286138,No status set,,RNA Library Preparation - Consumables,N/A,,,,,,3986
MGW-SSN-5598,Project Request,559373,Sunilgowda Sunnagatta Nagaraja,Post-Doctoral Fellow,"Song, Jianxun (TAMU) Lab",Microbial Pathogenesis and Immunology,Texas A&M University,4200 TapeStation,,0638,WSGI,completed,billing_initialized,hour,36,6/5/26 09:55,6/5/26 09:55,7/27/26 10:21,7/27/26 14:09,7/28/26 03:05,7/27/26 23:59,jun Fan,Molecular Genomics Workspace,MGW-6028619,,,,,73286148,No status set,,Instrument Charges,N/A,,,,,,3986
MGW-SSN-5598,Project Request,559371,Sunilgowda Sunnagatta Nagaraja,Post-Doctoral Fellow,"Song, Jianxun (TAMU) Lab",Microbial Pathogenesis and Immunology,Texas A&M University,NextSeq 2000 Sequencing System (S/N VH00580),,0638,WSGI,completed,billing_initialized,each,75,6/5/26 09:55,6/5/26 09:55,7/27/26 10:21,7/27/26 14:09,7/28/26 03:05,7/27/26 23:59,jun Fan,Molecular Genomics Workspace,MGW-6028619,,,,,73286157,No status set,,Instrument Charges,N/A,,,,,,3986
MGW-SSN-5598,Project Request,559377,Sunilgowda Sunnagatta Nagaraja,Post-Doctoral Fellow,"Song, Jianxun (TAMU) Lab",Microbial Pathogenesis and Immunology,Texas A&M University,Laboratory Technician,,0638,WSGI,completed,billing_initialized,hour,500,6/5/26 09:55,6/5/26 09:55,7/27/26 10:21,7/27/26 14:09,7/28/26 03:05,7/27/26 23:59,jun Fan,Molecular Genomics Workspace,MGW-6028619,,,,,73286165,No status set,,Laboratory Technician,N/A,,,,,,3986
MGW-SSN-5598,Project Request,561256,Sunilgowda Sunnagatta Nagaraja,Post-Doctoral Fellow,"Song, Jianxun (TAMU) Lab",Microbial Pathogenesis and Immunology,Texas A&M University,NextSeq 2000 P3 XLEAP-SBS Reagent Kit (200 cycles) - Consumables,,0638,WSGI,completed,billing_initialized,each,1065.57,6/5/26 09:55,6/5/26 09:55,7/27/26 10:21,7/27/26 14:09,7/28/26 03:05,7/27/26 23:59,jun Fan,Molecular Genomics Workspace,MGW-6028619,,,,,73286189,No status set,,Sequencing (NextSeq 2000) - Consumables,N/A,,,,,,3986
MGW-SSN-5598,Project Request,559377,Sunilgowda Sunnagatta Nagaraja,Post-Doctoral Fellow,"Song, Jianxun (TAMU) Lab",Microbial Pathogenesis and Immunology,Texas A&M University,Laboratory Technician,,0638,WSGI,completed,billing_initialized,hour,16.5,6/5/26 09:58,6/5/26 09:58,7/27/26 10:21,7/27/26 14:09,7/28/26 03:05,7/27/26 23:59,jun Fan,Molecular Genomics Workspace,MGW-6028619,,,,,73286463,No status set,,Laboratory Technician,N/A,,,,,,3986
MGW-TN-5380,Equipment Scheduling,297792,Tanya Nguyen,,"Hagler, Lauren (TAMU) Lab",,Texas A&M University,RNA Standard  Usage (per sample),,0638,WSGI,completed,billing_initialized,each,16.5,12/5/25 16:01,12/4/25 15:08,12/15/25 15:40,12/18/25 16:34,12/19/25 03:00,12/18/25 23:59,Paola Galvan,Molecular Genomics Workspace,MGW-5607173,,,,,68950705,No status set,,Self Service - TapeStation/Bioanalyzer,N/A,,,,,,3986
MGW-TN-5380,Equipment Scheduling,297792,Tanya Nguyen,,"Hagler, Lauren (TAMU) Lab",,Texas A&M University,RNA Standard  Usage (per sample),,0638,WSGI,completed,billing_initialized,each,16.5,12/12/25 15:44,12/10/25 10:52,12/15/25 12:53,12/18/25 16:34,12/19/25 03:00,12/18/25 23:59,Paola Galvan,Molecular Genomics Workspace,MGW-5607173,,,,,69118095,No status set,,Self Service - TapeStation/Bioanalyzer,N/A,,,,,,3986
MGW-TN-5380,Equipment Scheduling,295966,Tanya Nguyen,,"Hagler, Lauren (TAMU) Lab",,Texas A&M University,"Tape Station (Agilent) (Tape Station (Agilent)) | Wednesday, December 10",,0638,WSGI,completed,billing_initialized,hour,30,12/15/25 12:53,12/10/25 10:52,12/15/25 12:53,12/18/25 16:34,12/19/25 03:00,12/18/25 23:59,Paola Galvan,Molecular Genomics Workspace,MGW-5607173,,,,,69147069,No status set,,Molecular Biology,Self-Use,,,,,,3986
MGW-TN-5380,Equipment Scheduling,295966,Tanya Nguyen,,"Hagler, Lauren (TAMU) Lab",,Texas A&M University,"Tape Station (Agilent) (Tape Station (Agilent)) | Thursday, December 04",,0638,WSGI,completed,billing_initialized,hour,20,12/15/25 15:40,12/4/25 15:08,12/15/25 15:40,12/18/25 16:34,12/19/25 03:00,12/18/25 23:59,Paola Galvan,Molecular Genomics Workspace,MGW-5607173,,,,,69158214,No status set,,Molecular Biology,Self-Use,,,,,,3986
MGW-TN-5503,Equipment Scheduling,297792,Tanya Nguyen,,"Hagler, Lauren (TAMU) Lab",,Texas A&M University,RNA Standard  Usage (per sample),,0638,WSGI,completed,billing_initialized,each,22,3/18/26 16:28,3/18/26 13:24,3/26/26 13:50,3/26/26 14:02,3/27/26 03:00,3/26/26 23:59,Paola Galvan,Molecular Genomics Workspace,MGW-5788685,,,,,71283645,No status set,,Self Service - TapeStation/Bioanalyzer,N/A,,,,,,3986
MGW-TN-5503,Equipment Scheduling,295966,Tanya Nguyen,,"Hagler, Lauren (TAMU) Lab",,Texas A&M University,"Tape Station (Agilent) (Tape Station (Agilent)) | Wednesday, March 18",,0638,WSGI,completed,billing_initialized,hour,13,3/26/26 13:50,3/18/26 13:24,3/26/26 13:50,3/26/26 14:02,3/27/26 03:00,3/26/26 23:59,Paola Galvan,Molecular Genomics Workspace,MGW-5788685,,,,,71476866,No status set,,Molecular Biology,Self-Use,,,,,,3986
MGW-TRS-5386,Project Request,561152,Tapasree Roy Sarkar,Principal Investigator,"Porter, Weston (TAMU) Lab",,Texas A&M University,QC Core-prepared Library,,0638,WSGI,completed,billing_initialized,each,254.4,12/17/25 16:38,12/17/25 16:38,2/20/26 11:14,2/20/26 12:25,2/21/26 03:00,2/20/26 23:59,jun Fan,Molecular Genomics Workspace,MGW-5720439,,,,,69221566,No status set,,QC - Consumables,N/A,,,,,,3986
MGW-TRS-5386,Project Request,561151,Tapasree Roy Sarkar,Principal Investigator,"Porter, Weston (TAMU) Lab",,Texas A&M University,QC RNA,including Qubit and Tapestaion,0638,WSGI,completed,billing_initialized,each,106.2,12/17/25 16:38,12/17/25 16:38,2/20/26 11:14,2/20/26 12:25,2/21/26 03:00,2/20/26 23:59,jun Fan,Molecular Genomics Workspace,MGW-5720439,,,,,69221575,No status set,,QC - Consumables,N/A,,,,,,3986
MGW-TRS-5386,Project Request,559373,Tapasree Roy Sarkar,Principal Investigator,"Porter, Weston (TAMU) Lab",,Texas A&M University,4200 TapeStation,Tapestation instrument running charge for RNA QC and library QC,0638,WSGI,completed,billing_initialized,hour,28.8,12/17/25 16:39,12/17/25 16:39,2/20/26 11:14,2/20/26 12:25,2/21/26 03:00,2/20/26 23:59,jun Fan,Molecular Genomics Workspace,MGW-5720439,,,,,69221593,No status set,,Instrument Charges,N/A,,,,,,3986
MGW-TRS-5386,Project Request,559371,Tapasree Roy Sarkar,Principal Investigator,"Porter, Weston (TAMU) Lab",,Texas A&M University,NextSeq 2000 Sequencing System (S/N VH00580),,0638,WSGI,completed,billing_initialized,each,100,12/17/25 16:39,12/17/25 16:39,2/20/26 11:14,2/20/26 12:25,2/21/26 03:00,2/20/26 23:59,jun Fan,Molecular Genomics Workspace,MGW-5720439,,,,,69221599,No status set,,Instrument Charges,N/A,,,,,,3986
MGW-TRS-5386,Project Request,559377,Tapasree Roy Sarkar,Principal Investigator,"Porter, Weston (TAMU) Lab",,Texas A&M University,Laboratory Technician,"RNA sampleQC, mRNAseq library preparation and library QC",0638,WSGI,completed,billing_initialized,hour,400,12/17/25 16:39,12/17/25 16:39,2/20/26 11:14,2/20/26 12:25,2/21/26 03:00,2/20/26 23:59,jun Fan,Molecular Genomics Workspace,MGW-5720439,,,,,69221620,No status set,,Laboratory Technician,N/A,,,,,,3986
MGW-TRS-5386,Project Request,561256,Tapasree Roy Sarkar,Principal Investigator,"Porter, Weston (TAMU) Lab",,Texas A&M University,NextSeq 2000 P3 XLEAP-SBS Reagent Kit (200 cycles),,0638,WSGI,completed,billing_initialized,each,1420.76,12/17/25 16:40,12/17/25 16:40,2/20/26 11:14,2/20/26 12:25,2/21/26 03:00,2/20/26 23:59,jun Fan,Molecular Genomics Workspace,MGW-5720439,,,,,69221637,No status set,,Sequencing (NextSeq 2000) - Consumables,N/A,,,,,,3986
MGW-TRS-5386,Project Request,559377,Tapasree Roy Sarkar,Principal Investigator,"Porter, Weston (TAMU) Lab",,Texas A&M University,Laboratory Technician,,0638,WSGI,completed,billing_initialized,hour,16.5,12/17/25 16:43,12/17/25 16:43,2/20/26 11:14,2/20/26 12:25,2/21/26 03:00,2/20/26 23:59,jun Fan,Molecular Genomics Workspace,MGW-5720439,,,,,69221770,No status set,,Laboratory Technician,N/A,,,,,,3986
MGW-TRS-5386,Project Request,561173,Tapasree Roy Sarkar,Principal Investigator,"Porter, Weston (TAMU) Lab",,Texas A&M University,"Illumina Stranded mRNA Prep, Ligation",,0638,WSGI,completed,billing_initialized,each,768.72,12/17/25 16:46,12/17/25 16:46,2/20/26 11:14,2/20/26 12:25,2/21/26 03:00,2/20/26 23:59,jun Fan,Molecular Genomics Workspace,MGW-5720439,,,,,69221953,No status set,,RNA Library Preparation - Consumables,N/A,,,,,,3986
MGW-TJ-5337,QC RNA  (per sample),504608,Taylor Jefferis,Graduate Student,"Sayes, Christie (BU) Lab",,Baylor University,QC RNA  (per sample),,0638,WSGI,cancelled,cancelled,each,0,11/18/25 13:00,11/18/25 13:00,,n/a,n/a,n/a,jun Fan,Molecular Genomics Workspace,no invoice,,,,,68487221,No status set,,Full Service - DNA/RNA QC,N/A,,,,,,3986
MGW-TJ-5337,QC RNA  (per sample),504610,Taylor Jefferis,Graduate Student,"Sayes, Christie (BU) Lab",,Baylor University,Illumina Stranded mRNA (Ligation) Library Preparation (per sample),,0638,WSGI,cancelled,cancelled,each,0,11/18/25 13:00,11/18/25 13:00,,n/a,n/a,n/a,jun Fan,Molecular Genomics Workspace,no invoice,,,,,68487250,No status set,,Full Service - RNA Library Preparation for Illumina NGS,N/A,,,,,,3986
MGW-TJ-5337,QC RNA  (per sample),534529,Taylor Jefferis,Graduate Student,"Sayes, Christie (BU) Lab",,Baylor University,Sequencing - P2-XLEAP - 200 cycle (~400M reads),,0638,WSGI,cancelled,cancelled,each,0,11/18/25 13:01,11/18/25 13:01,,n/a,n/a,n/a,jun Fan,Molecular Genomics Workspace,no invoice,,,,,68487264,No status set,,Full Service - Sequencing (NextSeq 2000),N/A,,,,,,3986
MGW-TH-5645,Training Request,297792,Tessa Hejtmancik,Graduate Student,"Subashchandrabose, Sargurunathan (TAMU) Lab",,Texas A&M University,RNA Standard  Usage (per sample) - Consumables,,0638,WSGI,completed,billing_initialized,each,16.5,7/20/26 15:18,7/20/26 15:18,8/12/26 15:35,8/24/26 15:43,8/25/26 03:05,8/24/26 23:59,Paola Galvan,Molecular Genomics Workspace,MGW-6084214,,,,,74342057,No status set,,Self Service - TapeStation/Bioanalyzer,N/A,,,,,,3986
MGW-TH-5645,Training Request,559373,Tessa Hejtmancik,Graduate Student,"Subashchandrabose, Sargurunathan (TAMU) Lab",,Texas A&M University,4200 TapeStation,,0638,WSGI,completed,billing_initialized,hour,3.6,7/20/26 15:18,7/20/26 15:18,8/12/26 15:35,8/24/26 15:43,8/25/26 03:05,8/24/26 23:59,Paola Galvan,Molecular Genomics Workspace,MGW-6084214,,,,,74342071,No status set,,Instrument Charges,N/A,,,,,,3986
MGW-TH-5645,Training Request,559377,Tessa Hejtmancik,Graduate Student,"Subashchandrabose, Sargurunathan (TAMU) Lab",,Texas A&M University,Laboratory Technician,,0638,WSGI,completed,billing_initialized,hour,25,7/20/26 15:18,7/20/26 15:18,8/12/26 15:35,8/24/26 15:43,8/25/26 03:05,8/24/26 23:59,Paola Galvan,Molecular Genomics Workspace,MGW-6084214,,,,,74342080,No status set,,Laboratory Technician,N/A,,,,,,3986
MGW-TH-5700,Equipment Scheduling,297792,Tessa Hejtmancik,Graduate Student,"Subashchandrabose, Sargurunathan (TAMU) Lab",,Texas A&M University,RNA Standard  Usage (per sample) - Consumables,,0638,WSGI,completed,billing_initialized,each,66,7/27/26 08:47,7/31/26 10:13,8/20/26 12:09,8/24/26 15:43,8/25/26 03:05,8/24/26 23:59,Tessa Hejtmancik,Molecular Genomics Workspace,MGW-6084214,,,,,74463236,No status set,,Self Service - TapeStation/Bioanalyzer,N/A,,,,,,3986
MGW-TH-5703,Equipment Scheduling,297792,Tessa Hejtmancik,Graduate Student,"Subashchandrabose, Sargurunathan (TAMU) Lab",,Texas A&M University,RNA Standard  Usage (per sample) - Consumables,,0638,WSGI,completed,billing_initialized,each,44,7/31/26 16:12,8/3/26 08:32,8/20/26 12:10,8/24/26 15:43,8/25/26 03:05,8/24/26 23:59,Tessa Hejtmancik,Molecular Genomics Workspace,MGW-6084214,,,,,74631642,No status set,,Self Service - TapeStation/Bioanalyzer,N/A,,,,,,3986
MGW-TH-5700,Equipment Scheduling,295966,Tessa Hejtmancik,Graduate Student,"Subashchandrabose, Sargurunathan (TAMU) Lab",,Texas A&M University,"Tape Station (Agilent) (Tape Station (Agilent)) | Friday, July 31",,0638,WSGI,completed,billing_initialized,hour,27,8/20/26 12:09,7/31/26 10:13,8/20/26 12:09,8/24/26 15:43,8/25/26 03:05,8/24/26 23:59,Paola Galvan,Molecular Genomics Workspace,MGW-6084214,,,,,75111738,No status set,,Molecular Biology,Self-Use,,,,,,3986
MGW-TH-5703,Equipment Scheduling,295966,Tessa Hejtmancik,Graduate Student,"Subashchandrabose, Sargurunathan (TAMU) Lab",,Texas A&M University,"Tape Station (Agilent) (Tape Station (Agilent)) | Monday, August 03",,0638,WSGI,completed,billing_initialized,hour,13,8/20/26 12:10,8/3/26 08:32,8/20/26 12:10,8/24/26 15:43,8/25/26 03:05,8/24/26 23:59,Paola Galvan,Molecular Genomics Workspace,MGW-6084214,,,,,75111764,No status set,,Molecular Biology,Self-Use,,,,,,3986
MGW-TS-5303,Equipment Scheduling,397981,Tiana Sanders,,"Gomes Verocai, Guilherme (TAMU) Lab",,Texas A&M University,QX200 ddPCR Usage (per set of 8 samples),,0638,WSGI,completed,billing_initialized,each,528,9/29/25 10:12,10/1/25 08:59,10/27/25 10:04,10/28/25 16:51,10/31/25 03:00,10/28/25 23:59,Tiana Sanders,Molecular Genomics Workspace,MGW-5492175,,,,,67113016,No status set,,Self Service - QX200 ddPCR,N/A,,,,,,3986
MGW-TS-5303,Equipment Scheduling,296365,Tiana Sanders,,"Gomes Verocai, Guilherme (TAMU) Lab",,Texas A&M University,"QX200 Droplet Digital PCR System (Bio-Rad) (ddPCR system) | Wednesday, October 01",,0638,WSGI,completed,billing_initialized,hour,0,10/27/25 10:04,10/1/25 08:59,10/27/25 10:04,10/28/25 16:51,10/31/25 03:00,10/28/25 23:59,Paola Galvan,Molecular Genomics Workspace,MGW-5492175,,,,,67833444,No status set,,Molecular Biology,Self Use,,,,,,3986
MGW-TA-5721,Project Request,559377,Tolulope Agunbiade,,"Agunbiade, Tolulope (TAMU) Lab",,Texas A&M University,Laboratory Technician,,0638,WSGI,proposed,not_ready_to_bill,hour,500,8/27/26 13:05,8/27/26 13:05,,n/a,n/a,n/a,jun Fan,Molecular Genomics Workspace,no invoice,,,,,75267192,No status set,,Laboratory Technician,N/A,,,,,,3986
MGW-TA-5721,Project Request,559373,Tolulope Agunbiade,,"Agunbiade, Tolulope (TAMU) Lab",,Texas A&M University,4200 TapeStation,,0638,WSGI,proposed,not_ready_to_bill,hour,31.2,8/27/26 13:05,8/27/26 13:05,,n/a,n/a,n/a,jun Fan,Molecular Genomics Workspace,no invoice,,,,,75267194,No status set,,Instrument Charges,N/A,,,,,,3986
MGW-TA-5721,Project Request,559371,Tolulope Agunbiade,,"Agunbiade, Tolulope (TAMU) Lab",,Texas A&M University,NextSeq 2000 Sequencing System (S/N VH00580),,0638,WSGI,proposed,not_ready_to_bill,each,75,8/27/26 13:05,8/27/26 13:05,,n/a,n/a,n/a,jun Fan,Molecular Genomics Workspace,no invoice,,,,,75267199,No status set,,Instrument Charges,N/A,,,,,,3986
MGW-TA-5721,Project Request,561152,Tolulope Agunbiade,,"Agunbiade, Tolulope (TAMU) Lab",,Texas A&M University,QC Core-prepared Library - Consumables,,0638,WSGI,proposed,not_ready_to_bill,each,186.6,8/27/26 13:06,8/27/26 13:06,,n/a,n/a,n/a,jun Fan,Molecular Genomics Workspace,no invoice,,,,,75267209,No status set,,QC - Consumables,N/A,,,,,,3986
MGW-TA-5721,Project Request,561151,Tolulope Agunbiade,,"Agunbiade, Tolulope (TAMU) Lab",,Texas A&M University,QC RNA - Consumables,,0638,WSGI,proposed,not_ready_to_bill,each,115.05,8/27/26 13:06,8/27/26 13:06,,n/a,n/a,n/a,jun Fan,Molecular Genomics Workspace,no invoice,,,,,75267212,No status set,,QC - Consumables,N/A,,,,,,3986
MGW-TA-5721,Project Request,564573,Tolulope Agunbiade,,"Agunbiade, Tolulope (TAMU) Lab",,Texas A&M University,Wathmaker mRNAseq library - Consumables,,0638,WSGI,proposed,not_ready_to_bill,each,643.56,8/27/26 13:06,8/27/26 13:06,,n/a,n/a,n/a,jun Fan,Molecular Genomics Workspace,no invoice,,,,,75267224,No status set,,RNA Library Preparation - Consumables,N/A,,,,,,3986
MGW-TA-5721,Project Request,561160,Tolulope Agunbiade,,"Agunbiade, Tolulope (TAMU) Lab",,Texas A&M University,Qiagen Rneasy Plus Universeral RNA Isolation - Consumables,,0638,WSGI,proposed,not_ready_to_bill,each,257.14,8/27/26 13:07,8/27/26 13:07,,n/a,n/a,n/a,jun Fan,Molecular Genomics Workspace,no invoice,,,,,75267268,No status set,,DNA-RNA-Isolation - Consumable,N/A,,,,,,3986
MGW-TA-5721,Project Request,561256,Tolulope Agunbiade,,"Agunbiade, Tolulope (TAMU) Lab",,Texas A&M University,NextSeq 2000 P3 XLEAP-SBS Reagent Kit (200 cycles) - Consumables,,0638,WSGI,proposed,not_ready_to_bill,each,1097.58,8/27/26 13:08,8/27/26 13:08,,n/a,n/a,n/a,jun Fan,Molecular Genomics Workspace,no invoice,,,,,75267315,No status set,,Sequencing (NextSeq 2000) - Consumables,N/A,,,,,,3986
MGW-TM-5465,Project Request,561152,Tracy Mei,Research Associate,"Hu, Chelsea (TAMU) Lab",,Texas A&M University,QC Core-prepared Library,,0638,WSGI,proposed,not_ready_to_bill,each,139.95,3/9/26 16:36,3/9/26 16:36,,n/a,n/a,n/a,jun Fan,Molecular Genomics Workspace,no invoice,,,,,71066876,No status set,,QC - Consumables,N/A,,,,,,3986
MGW-TM-5465,Project Request,561151,Tracy Mei,Research Associate,"Hu, Chelsea (TAMU) Lab",,Texas A&M University,QC RNA,,0638,WSGI,proposed,not_ready_to_bill,each,79.65,3/9/26 16:36,3/9/26 16:36,,n/a,n/a,n/a,jun Fan,Molecular Genomics Workspace,no invoice,,,,,71066880,No status set,,QC - Consumables,N/A,,,,,,3986
MGW-TM-5465,Project Request,561256,Tracy Mei,Research Associate,"Hu, Chelsea (TAMU) Lab",,Texas A&M University,NextSeq 2000 P3 XLEAP-SBS Reagent Kit (200 cycles),Half of the flow cell will be allocated for this project.,0638,WSGI,proposed,not_ready_to_bill,each,1775.95,3/9/26 16:37,3/9/26 16:37,,n/a,n/a,n/a,jun Fan,Molecular Genomics Workspace,no invoice,,,,,71066901,No status set,,Sequencing (NextSeq 2000) - Consumables,N/A,,,,,,3986
MGW-TM-5465,Project Request,559377,Tracy Mei,Research Associate,"Hu, Chelsea (TAMU) Lab",,Texas A&M University,Laboratory Technician,,0638,WSGI,proposed,not_ready_to_bill,hour,375,3/9/26 16:37,3/9/26 16:37,,n/a,n/a,n/a,jun Fan,Molecular Genomics Workspace,no invoice,,,,,71066914,No status set,,Laboratory Technician,N/A,,,,,,3986
MGW-TM-5465,Project Request,566706,Tracy Mei,Research Associate,"Hu, Chelsea (TAMU) Lab",,Texas A&M University,5s/16s/23s depletion followed by watchmaker RNAseq library preparation,,0638,WSGI,proposed,not_ready_to_bill,each,1084.95,3/9/26 16:37,3/9/26 16:37,,n/a,n/a,n/a,jun Fan,Molecular Genomics Workspace,no invoice,,,,,71066919,No status set,,RNA Library Preparation - Consumables,N/A,,,,,,3986
MGW-TM-5465,Project Request,559377,Tracy Mei,Research Associate,"Hu, Chelsea (TAMU) Lab",,Texas A&M University,Laboratory Technician,Labor charge for sequencing run loading.,0638,WSGI,proposed,not_ready_to_bill,hour,8.5,3/9/26 16:37,3/9/26 16:37,,n/a,n/a,n/a,jun Fan,Molecular Genomics Workspace,no invoice,,,,,71066928,No status set,,Laboratory Technician,N/A,,,,,,3986
MGW-TM-5465,Project Request,559373,Tracy Mei,Research Associate,"Hu, Chelsea (TAMU) Lab",,Texas A&M University,4200 TapeStation,,0638,WSGI,proposed,not_ready_to_bill,hour,10.8,3/9/26 16:37,3/9/26 16:37,,n/a,n/a,n/a,jun Fan,Molecular Genomics Workspace,no invoice,,,,,71066929,No status set,,Instrument Charges,N/A,,,,,,3986
MGW-TM-5465,Project Request,559371,Tracy Mei,Research Associate,"Hu, Chelsea (TAMU) Lab",,Texas A&M University,NextSeq 2000 Sequencing System (S/N VH00580),,0638,WSGI,proposed,not_ready_to_bill,each,125,3/9/26 16:38,3/9/26 16:38,,n/a,n/a,n/a,jun Fan,Molecular Genomics Workspace,no invoice,,,,,71066934,No status set,,Instrument Charges,N/A,,,,,,3986
MGW-TH-5237,QC RNA  (per sample),504608,Travis Hein,,"Hein, Travis (TAMU) Lab",Medical Physiology,Texas A&M University,QC RNA  (per sample),,0638,WSGI,completed,billing_initialized,each,273,9/11/25 13:51,9/11/25 13:51,12/15/25 10:07,12/18/25 16:34,12/19/25 03:00,12/18/25 23:59,jun Fan,Molecular Genomics Workspace,MGW-5607167,,,,,66722028,No status set,,Full Service - DNA/RNA QC,N/A,,,,,,3986
MGW-TH-5237,QC RNA  (per sample),504610,Travis Hein,,"Hein, Travis (TAMU) Lab",Medical Physiology,Texas A&M University,Illumina Stranded mRNA (Ligation) Library Preparation (per sample),The Watchmaker Total RNA-seq kit will be used instead of the Illumina kit.,0638,WSGI,completed,billing_initialized,each,2100,9/11/25 13:51,9/11/25 13:51,12/15/25 10:07,12/18/25 16:34,12/19/25 03:00,12/18/25 23:59,jun Fan,Molecular Genomics Workspace,MGW-5607167,,,,,66722046,No status set,,Full Service - RNA Library Preparation for Illumina NGS,N/A,,,,,,3986
MGW-TH-5237,QC RNA  (per sample),307585,Travis Hein,,"Hein, Travis (TAMU) Lab",Medical Physiology,Texas A&M University,Bioinformatics Service (per hour),,0638,WSGI,completed,billing_initialized,hour,75,9/11/25 13:52,9/11/25 13:52,12/15/25 10:07,12/18/25 16:34,12/19/25 03:00,12/18/25 23:59,jun Fan,Molecular Genomics Workspace,MGW-5607167,,,,,66722061,No status set,,Full Service - Bioinformatics,N/A,,,,,,3986
MGW-TH-5237,QC RNA  (per sample),534534,Travis Hein,,"Hein, Travis (TAMU) Lab",Medical Physiology,Texas A&M University,Sequencing - P3-XLEAP - 200 cycle (~1B reads),,0638,WSGI,completed,billing_initialized,each,3780,10/3/25 10:19,10/3/25 10:19,12/15/25 10:07,12/18/25 16:34,12/19/25 03:00,12/18/25 23:59,jun Fan,Molecular Genomics Workspace,MGW-5607167,,,,,67293311,No status set,,Full Service - Sequencing (NextSeq 2000),N/A,,,,,,3986
MGW-VS-5403,Project Request,563254,Vanessa Strings-Ufombah,Principal Investigator,"Strings-Ufombah, Vanessa (AB) Lab",,Adverum Biotechnologies,Adventitious Agent Testing,,0638,WSGI,completed,billing_initialized,each,20799.6,1/14/26 14:30,1/14/26 14:30,3/23/26 10:32,3/26/26 14:02,3/27/26 03:00,3/26/26 23:59,Sarah Sharpton,Molecular Genomics Workspace,MGW-5788674,,,,,69711075,No status set,,Adventitious Agent Testing - Consumables,N/A,,,,,,3986
MGW-VS-5403,Project Request,559373,Vanessa Strings-Ufombah,Principal Investigator,"Strings-Ufombah, Vanessa (AB) Lab",,Adverum Biotechnologies,4200 TapeStation,,0638,WSGI,completed,billing_initialized,hour,91,1/14/26 14:30,1/14/26 14:30,3/23/26 10:32,3/26/26 14:02,3/27/26 03:00,3/26/26 23:59,Sarah Sharpton,Molecular Genomics Workspace,MGW-5788674,,,,,69711106,No status set,,Instrument Charges,N/A,,,,,,3986
MGW-VS-5403,Project Request,559371,Vanessa Strings-Ufombah,Principal Investigator,"Strings-Ufombah, Vanessa (AB) Lab",,Adverum Biotechnologies,NextSeq 2000 Sequencing System (S/N VH00580),,0638,WSGI,completed,billing_initialized,each,5250,1/14/26 14:30,1/14/26 14:30,3/23/26 10:32,3/26/26 14:02,3/27/26 03:00,3/26/26 23:59,Sarah Sharpton,Molecular Genomics Workspace,MGW-5788674,,,,,69711110,No status set,,Instrument Charges,N/A,,,,,,3986
MGW-VS-5403,Project Request,559377,Vanessa Strings-Ufombah,Principal Investigator,"Strings-Ufombah, Vanessa (AB) Lab",,Adverum Biotechnologies,Laboratory Technician,,0638,WSGI,completed,billing_initialized,hour,3540,1/14/26 14:31,1/14/26 14:31,3/23/26 10:32,3/26/26 14:02,3/27/26 03:00,3/26/26 23:59,Sarah Sharpton,Molecular Genomics Workspace,MGW-5788674,,,,,69711121,No status set,,Laboratory Technician,N/A,,,,,,3986
MGW-VS-5403,Project Request,563256,Vanessa Strings-Ufombah,Principal Investigator,"Strings-Ufombah, Vanessa (AB) Lab",,Adverum Biotechnologies,Rush Fee Request (15%),,0638,WSGI,completed,billing_initialized,each,6516.69,1/14/26 14:44,1/14/26 14:44,3/23/26 10:32,3/26/26 14:02,3/27/26 03:00,3/26/26 23:59,Sarah Sharpton,Molecular Genomics Workspace,MGW-5788674,,,,,69711904,No status set,,Rush Fee Request,N/A,,,,,,3986
MGW-VS-5403,Project Request,561265,Vanessa Strings-Ufombah,Principal Investigator,"Strings-Ufombah, Vanessa (AB) Lab",,Adverum Biotechnologies,NextSeq 2000 P4 XLEAP-SBS Reagent Kit (300 cycles),,0638,WSGI,completed,billing_initialized,each,11664,1/14/26 15:16,1/14/26 15:16,3/23/26 10:32,3/26/26 14:02,3/27/26 03:00,3/26/26 23:59,Sarah Sharpton,Molecular Genomics Workspace,MGW-5788674,,,,,69713641,No status set,,Sequencing (NextSeq 2000) - Consumables,N/A,,,,,,3986
MGW-VV-5701,Equipment Scheduling,297792,Veerakit Vanitshavit,Graduate Student,"Subashchandrabose, Sargurunathan (TAMU) Lab",,Texas A&M University,RNA Standard  Usage (per sample) - Consumables,,0638,WSGI,completed,billing_initialized,each,66,7/30/26 12:30,7/31/26 10:49,8/20/26 12:10,8/24/26 15:43,8/25/26 03:05,8/24/26 23:59,Veerakit Vanitshavit,Molecular Genomics Workspace,MGW-6084214,,,,,74581689,No status set,,Self Service - TapeStation/Bioanalyzer,N/A,,,,,,3986
MGW-VV-5701,Equipment Scheduling,295966,Veerakit Vanitshavit,Graduate Student,"Subashchandrabose, Sargurunathan (TAMU) Lab",,Texas A&M University,"Tape Station (Agilent) (Tape Station (Agilent)) | Friday, July 31",,0638,WSGI,completed,billing_initialized,hour,24,8/20/26 12:10,7/31/26 10:49,8/20/26 12:10,8/24/26 15:43,8/25/26 03:05,8/24/26 23:59,Paola Galvan,Molecular Genomics Workspace,MGW-6084214,,,,,75111741,No status set,,Molecular Biology,Self-Use,,,,,,3986
MGW-VV-5554,Project Request,561160,Venugopal Venna,Administrator,"Venna, Venugopal (UTHealth) Lab",,University of Texas Health Science Center,Qiagen Rneasy Plus Universeral RNA Isolation,The charge for RNA extraction from 20 brain samples.,0638,WSGI,cancelled,cancelled,each,0,4/30/26 13:48,4/30/26 13:48,,n/a,n/a,n/a,jun Fan,Molecular Genomics Workspace,no invoice,,,,,72379700,No status set,,DNA-RNA-Isolation - Consumable,N/A,,,,,,3986
MGW-VV-5554,Project Request,561151,Venugopal Venna,Administrator,"Venna, Venugopal (UTHealth) Lab",,University of Texas Health Science Center,QC RNA,"The QC charge for 20 RNA samples, including Qubit.",0638,WSGI,cancelled,cancelled,each,0,4/30/26 13:48,4/30/26 13:48,,n/a,n/a,n/a,jun Fan,Molecular Genomics Workspace,no invoice,,,,,72379753,No status set,,QC - Consumables,N/A,,,,,,3986
MGW-VV-5554,Project Request,561152,Venugopal Venna,Administrator,"Venna, Venugopal (UTHealth) Lab",,University of Texas Health Science Center,QC Core-prepared Library,The QC charge for 20 mRNAseq libraries and 40 miRNAseq libraries.,0638,WSGI,cancelled,cancelled,each,0,4/30/26 13:48,4/30/26 13:48,,n/a,n/a,n/a,jun Fan,Molecular Genomics Workspace,no invoice,,,,,72379764,No status set,,QC - Consumables,N/A,,,,,,3986
MGW-VV-5554,Project Request,559373,Venugopal Venna,Administrator,"Venna, Venugopal (UTHealth) Lab",,University of Texas Health Science Center,4200 TapeStation,,0638,WSGI,cancelled,cancelled,hour,0,4/30/26 13:48,4/30/26 13:48,,n/a,n/a,n/a,jun Fan,Molecular Genomics Workspace,no invoice,,,,,72379806,No status set,,Instrument Charges,N/A,,,,,,3986
MGW-VV-5554,Project Request,559371,Venugopal Venna,Administrator,"Venna, Venugopal (UTHealth) Lab",,University of Texas Health Science Center,NextSeq 2000 Sequencing System (S/N VH00580),,0638,WSGI,cancelled,cancelled,each,0,4/30/26 13:48,4/30/26 13:48,,n/a,n/a,n/a,jun Fan,Molecular Genomics Workspace,no invoice,,,,,72379836,No status set,,Instrument Charges,N/A,,,,,,3986
MGW-VV-5554,Project Request,561159,Venugopal Venna,Administrator,"Venna, Venugopal (UTHealth) Lab",,University of Texas Health Science Center,Qiagen miRNeasy Serum/Plasma Advanced Kit (50),The charge for 20 miRNA extraction from Plasma samples.,0638,WSGI,cancelled,cancelled,each,0,4/30/26 13:49,4/30/26 13:49,,n/a,n/a,n/a,jun Fan,Molecular Genomics Workspace,no invoice,,,,,72380005,No status set,,DNA-RNA-Isolation - Consumable,N/A,,,,,,3986
MGW-VV-5554,Project Request,559376,Venugopal Venna,Administrator,"Venna, Venugopal (UTHealth) Lab",,University of Texas Health Science Center,Consumables,The reagent charge for mRNA-seq library preparation with a standard input amount.,0638,WSGI,cancelled,cancelled,each,0,4/30/26 13:51,4/30/26 13:51,,n/a,n/a,n/a,jun Fan,Molecular Genomics Workspace,no invoice,,,,,72380218,No status set,,Consumables,N/A,,,,,,3986
MGW-VV-5554,Project Request,559376,Venugopal Venna,Administrator,"Venna, Venugopal (UTHealth) Lab",,University of Texas Health Science Center,Consumables,The reagent charge for miRNAseq library preparation.,0638,WSGI,cancelled,cancelled,each,0,4/30/26 14:00,4/30/26 14:00,,n/a,n/a,n/a,jun Fan,Molecular Genomics Workspace,no invoice,,,,,72381313,No status set,,Consumables,N/A,,,,,,3986
MGW-VV-5554,Project Request,559377,Venugopal Venna,Administrator,"Venna, Venugopal (UTHealth) Lab",,University of Texas Health Science Center,Laboratory Technician,,0638,WSGI,cancelled,cancelled,hour,0,4/30/26 14:13,4/30/26 14:13,,n/a,n/a,n/a,jun Fan,Molecular Genomics Workspace,no invoice,,,,,72382562,No status set,,Laboratory Technician,N/A,,,,,,3986
MGW-VV-5554,Project Request,561245,Venugopal Venna,Administrator,"Venna, Venugopal (UTHealth) Lab",,University of Texas Health Science Center,NextSeq 2000 P2 XLEAP-SBS Reagent Kit (100 cycles),,0638,WSGI,cancelled,cancelled,each,0,4/30/26 14:14,4/30/26 14:14,,n/a,n/a,n/a,jun Fan,Molecular Genomics Workspace,no invoice,,,,,72382684,No status set,,Sequencing (NextSeq 2000) - Consumables,N/A,,,,,,3986
MGW-VV-5554,Project Request,561256,Venugopal Venna,Administrator,"Venna, Venugopal (UTHealth) Lab",,University of Texas Health Science Center,NextSeq 2000 P3 XLEAP-SBS Reagent Kit (200 cycles),,0638,WSGI,cancelled,cancelled,each,0,4/30/26 14:38,4/30/26 14:38,,n/a,n/a,n/a,jun Fan,Molecular Genomics Workspace,no invoice,,,,,72385636,No status set,,Sequencing (NextSeq 2000) - Consumables,N/A,,,,,,3986
MGW-VV-5559,Project Request,561151,Venugopal Venna,Administrator,"Venna, Venugopal (UTHealth) Lab",,University of Texas Health Science Center,QC RNA,,0638,WSGI,completed,billing_initialized,each,177,5/4/26 20:34,5/4/26 20:34,9/23/26 13:47,9/24/26 11:26,9/25/26 03:05,9/24/26 23:59,jun Fan,Molecular Genomics Workspace,MGW-6140667,,,,,72506125,No status set,,QC - Consumables,N/A,,,,,,3986
MGW-VV-5559,Project Request,559376,Venugopal Venna,Administrator,"Venna, Venugopal (UTHealth) Lab",,University of Texas Health Science Center,Consumables,The reagent charge for mRNAseq library preparation with a standard input amount.,0638,WSGI,completed,billing_initialized,each,1753,5/4/26 20:34,5/4/26 20:34,9/23/26 13:47,9/24/26 11:26,9/25/26 03:05,9/24/26 23:59,jun Fan,Molecular Genomics Workspace,MGW-6140667,,,,,72506128,No status set,,Consumables,N/A,,,,,,3986
MGW-VV-5559,Project Request,561152,Venugopal Venna,Administrator,"Venna, Venugopal (UTHealth) Lab",,University of Texas Health Science Center,QC Core-prepared Library,,0638,WSGI,completed,billing_initialized,each,311,5/4/26 20:35,5/4/26 20:35,9/23/26 13:47,9/24/26 11:26,9/25/26 03:05,9/24/26 23:59,jun Fan,Molecular Genomics Workspace,MGW-6140667,,,,,72506130,No status set,,QC - Consumables,N/A,,,,,,3986
MGW-VV-5559,Project Request,559373,Venugopal Venna,Administrator,"Venna, Venugopal (UTHealth) Lab",,University of Texas Health Science Center,4200 TapeStation,,0638,WSGI,completed,billing_initialized,hour,72.8,5/4/26 20:35,5/4/26 20:35,9/23/26 13:47,9/24/26 11:26,9/25/26 03:05,9/24/26 23:59,jun Fan,Molecular Genomics Workspace,MGW-6140667,,,,,72506131,No status set,,Instrument Charges,N/A,,,,,,3986
MGW-VV-5559,Project Request,559371,Venugopal Venna,Administrator,"Venna, Venugopal (UTHealth) Lab",,University of Texas Health Science Center,NextSeq 2000 Sequencing System (S/N VH00580),,0638,WSGI,completed,billing_initialized,each,1050,5/4/26 20:35,5/4/26 20:35,9/23/26 13:47,9/24/26 11:26,9/25/26 03:05,9/24/26 23:59,jun Fan,Molecular Genomics Workspace,MGW-6140667,,,,,72506132,No status set,,Instrument Charges,N/A,,,,,,3986
MGW-VV-5559,Project Request,559377,Venugopal Venna,Administrator,"Venna, Venugopal (UTHealth) Lab",,University of Texas Health Science Center,Laboratory Technician,"The labor hours cover RNA QC, library preparation, library QC and sequencing loading.",0638,WSGI,completed,billing_initialized,hour,590,5/4/26 20:35,5/4/26 20:35,9/23/26 13:47,9/24/26 11:26,9/25/26 03:05,9/24/26 23:59,jun Fan,Molecular Genomics Workspace,MGW-6140667,,,,,72506135,No status set,,Laboratory Technician,N/A,,,,,,3986
MGW-VV-5559,Project Request,561256,Venugopal Venna,Administrator,"Venna, Venugopal (UTHealth) Lab",,University of Texas Health Science Center,NextSeq 2000 P3 XLEAP-SBS Reagent Kit (200 cycles),,0638,WSGI,completed,billing_initialized,each,2131.14,5/4/26 20:36,5/4/26 20:36,9/23/26 13:47,9/24/26 11:26,9/25/26 03:05,9/24/26 23:59,jun Fan,Molecular Genomics Workspace,MGW-6140667,,,,,72506136,No status set,,Sequencing (NextSeq 2000) - Consumables,N/A,,,,,,3986
MGW-VV-5558,Project Request,559376,Venugopal Venna,Administrator,"Venna, Venugopal (UTHealth) Lab",,University of Texas Health Science Center,Consumables,The reagent charge for miRNAseq library preparation. 20 brain samples and 20 plasma samples.,0638,WSGI,completed,billing_initialized,each,5020,5/4/26 20:48,5/4/26 20:48,9/23/26 13:47,9/24/26 11:26,9/25/26 03:05,9/24/26 23:59,jun Fan,Molecular Genomics Workspace,MGW-6140668,,,,,72506215,No status set,,Consumables,N/A,,,,,,3986
MGW-VV-5558,Project Request,559373,Venugopal Venna,Administrator,"Venna, Venugopal (UTHealth) Lab",,University of Texas Health Science Center,4200 TapeStation,,0638,WSGI,completed,billing_initialized,hour,72.8,5/4/26 20:49,5/4/26 20:49,9/23/26 13:47,9/24/26 11:26,9/25/26 03:05,9/24/26 23:59,jun Fan,Molecular Genomics Workspace,MGW-6140668,,,,,72506219,No status set,,Instrument Charges,N/A,,,,,,3986
MGW-VV-5558,Project Request,559371,Venugopal Venna,Administrator,"Venna, Venugopal (UTHealth) Lab",,University of Texas Health Science Center,NextSeq 2000 Sequencing System (S/N VH00580),,0638,WSGI,completed,billing_initialized,each,1365,5/4/26 20:49,5/4/26 20:49,9/23/26 13:47,9/24/26 11:26,9/25/26 03:05,9/24/26 23:59,jun Fan,Molecular Genomics Workspace,MGW-6140668,,,,,72506220,No status set,,Instrument Charges,N/A,,,,,,3986
MGW-VV-5558,Project Request,559377,Venugopal Venna,Administrator,"Venna, Venugopal (UTHealth) Lab",,University of Texas Health Science Center,Laboratory Technician,"The labor hours cover miRNAseq library preparation, library QC and sequencing loading.",0638,WSGI,completed,billing_initialized,hour,1180,5/4/26 20:49,5/4/26 20:49,9/23/26 13:47,9/24/26 11:26,9/25/26 03:05,9/24/26 23:59,jun Fan,Molecular Genomics Workspace,MGW-6140668,,,,,72506222,No status set,,Laboratory Technician,N/A,,,,,,3986
MGW-VV-5558,Project Request,561152,Venugopal Venna,Administrator,"Venna, Venugopal (UTHealth) Lab",,University of Texas Health Science Center,QC Core-prepared Library,"The QC reagent charge for 40 miRNAseq libraries, 20 brain samples and 20 plasma samples.",0638,WSGI,completed,billing_initialized,each,622,5/4/26 20:49,5/4/26 20:49,9/23/26 13:47,9/24/26 11:26,9/25/26 03:05,9/24/26 23:59,jun Fan,Molecular Genomics Workspace,MGW-6140668,,,,,72506223,No status set,,QC - Consumables,N/A,,,,,,3986
MGW-VV-5558,Project Request,561245,Venugopal Venna,Administrator,"Venna, Venugopal (UTHealth) Lab",,University of Texas Health Science Center,NextSeq 2000 P2 XLEAP-SBS Reagent Kit (100 cycles),,0638,WSGI,completed,billing_initialized,each,1201.2,5/4/26 20:50,5/4/26 20:50,9/23/26 13:47,9/24/26 11:26,9/25/26 03:05,9/24/26 23:59,jun Fan,Molecular Genomics Workspace,MGW-6140668,,,,,72506225,No status set,,Sequencing (NextSeq 2000) - Consumables,N/A,,,,,,3986
MGW-VV-5558,Project Request,561159,Venugopal Venna,Administrator,"Venna, Venugopal (UTHealth) Lab",,University of Texas Health Science Center,Qiagen miRNeasy Serum/Plasma Advanced Kit (50) - Consumables,,0638,WSGI,completed,billing_initialized,each,414.6,8/18/26 16:42,8/18/26 16:42,9/23/26 13:47,9/24/26 11:26,9/25/26 03:05,9/24/26 23:59,jun Fan,Molecular Genomics Workspace,MGW-6140668,,,,,75068417,No status set,,DNA-RNA-Isolation - Consumable,N/A,,,,,,3986
MGW-VV-5722,Project Request,559376,Venugopal Venna,Administrator,"Venna, Venugopal (UTHealth) Lab",,University of Texas Health Science Center,Consumables,The charge is for Heparinase I reagent.,0638,WSGI,proposed,not_ready_to_bill,each,211.5,8/28/26 10:10,8/28/26 10:10,,n/a,n/a,n/a,jun Fan,Molecular Genomics Workspace,no invoice,,,,,75294102,No status set,,Consumables,N/A,,,,,,3986
MGW-VV-5722,Project Request,559376,Venugopal Venna,Administrator,"Venna, Venugopal (UTHealth) Lab",,University of Texas Health Science Center,Consumables,The charge is for RNasin RNase inhibitor.,0638,WSGI,proposed,not_ready_to_bill,each,264,8/28/26 10:10,8/28/26 10:10,,n/a,n/a,n/a,jun Fan,Molecular Genomics Workspace,no invoice,,,,,75294107,No status set,,Consumables,N/A,,,,,,3986
MGW-VS-5631,Training Request,297786,Vijay Srinivasan,,"Cirillo, Jeffrey (TAMU) Lab",Microbial Pathogenesis and Immunology,Texas A&M University,Genomic  DNA Usage (per sample) - Consumables,,0638,WSGI,completed,billing_initialized,each,81.6,7/8/26 16:01,7/8/26 16:01,8/12/26 15:34,8/24/26 15:43,8/25/26 03:05,8/24/26 23:59,Paola Galvan,Molecular Genomics Workspace,MGW-6084212,,,,,74102133,No status set,,Self Service - TapeStation/Bioanalyzer,N/A,,,,,,3986
MGW-VS-5631,Training Request,297792,Vijay Srinivasan,,"Cirillo, Jeffrey (TAMU) Lab",Microbial Pathogenesis and Immunology,Texas A&M University,RNA Standard  Usage (per sample) - Consumables,,0638,WSGI,completed,billing_initialized,each,33,7/8/26 16:01,7/8/26 16:01,8/12/26 15:34,8/24/26 15:43,8/25/26 03:05,8/24/26 23:59,Paola Galvan,Molecular Genomics Workspace,MGW-6084212,,,,,74102137,No status set,,Self Service - TapeStation/Bioanalyzer,N/A,,,,,,3986
MGW-VS-5631,Training Request,559373,Vijay Srinivasan,,"Cirillo, Jeffrey (TAMU) Lab",Microbial Pathogenesis and Immunology,Texas A&M University,4200 TapeStation,,0638,WSGI,completed,billing_initialized,hour,18,7/8/26 16:02,7/8/26 16:02,8/12/26 15:34,8/24/26 15:43,8/25/26 03:05,8/24/26 23:59,Paola Galvan,Molecular Genomics Workspace,MGW-6084212,,,,,74102154,No status set,,Instrument Charges,N/A,,,,,,3986
MGW-VS-5631,Training Request,559377,Vijay Srinivasan,,"Cirillo, Jeffrey (TAMU) Lab",Microbial Pathogenesis and Immunology,Texas A&M University,Laboratory Technician,,0638,WSGI,completed,billing_initialized,hour,50,7/8/26 16:02,7/8/26 16:02,8/12/26 15:34,8/24/26 15:43,8/25/26 03:05,8/24/26 23:59,Paola Galvan,Molecular Genomics Workspace,MGW-6084212,,,,,74102166,No status set,,Laboratory Technician,N/A,,,,,,3986
MGW-VS-5680,Project Request,576687,Vijay Srinivasan,,"Cirillo, Jeffrey (TAMU) Lab",Microbial Pathogenesis and Immunology,Texas A&M University,Watchmaker DNA library prep kit with TAPS+,,0638,WSGI,completed,billing_initialized,each,755.9,8/4/26 10:31,8/4/26 10:31,9/21/26 10:13,9/24/26 11:26,9/25/26 03:05,9/24/26 23:59,jun Fan,Molecular Genomics Workspace,MGW-6140672,,,,,74713202,No status set,,DNA Library Preparation - Consumables,N/A,,,,,,3986
MGW-VS-5680,Project Request,559377,Vijay Srinivasan,,"Cirillo, Jeffrey (TAMU) Lab",Microbial Pathogenesis and Immunology,Texas A&M University,Laboratory Technician,,0638,WSGI,completed,billing_initialized,hour,350,8/4/26 10:31,8/4/26 10:31,9/21/26 10:13,9/24/26 11:26,9/25/26 03:05,9/24/26 23:59,jun Fan,Molecular Genomics Workspace,MGW-6140672,,,,,74713230,No status set,,Laboratory Technician,N/A,,,,,,3986
MGW-VS-5680,Project Request,571884,Vijay Srinivasan,,"Cirillo, Jeffrey (TAMU) Lab",Microbial Pathogenesis and Immunology,Texas A&M University,NovaSeq X 10B 300 cycles 1 lane- Consumables,,0638,WSGI,completed,billing_initialized,each,3567.5,8/4/26 10:31,8/4/26 10:31,9/21/26 10:13,9/24/26 11:26,9/25/26 03:05,9/24/26 23:59,jun Fan,Molecular Genomics Workspace,MGW-6140672,,,,,74713275,No status set,,NovaSeq - Consumables,N/A,,,,,,3986
MGW-VS-5680,Project Request,561152,Vijay Srinivasan,,"Cirillo, Jeffrey (TAMU) Lab",Microbial Pathogenesis and Immunology,Texas A&M University,QC Core-prepared Library - Consumables,,0638,WSGI,completed,billing_initialized,each,155.5,8/4/26 10:32,8/4/26 10:32,9/21/26 10:13,9/24/26 11:26,9/25/26 03:05,9/24/26 23:59,jun Fan,Molecular Genomics Workspace,MGW-6140672,,,,,74713290,No status set,,QC - Consumables,N/A,,,,,,3986
MGW-VS-5680,Project Request,562236,Vijay Srinivasan,,"Cirillo, Jeffrey (TAMU) Lab",Microbial Pathogenesis and Immunology,Texas A&M University,QC DNA/RNA Qubit Only - Consumables,,0638,WSGI,completed,billing_initialized,each,20,8/4/26 10:32,8/4/26 10:32,9/21/26 10:13,9/24/26 11:26,9/25/26 03:05,9/24/26 23:59,jun Fan,Molecular Genomics Workspace,MGW-6140672,,,,,74713305,No status set,,QC - Consumables,N/A,,,,,,3986
MGW-VS-5680,Project Request,559373,Vijay Srinivasan,,"Cirillo, Jeffrey (TAMU) Lab",Microbial Pathogenesis and Immunology,Texas A&M University,4200 TapeStation,,0638,WSGI,completed,billing_initialized,hour,12,8/4/26 10:34,8/4/26 10:34,9/21/26 10:13,9/24/26 11:26,9/25/26 03:05,9/24/26 23:59,jun Fan,Molecular Genomics Workspace,MGW-6140672,,,,,74713492,No status set,,Instrument Charges,N/A,,,,,,3986
MGW-VS-5400,Project Request,561179,Vinaya Shetty,,"Merlin, Christine (TAMU) Lab",Biology,Texas A&M University,Single Cell QC DeNovix,,0638,WSGI,proposed,not_ready_to_bill,each,31.12,1/13/26 14:44,1/13/26 14:44,,n/a,n/a,n/a,Sarah Sharpton,Molecular Genomics Workspace,no invoice,,,,,69681311,No status set,,Single Cell-Visuim QC-Isolation - Consumables,N/A,,,,,,3986
MGW-VS-5400,Project Request,561181,Vinaya Shetty,,"Merlin, Christine (TAMU) Lab",Biology,Texas A&M University,Single Cell QC Trypan Blue ,,0638,WSGI,proposed,not_ready_to_bill,each,54.16,1/13/26 14:44,1/13/26 14:44,,n/a,n/a,n/a,Sarah Sharpton,Molecular Genomics Workspace,no invoice,,,,,69681318,No status set,,Single Cell-Visuim QC-Isolation - Consumables,N/A,,,,,,3986
MGW-VS-5400,Project Request,561268,Vinaya Shetty,,"Merlin, Christine (TAMU) Lab",Biology,Texas A&M University,Chromium GEM-X Single Cell 3ʹ Chip Kit v4,,0638,WSGI,proposed,not_ready_to_bill,each,687.5,1/13/26 14:45,1/13/26 14:45,,n/a,n/a,n/a,Sarah Sharpton,Molecular Genomics Workspace,no invoice,,,,,69681368,No status set,,Single Cell Library Preparation - Consumables,N/A,,,,,,3986
MGW-VS-5400,Project Request,561266,Vinaya Shetty,,"Merlin, Christine (TAMU) Lab",Biology,Texas A&M University,Chromium GEM-X Single Cell 3ʹ Kit v4,,0638,WSGI,proposed,not_ready_to_bill,each,14855.6,1/13/26 14:45,1/13/26 14:45,,n/a,n/a,n/a,Sarah Sharpton,Molecular Genomics Workspace,no invoice,,,,,69681377,No status set,,Single Cell Library Preparation - Consumables,N/A,,,,,,3986
MGW-VS-5400,Project Request,561262,Vinaya Shetty,,"Merlin, Christine (TAMU) Lab",Biology,Texas A&M University,NextSeq 2000 P4 XLEAP-SBS Reagent Kit (100 cycles),,0638,WSGI,proposed,not_ready_to_bill,each,5940,1/13/26 14:48,1/13/26 14:48,,n/a,n/a,n/a,Sarah Sharpton,Molecular Genomics Workspace,no invoice,,,,,69681560,No status set,,Sequencing (NextSeq 2000) - Consumables,N/A,,,,,,3986
MGW-VS-5400,Project Request,561152,Vinaya Shetty,,"Merlin, Christine (TAMU) Lab",Biology,Texas A&M University,QC Core-prepared Library,,0638,WSGI,proposed,not_ready_to_bill,each,169.6,1/13/26 14:49,1/13/26 14:49,,n/a,n/a,n/a,Sarah Sharpton,Molecular Genomics Workspace,no invoice,,,,,69681588,No status set,,QC - Consumables,N/A,,,,,,3986
MGW-VS-5400,Project Request,559373,Vinaya Shetty,,"Merlin, Christine (TAMU) Lab",Biology,Texas A&M University,4200 TapeStation,,0638,WSGI,proposed,not_ready_to_bill,hour,19.2,1/13/26 14:49,1/13/26 14:49,,n/a,n/a,n/a,Sarah Sharpton,Molecular Genomics Workspace,no invoice,,,,,69681610,No status set,,Instrument Charges,N/A,,,,,,3986
MGW-VS-5400,Project Request,559389,Vinaya Shetty,,"Merlin, Christine (TAMU) Lab",Biology,Texas A&M University,Chromium iX/X,,0638,WSGI,proposed,not_ready_to_bill,hour,115,1/13/26 14:50,1/13/26 14:50,,n/a,n/a,n/a,Sarah Sharpton,Molecular Genomics Workspace,no invoice,,,,,69681622,No status set,,Instrument Charges,N/A,,,,,,3986
MGW-VS-5400,Project Request,559371,Vinaya Shetty,,"Merlin, Christine (TAMU) Lab",Biology,Texas A&M University,NextSeq 2000 Sequencing System (S/N VH00580),,0638,WSGI,proposed,not_ready_to_bill,each,750,1/13/26 14:50,1/13/26 14:50,,n/a,n/a,n/a,Sarah Sharpton,Molecular Genomics Workspace,no invoice,,,,,69681636,No status set,,Instrument Charges,N/A,,,,,,3986
MGW-VS-5400,Project Request,559377,Vinaya Shetty,,"Merlin, Christine (TAMU) Lab",Biology,Texas A&M University,Laboratory Technician,,0638,WSGI,proposed,not_ready_to_bill,hour,700,1/13/26 14:54,1/13/26 14:54,,n/a,n/a,n/a,Sarah Sharpton,Molecular Genomics Workspace,no invoice,,,,,69681765,No status set,,Laboratory Technician,N/A,,,,,,3986
MGW-VS-5400,Project Request,561253,Vinaya Shetty,,"Merlin, Christine (TAMU) Lab",Biology,Texas A&M University,NextSeq 2000 P3 XLEAP-SBS Reagent Kit (100 cycles),,0638,WSGI,proposed,not_ready_to_bill,each,2565.2,1/13/26 15:03,1/13/26 15:03,,n/a,n/a,n/a,Sarah Sharpton,Molecular Genomics Workspace,no invoice,,,,,69682168,No status set,,Sequencing (NextSeq 2000) - Consumables,N/A,,,,,,3986
MGW-VS-5397,Project Request,561153,Vinaya Shetty,,"Merlin, Christine (TAMU) Lab",Biology,Texas A&M University,QC Client-prepared Library,,0638,WSGI,proposed,not_ready_to_bill,each,1501.44,1/16/26 10:45,1/16/26 10:45,,n/a,n/a,n/a,Sarah Sharpton,Molecular Genomics Workspace,no invoice,,,,,69758928,No status set,,QC - Consumables,N/A,,,,,,3986
MGW-VS-5397,Project Request,563443,Vinaya Shetty,,"Merlin, Christine (TAMU) Lab",Biology,Texas A&M University,NoveSeq X 25B 300 cycles (per Lane),,0638,WSGI,proposed,not_ready_to_bill,each,7088.4,1/16/26 10:50,1/16/26 10:50,,n/a,n/a,n/a,Sarah Sharpton,Molecular Genomics Workspace,no invoice,,,,,69759338,No status set,,NovaSeq - Consumables,N/A,,,,,,3986
MGW-VS-5397,Project Request,559373,Vinaya Shetty,,"Merlin, Christine (TAMU) Lab",Biology,Texas A&M University,4200 TapeStation,,0638,WSGI,proposed,not_ready_to_bill,hour,115.2,1/16/26 10:50,1/16/26 10:50,,n/a,n/a,n/a,Sarah Sharpton,Molecular Genomics Workspace,no invoice,,,,,69759378,No status set,,Instrument Charges,N/A,,,,,,3986
MGW-VS-5397,Project Request,559377,Vinaya Shetty,,"Merlin, Christine (TAMU) Lab",Biology,Texas A&M University,Laboratory Technician,,0638,WSGI,proposed,not_ready_to_bill,hour,250,1/16/26 10:52,1/16/26 10:52,,n/a,n/a,n/a,Sarah Sharpton,Molecular Genomics Workspace,no invoice,,,,,69759491,No status set,,Laboratory Technician,N/A,,,,,,3986
MGW-VS-5459,Project Request,561151,Vinaya Shetty,,"Merlin, Christine (TAMU) Lab",Biology,Texas A&M University,QC RNA,,0638,WSGI,completed,billing_initialized,each,53.1,2/26/26 21:11,2/26/26 21:11,5/26/26 10:20,5/27/26 16:31,5/28/26 03:00,5/27/26 23:59,jun Fan,Molecular Genomics Workspace,MGW-5910818,,,,,70761317,No status set,,QC - Consumables,N/A,,,,,,3986
MGW-VS-5459,Project Request,561152,Vinaya Shetty,,"Merlin, Christine (TAMU) Lab",Biology,Texas A&M University,QC Core-prepared Library,,0638,WSGI,completed,billing_initialized,each,93.3,2/26/26 21:11,2/26/26 21:11,5/26/26 10:20,5/27/26 16:31,5/28/26 03:00,5/27/26 23:59,jun Fan,Molecular Genomics Workspace,MGW-5910818,,,,,70761318,No status set,,QC - Consumables,N/A,,,,,,3986
MGW-VS-5459,Project Request,564573,Vinaya Shetty,,"Merlin, Christine (TAMU) Lab",Biology,Texas A&M University,Wathmaker mRNAseq library,,0638,WSGI,completed,billing_initialized,each,321.78,2/26/26 21:11,2/26/26 21:11,5/26/26 10:20,5/27/26 16:31,5/28/26 03:00,5/27/26 23:59,jun Fan,Molecular Genomics Workspace,MGW-5910818,,,,,70761319,No status set,,RNA Library Preparation - Consumables,N/A,,,,,,3986
MGW-VS-5459,Project Request,559373,Vinaya Shetty,,"Merlin, Christine (TAMU) Lab",Biology,Texas A&M University,4200 TapeStation,Tapestation instrument running charge for RNA QC and library QC,0638,WSGI,completed,billing_initialized,hour,14.4,2/26/26 21:11,2/26/26 21:11,5/26/26 10:20,5/27/26 16:31,5/28/26 03:00,5/27/26 23:59,jun Fan,Molecular Genomics Workspace,MGW-5910818,,,,,70761321,No status set,,Instrument Charges,N/A,,,,,,3986
MGW-VS-5459,Project Request,559371,Vinaya Shetty,,"Merlin, Christine (TAMU) Lab",Biology,Texas A&M University,NextSeq 2000 Sequencing System (S/N VH00580),,0638,WSGI,completed,billing_initialized,each,125,2/26/26 21:11,2/26/26 21:11,5/26/26 10:20,5/27/26 16:31,5/28/26 03:00,5/27/26 23:59,jun Fan,Molecular Genomics Workspace,MGW-5910818,,,,,70761322,No status set,,Instrument Charges,N/A,,,,,,3986
MGW-VS-5459,Project Request,559377,Vinaya Shetty,,"Merlin, Christine (TAMU) Lab",Biology,Texas A&M University,Laboratory Technician,,0638,WSGI,completed,billing_initialized,hour,250,2/26/26 21:12,2/26/26 21:12,5/26/26 10:20,5/27/26 16:31,5/28/26 03:00,5/27/26 23:59,jun Fan,Molecular Genomics Workspace,MGW-5910818,,,,,70761325,No status set,,Laboratory Technician,N/A,,,,,,3986
MGW-VS-5459,Project Request,559377,Vinaya Shetty,,"Merlin, Christine (TAMU) Lab",Biology,Texas A&M University,Laboratory Technician,Labor charge for sequencing run loading,0638,WSGI,completed,billing_initialized,hour,16.5,2/26/26 21:12,2/26/26 21:12,5/26/26 10:20,5/27/26 16:31,5/28/26 03:00,5/27/26 23:59,jun Fan,Molecular Genomics Workspace,MGW-5910818,,,,,70761327,No status set,,Laboratory Technician,N/A,,,,,,3986
MGW-VS-5459,Project Request,561256,Vinaya Shetty,,"Merlin, Christine (TAMU) Lab",Biology,Texas A&M University,NextSeq 2000 P3 XLEAP-SBS Reagent Kit (200 cycles),,0638,WSGI,completed,billing_initialized,each,1775.95,2/26/26 21:14,2/26/26 21:14,5/26/26 10:20,5/27/26 16:31,5/28/26 03:00,5/27/26 23:59,jun Fan,Molecular Genomics Workspace,MGW-5910818,,,,,70761331,No status set,,Sequencing (NextSeq 2000) - Consumables,N/A,,,,,,3986
MGW-VS-5691,Training Request,297792,Vinaya Shetty,,"Merlin, Christine (TAMU) Lab",Biology,Texas A&M University,RNA Standard  Usage (per sample) - Consumables,,0638,WSGI,financials_approved,not_ready_to_bill,each,22,8/12/26 14:07,8/12/26 14:07,,n/a,n/a,n/a,Paola Galvan,Molecular Genomics Workspace,no invoice,,,,,74941704,No status set,,Self Service - TapeStation/Bioanalyzer,N/A,,,,,,3986
MGW-VS-5691,Training Request,292897,Vinaya Shetty,,"Merlin, Christine (TAMU) Lab",Biology,Texas A&M University,DNA/RNA Qubit Usage (per sample) - Consumables,,0638,WSGI,financials_approved,not_ready_to_bill,each,8,8/12/26 14:08,8/12/26 14:08,,n/a,n/a,n/a,Paola Galvan,Molecular Genomics Workspace,no invoice,,,,,74941722,No status set,,Self Service - Qubit,N/A,,,,,,3986
MGW-VS-5691,Training Request,559373,Vinaya Shetty,,"Merlin, Christine (TAMU) Lab",Biology,Texas A&M University,4200 TapeStation,,0638,WSGI,financials_approved,not_ready_to_bill,hour,4.8,8/12/26 14:08,8/12/26 14:08,,n/a,n/a,n/a,Paola Galvan,Molecular Genomics Workspace,no invoice,,,,,74941739,No status set,,Instrument Charges,N/A,,,,,,3986
MGW-VS-5691,Training Request,559377,Vinaya Shetty,,"Merlin, Christine (TAMU) Lab",Biology,Texas A&M University,Laboratory Technician,,0638,WSGI,financials_approved,not_ready_to_bill,hour,50,8/12/26 14:08,8/12/26 14:08,,n/a,n/a,n/a,Paola Galvan,Molecular Genomics Workspace,no invoice,,,,,74941757,No status set,,Laboratory Technician,N/A,,,,,,3986
MGW-VS-5630,Project Request,561179,Vinaya Shetty,,"Merlin, Christine (TAMU) Lab",Biology,Texas A&M University,Single Cell QC DeNovix - Consumables,,0638,WSGI,financials_approved,not_ready_to_bill,each,17.51,8/20/26 09:35,8/20/26 09:35,,n/a,n/a,n/a,Sarah Sharpton,Molecular Genomics Workspace,no invoice,,,,,75105639,No status set,,Single Cell-Visuim QC-Isolation - Consumables,N/A,,,,,,3986
MGW-VS-5630,Project Request,561179,Vinaya Shetty,,"Merlin, Christine (TAMU) Lab",Biology,Texas A&M University,Single Cell QC DeNovix - Consumables,,0638,WSGI,financials_approved,not_ready_to_bill,each,5.83,8/20/26 09:35,8/20/26 09:35,,n/a,n/a,n/a,Sarah Sharpton,Molecular Genomics Workspace,no invoice,,,,,75105642,No status set,,Single Cell-Visuim QC-Isolation - Consumables,N/A,,,,,,3986
MGW-VS-5630,Project Request,561181,Vinaya Shetty,,"Merlin, Christine (TAMU) Lab",Biology,Texas A&M University,Single Cell QC Trypan Blue - Consumables ,,0638,WSGI,financials_approved,not_ready_to_bill,each,30.47,8/20/26 09:35,8/20/26 09:35,,n/a,n/a,n/a,Sarah Sharpton,Molecular Genomics Workspace,no invoice,,,,,75105645,No status set,,Single Cell-Visuim QC-Isolation - Consumables,N/A,,,,,,3986
MGW-VS-5630,Project Request,561181,Vinaya Shetty,,"Merlin, Christine (TAMU) Lab",Biology,Texas A&M University,Single Cell QC Trypan Blue - Consumables ,,0638,WSGI,financials_approved,not_ready_to_bill,each,10.15,8/20/26 09:35,8/20/26 09:35,,n/a,n/a,n/a,Sarah Sharpton,Molecular Genomics Workspace,no invoice,,,,,75105648,No status set,,Single Cell-Visuim QC-Isolation - Consumables,N/A,,,,,,3986
MGW-VS-5630,Project Request,561273,Vinaya Shetty,,"Merlin, Christine (TAMU) Lab",Biology,Texas A&M University,Customer Provided Kit - Chromium GEM-X Single Cell 3ʹ Kit v4 - Consumables,,0638,WSGI,financials_approved,not_ready_to_bill,each,562.5,8/20/26 09:35,8/20/26 09:35,,n/a,n/a,n/a,Sarah Sharpton,Molecular Genomics Workspace,no invoice,,,,,75105674,No status set,,Single Cell Library Preparation - Consumables,N/A,,,,,,3986
MGW-VS-5630,Project Request,561273,Vinaya Shetty,,"Merlin, Christine (TAMU) Lab",Biology,Texas A&M University,Customer Provided Kit - Chromium GEM-X Single Cell 3ʹ Kit v4 - Consumables,,0638,WSGI,financials_approved,not_ready_to_bill,each,187.5,8/20/26 09:35,8/20/26 09:35,,n/a,n/a,n/a,Sarah Sharpton,Molecular Genomics Workspace,no invoice,,,,,75105675,No status set,,Single Cell Library Preparation - Consumables,N/A,,,,,,3986
MGW-VS-5630,Project Request,561152,Vinaya Shetty,,"Merlin, Christine (TAMU) Lab",Biology,Texas A&M University,QC Core-prepared Library - Consumables,,0638,WSGI,financials_approved,not_ready_to_bill,each,69.98,8/20/26 09:35,8/20/26 09:35,,n/a,n/a,n/a,Sarah Sharpton,Molecular Genomics Workspace,no invoice,,,,,75105692,No status set,,QC - Consumables,N/A,,,,,,3986
MGW-VS-5630,Project Request,561152,Vinaya Shetty,,"Merlin, Christine (TAMU) Lab",Biology,Texas A&M University,QC Core-prepared Library - Consumables,,0638,WSGI,financials_approved,not_ready_to_bill,each,23.32,8/20/26 09:35,8/20/26 09:35,,n/a,n/a,n/a,Sarah Sharpton,Molecular Genomics Workspace,no invoice,,,,,75105694,No status set,,QC - Consumables,N/A,,,,,,3986
MGW-VS-5630,Project Request,559389,Vinaya Shetty,,"Merlin, Christine (TAMU) Lab",Biology,Texas A&M University,Chromium iX/X,,0638,WSGI,financials_approved,not_ready_to_bill,hour,37.5,8/20/26 09:36,8/20/26 09:36,,n/a,n/a,n/a,Sarah Sharpton,Molecular Genomics Workspace,no invoice,,,,,75105714,No status set,,Instrument Charges,N/A,,,,,,3986
MGW-VS-5630,Project Request,559389,Vinaya Shetty,,"Merlin, Christine (TAMU) Lab",Biology,Texas A&M University,Chromium iX/X,,0638,WSGI,financials_approved,not_ready_to_bill,hour,12.5,8/20/26 09:36,8/20/26 09:36,,n/a,n/a,n/a,Sarah Sharpton,Molecular Genomics Workspace,no invoice,,,,,75105715,No status set,,Instrument Charges,N/A,,,,,,3986
MGW-VS-5630,Project Request,559373,Vinaya Shetty,,"Merlin, Christine (TAMU) Lab",Biology,Texas A&M University,4200 TapeStation,,0638,WSGI,financials_approved,not_ready_to_bill,hour,10.8,8/20/26 09:36,8/20/26 09:36,,n/a,n/a,n/a,Sarah Sharpton,Molecular Genomics Workspace,no invoice,,,,,75105722,No status set,,Instrument Charges,N/A,,,,,,3986
MGW-VS-5630,Project Request,559373,Vinaya Shetty,,"Merlin, Christine (TAMU) Lab",Biology,Texas A&M University,4200 TapeStation,,0638,WSGI,financials_approved,not_ready_to_bill,hour,3.6,8/20/26 09:36,8/20/26 09:36,,n/a,n/a,n/a,Sarah Sharpton,Molecular Genomics Workspace,no invoice,,,,,75105724,No status set,,Instrument Charges,N/A,,,,,,3986
MGW-VS-5630,Project Request,559371,Vinaya Shetty,,"Merlin, Christine (TAMU) Lab",Biology,Texas A&M University,NextSeq 2000 Sequencing System (S/N VH00580),,0638,WSGI,financials_approved,not_ready_to_bill,each,375,8/20/26 09:36,8/20/26 09:36,,n/a,n/a,n/a,Sarah Sharpton,Molecular Genomics Workspace,no invoice,,,,,75105733,No status set,,Instrument Charges,N/A,,,,,,3986
MGW-VS-5630,Project Request,559371,Vinaya Shetty,,"Merlin, Christine (TAMU) Lab",Biology,Texas A&M University,NextSeq 2000 Sequencing System (S/N VH00580),,0638,WSGI,financials_approved,not_ready_to_bill,each,125,8/20/26 09:36,8/20/26 09:36,,n/a,n/a,n/a,Sarah Sharpton,Molecular Genomics Workspace,no invoice,,,,,75105735,No status set,,Instrument Charges,N/A,,,,,,3986
MGW-VS-5630,Project Request,559377,Vinaya Shetty,,"Merlin, Christine (TAMU) Lab",Biology,Texas A&M University,Laboratory Technician,,0638,WSGI,financials_approved,not_ready_to_bill,hour,562.5,8/20/26 09:37,8/20/26 09:37,,n/a,n/a,n/a,Sarah Sharpton,Molecular Genomics Workspace,no invoice,,,,,75105751,No status set,,Laboratory Technician,N/A,,,,,,3986
MGW-VS-5630,Project Request,559377,Vinaya Shetty,,"Merlin, Christine (TAMU) Lab",Biology,Texas A&M University,Laboratory Technician,,0638,WSGI,financials_approved,not_ready_to_bill,hour,187.5,8/20/26 09:37,8/20/26 09:37,,n/a,n/a,n/a,Sarah Sharpton,Molecular Genomics Workspace,no invoice,,,,,75105752,No status set,,Laboratory Technician,N/A,,,,,,3986
MGW-VS-5630,Project Request,561262,Vinaya Shetty,,"Merlin, Christine (TAMU) Lab",Biology,Texas A&M University,NextSeq 2000 P4 XLEAP-SBS Reagent Kit (100 cycles) - Consumables,,0638,WSGI,financials_approved,not_ready_to_bill,each,2294.33,8/20/26 09:37,8/20/26 09:37,,n/a,n/a,n/a,Sarah Sharpton,Molecular Genomics Workspace,no invoice,,,,,75105762,No status set,,Sequencing (NextSeq 2000) - Consumables,N/A,,,,,,3986
MGW-VS-5630,Project Request,561262,Vinaya Shetty,,"Merlin, Christine (TAMU) Lab",Biology,Texas A&M University,NextSeq 2000 P4 XLEAP-SBS Reagent Kit (100 cycles) - Consumables,,0638,WSGI,financials_approved,not_ready_to_bill,each,764.77,8/20/26 09:37,8/20/26 09:37,,n/a,n/a,n/a,Sarah Sharpton,Molecular Genomics Workspace,no invoice,,,,,75105764,No status set,,Sequencing (NextSeq 2000) - Consumables,N/A,,,,,,3986
MGW-VS-5630,Project Request,561253,Vinaya Shetty,,"Merlin, Christine (TAMU) Lab",Biology,Texas A&M University,NextSeq 2000 P3 XLEAP-SBS Reagent Kit (100 cycles) - Consumables,,0638,WSGI,financials_approved,not_ready_to_bill,each,1981.65,8/20/26 09:54,8/20/26 09:54,,n/a,n/a,n/a,Sarah Sharpton,Molecular Genomics Workspace,no invoice,,,,,75106246,No status set,,Sequencing (NextSeq 2000) - Consumables,N/A,,,,,,3986
MGW-VS-5630,Project Request,561253,Vinaya Shetty,,"Merlin, Christine (TAMU) Lab",Biology,Texas A&M University,NextSeq 2000 P3 XLEAP-SBS Reagent Kit (100 cycles) - Consumables,,0638,WSGI,financials_approved,not_ready_to_bill,each,660.55,8/20/26 09:54,8/20/26 09:54,,n/a,n/a,n/a,Sarah Sharpton,Molecular Genomics Workspace,no invoice,,,,,75106247,No status set,,Sequencing (NextSeq 2000) - Consumables,N/A,,,,,,3986
MGW-VS-5739,Equipment Scheduling,297789,Vinaya Shetty,,"Merlin, Christine (TAMU) Lab",Biology,Texas A&M University,DNA HS D1000  Usage (per sample) - Consumables,,0638,WSGI,completed,billing_initialized,each,28,9/23/26 13:17,8/26/26 13:30,9/23/26 13:18,9/24/26 11:26,9/25/26 03:05,9/24/26 23:59,Paola Galvan,Molecular Genomics Workspace,MGW-6140687,,,,,75903483,No status set,,Self Service - TapeStation/Bioanalyzer,N/A,,,,,,3986
MGW-VS-5738,Equipment Scheduling,292897,Vinaya Shetty,,"Merlin, Christine (TAMU) Lab",Biology,Texas A&M University,DNA/RNA Qubit Usage (per sample) - Consumables,,0638,WSGI,completed,billing_initialized,each,8,9/23/26 13:17,8/26/26 13:00,9/23/26 13:18,9/24/26 11:26,9/25/26 03:05,9/24/26 23:59,Paola Galvan,Molecular Genomics Workspace,MGW-6140687,,,,,75903493,No status set,,Self Service - Qubit,N/A,,,,,,3986
MGW-VS-5738,Equipment Scheduling,292907,Vinaya Shetty,,"Merlin, Christine (TAMU) Lab",Biology,Texas A&M University,"Qubit Fluorometer (Life Technologies) (Qubit Fluorometer (Life Technologies)) | Wednesday, August 26",,0638,WSGI,completed,billing_initialized,hour,0,9/23/26 13:18,8/26/26 13:00,9/23/26 13:18,9/24/26 11:26,9/25/26 03:05,9/24/26 23:59,Paola Galvan,Molecular Genomics Workspace,MGW-6140687,,,,,75903550,No status set,,Molecular Biology,Self-Use,,,,,,3986
MGW-VS-5739,Equipment Scheduling,295966,Vinaya Shetty,,"Merlin, Christine (TAMU) Lab",Biology,Texas A&M University,"Tape Station (Agilent) (Tape Station (Agilent)) | Wednesday, August 26",,0638,WSGI,completed,billing_initialized,hour,15,9/23/26 13:18,8/26/26 13:30,9/23/26 13:18,9/24/26 11:26,9/25/26 03:05,9/24/26 23:59,Paola Galvan,Molecular Genomics Workspace,MGW-6140687,,,,,75903555,No status set,,Molecular Biology,Self-Use,,,,,,3986
MGW-WA-5300,QC RNA  (per sample),504608,Weiqi Ai,Post-Doctoral Fellow,"Song, Jianxun (TAMU) Lab",Microbial Pathogenesis and Immunology,Texas A&M University,QC RNA  (per sample),,0638,WSGI,completed,billing_initialized,each,109.2,10/23/25 16:08,10/23/25 16:08,11/24/25 10:23,11/25/25 10:28,11/26/25 03:00,11/25/25 23:59,jun Fan,Molecular Genomics Workspace,MGW-5554527,,,,,67782128,No status set,,Full Service - DNA/RNA QC,N/A,,,,,,3986
MGW-WA-5300,QC RNA  (per sample),504610,Weiqi Ai,Post-Doctoral Fellow,"Song, Jianxun (TAMU) Lab",Microbial Pathogenesis and Immunology,Texas A&M University,Illumina Stranded mRNA (Ligation) Library Preparation (per sample),,0638,WSGI,completed,billing_initialized,each,840,10/23/25 16:08,10/23/25 16:08,11/24/25 10:23,11/25/25 10:28,11/26/25 03:00,11/25/25 23:59,jun Fan,Molecular Genomics Workspace,MGW-5554527,,,,,67782154,No status set,,Full Service - RNA Library Preparation for Illumina NGS,N/A,,,,,,3986
MGW-WA-5300,QC RNA  (per sample),534534,Weiqi Ai,Post-Doctoral Fellow,"Song, Jianxun (TAMU) Lab",Microbial Pathogenesis and Immunology,Texas A&M University,Sequencing - P3-XLEAP - 200 cycle (~1B reads),,0638,WSGI,completed,billing_initialized,each,756,10/23/25 16:08,10/23/25 16:08,11/24/25 10:23,11/25/25 10:28,11/26/25 03:00,11/25/25 23:59,jun Fan,Molecular Genomics Workspace,MGW-5554527,,,,,67782175,No status set,,Full Service - Sequencing (NextSeq 2000),N/A,,,,,,3986
MGW-WA-5300,QC RNA  (per sample),538876,Weiqi Ai,Post-Doctoral Fellow,"Song, Jianxun (TAMU) Lab",Microbial Pathogenesis and Immunology,Texas A&M University,"RNeasy Plus Universal RNA Isolation, 1-24 samples (per sample)",,0638,WSGI,completed,billing_initialized,each,212,10/30/25 15:55,10/30/25 15:55,11/24/25 10:23,11/25/25 10:28,11/26/25 03:00,11/25/25 23:59,jun Fan,Molecular Genomics Workspace,MGW-5554529,,,,,67992277,No status set,,Full Service - DNA/RNA isolation,N/A,,,,,,3986
MGW-XG-5297,"RNeasy Plus Universal RNA Isolation, 1-24 samples (per sample)",538876,Xinlei Guo,Post-Doctoral Fellow,"Song, Jianxun (TAMU) Lab",Microbial Pathogenesis and Immunology,Texas A&M University,"RNeasy Plus Universal RNA Isolation, 1-24 samples (per sample)",,0638,WSGI,completed,billing_initialized,each,212,10/21/25 10:50,10/21/25 10:50,11/24/25 10:22,11/25/25 10:28,11/26/25 03:00,11/25/25 23:59,jun Fan,Molecular Genomics Workspace,MGW-5554527,,,,,67689908,No status set,,Full Service - DNA/RNA isolation,N/A,,,,,,3986
MGW-XG-5297,"RNeasy Plus Universal RNA Isolation, 1-24 samples (per sample)",504608,Xinlei Guo,Post-Doctoral Fellow,"Song, Jianxun (TAMU) Lab",Microbial Pathogenesis and Immunology,Texas A&M University,QC RNA  (per sample),,0638,WSGI,completed,billing_initialized,each,109.2,10/21/25 10:50,10/21/25 10:50,11/24/25 10:22,11/25/25 10:28,11/26/25 03:00,11/25/25 23:59,jun Fan,Molecular Genomics Workspace,MGW-5554527,,,,,67689927,No status set,,Full Service - DNA/RNA QC,N/A,,,,,,3986
MGW-XG-5297,"RNeasy Plus Universal RNA Isolation, 1-24 samples (per sample)",504611,Xinlei Guo,Post-Doctoral Fellow,"Song, Jianxun (TAMU) Lab",Microbial Pathogenesis and Immunology,Texas A&M University,Illumina Stranded Total RNA (Ligation) Library Preparation (per sample),,0638,WSGI,completed,billing_initialized,each,1440,10/30/25 10:27,10/30/25 10:27,11/24/25 10:22,11/25/25 10:28,11/26/25 03:00,11/25/25 23:59,jun Fan,Molecular Genomics Workspace,MGW-5554527,,,,,67974850,No status set,,Full Service - RNA Library Preparation for Illumina NGS,N/A,,,,,,3986
MGW-XG-5297,"RNeasy Plus Universal RNA Isolation, 1-24 samples (per sample)",534534,Xinlei Guo,Post-Doctoral Fellow,"Song, Jianxun (TAMU) Lab",Microbial Pathogenesis and Immunology,Texas A&M University,Sequencing - P3-XLEAP - 200 cycle (~1B reads),,0638,WSGI,completed,billing_initialized,each,1890,10/30/25 10:27,10/30/25 10:27,11/24/25 10:22,11/25/25 10:28,11/26/25 03:00,11/25/25 23:59,jun Fan,Molecular Genomics Workspace,MGW-5554527,,,,,67974869,No status set,,Full Service - Sequencing (NextSeq 2000),N/A,,,,,,3986
MGW-XG-5436,Project Request,561181,Xinlei Guo,Post-Doctoral Fellow,"Song, Jianxun (TAMU) Lab",Microbial Pathogenesis and Immunology,Texas A&M University,Single Cell QC Trypan Blue ,,0638,WSGI,completed,billing_initialized,each,13.54,2/12/26 15:02,2/12/26 15:02,4/23/26 12:39,4/24/26 16:20,4/25/26 03:00,4/24/26 23:59,Sarah Sharpton,Molecular Genomics Workspace,MGW-5846976,,,,,70429459,No status set,,Single Cell-Visuim QC-Isolation - Consumables,N/A,,,,,,3986
MGW-XG-5436,Project Request,561180,Xinlei Guo,Post-Doctoral Fellow,"Song, Jianxun (TAMU) Lab",Microbial Pathogenesis and Immunology,Texas A&M University,Single Cell QC Mixi GO II ,,0638,WSGI,completed,billing_initialized,each,33.52,2/12/26 15:02,2/12/26 15:02,4/23/26 12:39,4/24/26 16:20,4/25/26 03:00,4/24/26 23:59,Sarah Sharpton,Molecular Genomics Workspace,MGW-5846976,,,,,70429475,No status set,,Single Cell-Visuim QC-Isolation - Consumables,N/A,,,,,,3986
MGW-XG-5436,Project Request,561268,Xinlei Guo,Post-Doctoral Fellow,"Song, Jianxun (TAMU) Lab",Microbial Pathogenesis and Immunology,Texas A&M University,Chromium GEM-X Single Cell 3ʹ Chip Kit v4,,0638,WSGI,completed,billing_initialized,each,343.75,2/12/26 15:03,2/12/26 15:03,4/23/26 12:39,4/24/26 16:20,4/25/26 03:00,4/24/26 23:59,Sarah Sharpton,Molecular Genomics Workspace,MGW-5846976,,,,,70429575,No status set,,Single Cell Library Preparation - Consumables,N/A,,,,,,3986
MGW-XG-5436,Project Request,561266,Xinlei Guo,Post-Doctoral Fellow,"Song, Jianxun (TAMU) Lab",Microbial Pathogenesis and Immunology,Texas A&M University,Chromium GEM-X Single Cell 3ʹ Kit v4,,0638,WSGI,completed,billing_initialized,each,3713.9,2/12/26 15:03,2/12/26 15:03,4/23/26 12:39,4/24/26 16:20,4/25/26 03:00,4/24/26 23:59,Sarah Sharpton,Molecular Genomics Workspace,MGW-5846976,,,,,70429592,No status set,,Single Cell Library Preparation - Consumables,N/A,,,,,,3986
MGW-XG-5436,Project Request,559389,Xinlei Guo,Post-Doctoral Fellow,"Song, Jianxun (TAMU) Lab",Microbial Pathogenesis and Immunology,Texas A&M University,Chromium iX/X,,0638,WSGI,completed,billing_initialized,hour,58.5,2/12/26 15:03,2/12/26 15:03,4/23/26 12:39,4/24/26 16:20,4/25/26 03:00,4/24/26 23:59,Sarah Sharpton,Molecular Genomics Workspace,MGW-5846976,,,,,70429631,No status set,,Instrument Charges,N/A,,,,,,3986
MGW-XG-5436,Project Request,559373,Xinlei Guo,Post-Doctoral Fellow,"Song, Jianxun (TAMU) Lab",Microbial Pathogenesis and Immunology,Texas A&M University,4200 TapeStation,,0638,WSGI,completed,billing_initialized,hour,4.8,2/12/26 15:04,2/12/26 15:04,4/23/26 12:39,4/24/26 16:20,4/25/26 03:00,4/24/26 23:59,Sarah Sharpton,Molecular Genomics Workspace,MGW-5846976,,,,,70429659,No status set,,Instrument Charges,N/A,,,,,,3986
MGW-XG-5436,Project Request,561152,Xinlei Guo,Post-Doctoral Fellow,"Song, Jianxun (TAMU) Lab",Microbial Pathogenesis and Immunology,Texas A&M University,QC Core-prepared Library,,0638,WSGI,completed,billing_initialized,each,31.1,2/12/26 15:04,2/12/26 15:04,4/23/26 12:39,4/24/26 16:20,4/25/26 03:00,4/24/26 23:59,Sarah Sharpton,Molecular Genomics Workspace,MGW-5846976,,,,,70429686,No status set,,QC - Consumables,N/A,,,,,,3986
MGW-XG-5436,Project Request,559371,Xinlei Guo,Post-Doctoral Fellow,"Song, Jianxun (TAMU) Lab",Microbial Pathogenesis and Immunology,Texas A&M University,NextSeq 2000 Sequencing System (S/N VH00580),,0638,WSGI,completed,billing_initialized,each,250,2/12/26 15:04,2/12/26 15:04,4/23/26 12:39,4/24/26 16:20,4/25/26 03:00,4/24/26 23:59,Sarah Sharpton,Molecular Genomics Workspace,MGW-5846976,,,,,70429760,No status set,,Instrument Charges,N/A,,,,,,3986
MGW-XG-5436,Project Request,559377,Xinlei Guo,Post-Doctoral Fellow,"Song, Jianxun (TAMU) Lab",Microbial Pathogenesis and Immunology,Texas A&M University,Laboratory Technician,,0638,WSGI,completed,billing_initialized,hour,350,2/12/26 15:05,2/12/26 15:05,4/23/26 12:39,4/24/26 16:20,4/25/26 03:00,4/24/26 23:59,Sarah Sharpton,Molecular Genomics Workspace,MGW-5846976,,,,,70429778,No status set,,Laboratory Technician,N/A,,,,,,3986
MGW-XG-5436,Project Request,561245,Xinlei Guo,Post-Doctoral Fellow,"Song, Jianxun (TAMU) Lab",Microbial Pathogenesis and Immunology,Texas A&M University,NextSeq 2000 P2 XLEAP-SBS Reagent Kit (100 cycles),,0638,WSGI,completed,billing_initialized,each,1201.2,2/20/26 11:12,2/11/26 16:09,4/23/26 12:39,4/24/26 16:20,4/25/26 03:00,4/24/26 23:59,Sarah Sharpton,Molecular Genomics Workspace,MGW-5846976,,,,,70598400,No status set,,Sequencing (NextSeq 2000) - Consumables,N/A,,,,,,3986
MGW-XG-5487,Project Request,561181,Xinlei Guo,Post-Doctoral Fellow,"Song, Jianxun (TAMU) Lab",Microbial Pathogenesis and Immunology,Texas A&M University,Single Cell QC Trypan Blue ,,0638,WSGI,completed,billing_initialized,each,27.08,3/26/26 13:17,3/26/26 13:17,5/26/26 10:21,5/27/26 16:31,5/28/26 03:00,5/27/26 23:59,Sarah Sharpton,Molecular Genomics Workspace,MGW-5910820,,,,,71475054,No status set,,Single Cell-Visuim QC-Isolation - Consumables,N/A,,,,,,3986
MGW-XG-5487,Project Request,561180,Xinlei Guo,Post-Doctoral Fellow,"Song, Jianxun (TAMU) Lab",Microbial Pathogenesis and Immunology,Texas A&M University,Single Cell QC Mixi GO II ,,0638,WSGI,completed,billing_initialized,each,67.04,3/26/26 13:18,3/26/26 13:18,5/26/26 10:21,5/27/26 16:31,5/28/26 03:00,5/27/26 23:59,Sarah Sharpton,Molecular Genomics Workspace,MGW-5910820,,,,,71475069,No status set,,Single Cell-Visuim QC-Isolation - Consumables,N/A,,,,,,3986
MGW-XG-5487,Project Request,561266,Xinlei Guo,Post-Doctoral Fellow,"Song, Jianxun (TAMU) Lab",Microbial Pathogenesis and Immunology,Texas A&M University,Chromium GEM-X Single Cell 3ʹ Kit v4,,0638,WSGI,completed,billing_initialized,each,7427.8,3/26/26 13:18,3/26/26 13:18,5/26/26 10:21,5/27/26 16:31,5/28/26 03:00,5/27/26 23:59,Sarah Sharpton,Molecular Genomics Workspace,MGW-5910820,,,,,71475144,No status set,,Single Cell Library Preparation - Consumables,N/A,,,,,,3986
MGW-XG-5487,Project Request,559389,Xinlei Guo,Post-Doctoral Fellow,"Song, Jianxun (TAMU) Lab",Microbial Pathogenesis and Immunology,Texas A&M University,Chromium iX/X,,0638,WSGI,completed,billing_initialized,hour,58.5,3/26/26 13:18,3/26/26 13:18,5/26/26 10:21,5/27/26 16:31,5/28/26 03:00,5/27/26 23:59,Sarah Sharpton,Molecular Genomics Workspace,MGW-5910820,,,,,71475173,No status set,,Instrument Charges,N/A,,,,,,3986
MGW-XG-5487,Project Request,559373,Xinlei Guo,Post-Doctoral Fellow,"Song, Jianxun (TAMU) Lab",Microbial Pathogenesis and Immunology,Texas A&M University,4200 TapeStation,,0638,WSGI,completed,billing_initialized,hour,9.6,3/26/26 13:19,3/26/26 13:19,5/26/26 10:21,5/27/26 16:31,5/28/26 03:00,5/27/26 23:59,Sarah Sharpton,Molecular Genomics Workspace,MGW-5910820,,,,,71475220,No status set,,Instrument Charges,N/A,,,,,,3986
MGW-XG-5487,Project Request,561153,Xinlei Guo,Post-Doctoral Fellow,"Song, Jianxun (TAMU) Lab",Microbial Pathogenesis and Immunology,Texas A&M University,QC Client-prepared Library,,0638,WSGI,completed,billing_initialized,each,62.56,3/26/26 13:19,3/26/26 13:19,5/26/26 10:21,5/27/26 16:31,5/28/26 03:00,5/27/26 23:59,Sarah Sharpton,Molecular Genomics Workspace,MGW-5910820,,,,,71475257,No status set,,QC - Consumables,N/A,,,,,,3986
MGW-XG-5487,Project Request,561262,Xinlei Guo,Post-Doctoral Fellow,"Song, Jianxun (TAMU) Lab",Microbial Pathogenesis and Immunology,Texas A&M University,NextSeq 2000 P4 XLEAP-SBS Reagent Kit (100 cycles),,0638,WSGI,completed,billing_initialized,each,2970,3/26/26 13:19,3/26/26 13:19,5/26/26 10:21,5/27/26 16:31,5/28/26 03:00,5/27/26 23:59,Sarah Sharpton,Molecular Genomics Workspace,MGW-5910820,,,,,71475290,No status set,,Sequencing (NextSeq 2000) - Consumables,N/A,,,,,,3986
MGW-XG-5487,Project Request,559371,Xinlei Guo,Post-Doctoral Fellow,"Song, Jianxun (TAMU) Lab",Microbial Pathogenesis and Immunology,Texas A&M University,NextSeq 2000 Sequencing System (S/N VH00580),,0638,WSGI,completed,billing_initialized,each,250,3/26/26 13:20,3/26/26 13:20,5/26/26 10:21,5/27/26 16:31,5/28/26 03:00,5/27/26 23:59,Sarah Sharpton,Molecular Genomics Workspace,MGW-5910820,,,,,71475321,No status set,,Instrument Charges,N/A,,,,,,3986
MGW-XG-5487,Project Request,559377,Xinlei Guo,Post-Doctoral Fellow,"Song, Jianxun (TAMU) Lab",Microbial Pathogenesis and Immunology,Texas A&M University,Laboratory Technician,,0638,WSGI,completed,billing_initialized,hour,500,3/26/26 13:20,3/26/26 13:20,5/26/26 10:21,5/27/26 16:31,5/28/26 03:00,5/27/26 23:59,Sarah Sharpton,Molecular Genomics Workspace,MGW-5910820,,,,,71475371,No status set,,Laboratory Technician,N/A,,,,,,3986
MGW-XG-5487,Project Request,561268,Xinlei Guo,Post-Doctoral Fellow,"Song, Jianxun (TAMU) Lab",Microbial Pathogenesis and Immunology,Texas A&M University,Chromium GEM-X Single Cell 3' Chip Kit v4,,0638,WSGI,completed,billing_initialized,each,343.75,3/26/26 13:21,3/26/26 13:21,5/26/26 10:21,5/27/26 16:31,5/28/26 03:00,5/27/26 23:59,Sarah Sharpton,Molecular Genomics Workspace,MGW-5910820,,,,,71475452,No status set,,Single Cell Library Preparation - Consumables,N/A,,,,,,3986
MGW-XG-5637,Project Request,561183,Xinlei Guo,Post-Doctoral Fellow,"Song, Jianxun (TAMU) Lab",Microbial Pathogenesis and Immunology,Texas A&M University,Qiagen Rneasy FFPE RNA QC - Consumables,,0638,WSGI,completed,billing_initialized,each,114.76,7/14/26 10:45,7/14/26 10:45,7/27/26 10:55,7/27/26 14:09,7/28/26 03:05,7/27/26 23:59,Sarah Sharpton,Molecular Genomics Workspace,MGW-6028623,,,,,74204379,No status set,,Single Cell-Visuim QC-Isolation - Consumables,N/A,,,,,,3986
MGW-XG-5637,Project Request,559373,Xinlei Guo,Post-Doctoral Fellow,"Song, Jianxun (TAMU) Lab",Microbial Pathogenesis and Immunology,Texas A&M University,4200 TapeStation,,0638,WSGI,completed,billing_initialized,hour,4.8,7/14/26 10:46,7/14/26 10:46,7/27/26 10:55,7/27/26 14:09,7/28/26 03:05,7/27/26 23:59,Sarah Sharpton,Molecular Genomics Workspace,MGW-6028623,,,,,74204412,No status set,,Instrument Charges,N/A,,,,,,3986
MGW-XG-5637,Project Request,575667,Xinlei Guo,Post-Doctoral Fellow,"Song, Jianxun (TAMU) Lab",Microbial Pathogenesis and Immunology,Texas A&M University,Visium CytAssist Spatial Gene Expression HD for FFPE - Consumables ,,0638,WSGI,completed,billing_initialized,each,13916,7/14/26 10:50,7/14/26 10:50,7/27/26 10:55,7/27/26 14:09,7/28/26 03:05,7/27/26 23:59,Sarah Sharpton,Molecular Genomics Workspace,MGW-6028623,,,,,74204576,No status set,,Visium Spatial - Consumables ,N/A,,,,,,3986
MGW-XG-5637,Project Request,563700,Xinlei Guo,Post-Doctoral Fellow,"Song, Jianxun (TAMU) Lab",Microbial Pathogenesis and Immunology,Texas A&M University,Visium CyAssist,,0638,WSGI,completed,billing_initialized,each,1000,7/14/26 10:51,7/14/26 10:51,7/27/26 10:55,7/27/26 14:09,7/28/26 03:05,7/27/26 23:59,Sarah Sharpton,Molecular Genomics Workspace,MGW-6028623,,,,,74204593,No status set,,Instrument Charges,N/A,,,,,,3986
MGW-XG-5637,Project Request,561152,Xinlei Guo,Post-Doctoral Fellow,"Song, Jianxun (TAMU) Lab",Microbial Pathogenesis and Immunology,Texas A&M University,QC Core-prepared Library - Consumables,,0638,WSGI,completed,billing_initialized,each,62.2,7/14/26 10:51,7/14/26 10:51,7/27/26 10:55,7/27/26 14:09,7/28/26 03:05,7/27/26 23:59,Sarah Sharpton,Molecular Genomics Workspace,MGW-6028623,,,,,74204605,No status set,,QC - Consumables,N/A,,,,,,3986
MGW-XG-5637,Project Request,561262,Xinlei Guo,Post-Doctoral Fellow,"Song, Jianxun (TAMU) Lab",Microbial Pathogenesis and Immunology,Texas A&M University,NextSeq 2000 P4 XLEAP-SBS Reagent Kit (100 cycles) - Consumables,,0638,WSGI,completed,billing_initialized,each,3059.1,7/14/26 10:52,7/14/26 10:52,7/27/26 10:55,7/27/26 14:09,7/28/26 03:05,7/27/26 23:59,Sarah Sharpton,Molecular Genomics Workspace,MGW-6028623,,,,,74204658,No status set,,Sequencing (NextSeq 2000) - Consumables,N/A,,,,,,3986
MGW-XG-5637,Project Request,559371,Xinlei Guo,Post-Doctoral Fellow,"Song, Jianxun (TAMU) Lab",Microbial Pathogenesis and Immunology,Texas A&M University,NextSeq 2000 Sequencing System (S/N VH00580),,0638,WSGI,completed,billing_initialized,each,250,7/14/26 10:52,7/14/26 10:52,7/27/26 10:55,7/27/26 14:09,7/28/26 03:05,7/27/26 23:59,Sarah Sharpton,Molecular Genomics Workspace,MGW-6028623,,,,,74204675,No status set,,Instrument Charges,N/A,,,,,,3986
MGW-XG-5637,Project Request,559377,Xinlei Guo,Post-Doctoral Fellow,"Song, Jianxun (TAMU) Lab",Microbial Pathogenesis and Immunology,Texas A&M University,Laboratory Technician,,0638,WSGI,completed,billing_initialized,hour,1100,7/14/26 10:53,7/14/26 10:53,7/27/26 10:55,7/27/26 14:09,7/28/26 03:05,7/27/26 23:59,Sarah Sharpton,Molecular Genomics Workspace,MGW-6028623,,,,,74204703,No status set,,Laboratory Technician,N/A,,,,,,3986
MGW-XG-5637,Project Request,559374,Xinlei Guo,Post-Doctoral Fellow,"Song, Jianxun (TAMU) Lab",Microbial Pathogenesis and Immunology,Texas A&M University,CFX384 Touch Real-time PCR Detection System,,0638,WSGI,completed,billing_initialized,hour,1.56,7/14/26 10:54,7/14/26 10:54,7/27/26 10:55,7/27/26 14:09,7/28/26 03:05,7/27/26 23:59,Sarah Sharpton,Molecular Genomics Workspace,MGW-6028623,,,,,74204777,No status set,,Instrument Charges,N/A,,,,,,3986
MGW-YZ-5395,Project Request,561151,Yan Zhang,Post-Doctoral Fellow,"Li, Zhenyu (TAMU) Lab",,Texas A&M University,QC RNA,including Qubit and Tapestaion,0638,WSGI,completed,billing_initialized,each,53.1,1/6/26 15:34,1/6/26 15:34,2/20/26 11:38,2/20/26 12:25,2/21/26 03:00,2/20/26 23:59,jun Fan,Molecular Genomics Workspace,MGW-5720440,,,,,69512220,No status set,,QC - Consumables,N/A,,,,,,3986
MGW-YZ-5395,Project Request,559373,Yan Zhang,Post-Doctoral Fellow,"Li, Zhenyu (TAMU) Lab",,Texas A&M University,4200 TapeStation,Tapestation instrument running charge for RNA QC and library QC,0638,WSGI,completed,billing_initialized,hour,14.4,1/6/26 15:35,1/6/26 15:35,2/20/26 11:38,2/20/26 12:25,2/21/26 03:00,2/20/26 23:59,jun Fan,Molecular Genomics Workspace,MGW-5720440,,,,,69512234,No status set,,Instrument Charges,N/A,,,,,,3986
MGW-YZ-5395,Project Request,559371,Yan Zhang,Post-Doctoral Fellow,"Li, Zhenyu (TAMU) Lab",,Texas A&M University,NextSeq 2000 Sequencing System (S/N VH00580),,0638,WSGI,completed,billing_initialized,each,75,1/6/26 15:35,1/6/26 15:35,2/20/26 11:38,2/20/26 12:25,2/21/26 03:00,2/20/26 23:59,jun Fan,Molecular Genomics Workspace,MGW-5720440,,,,,69512244,No status set,,Instrument Charges,N/A,,,,,,3986
MGW-YZ-5395,Project Request,561152,Yan Zhang,Post-Doctoral Fellow,"Li, Zhenyu (TAMU) Lab",,Texas A&M University,QC Core-prepared Library,,0638,WSGI,completed,billing_initialized,each,127.2,1/6/26 15:48,1/6/26 15:48,2/20/26 11:38,2/20/26 12:25,2/21/26 03:00,2/20/26 23:59,jun Fan,Molecular Genomics Workspace,MGW-5720440,,,,,69512769,No status set,,QC - Consumables,N/A,,,,,,3986
MGW-YZ-5395,Project Request,559377,Yan Zhang,Post-Doctoral Fellow,"Li, Zhenyu (TAMU) Lab",,Texas A&M University,Laboratory Technician,,0638,WSGI,completed,billing_initialized,hour,250,1/6/26 15:48,1/6/26 15:48,2/20/26 11:38,2/20/26 12:25,2/21/26 03:00,2/20/26 23:59,jun Fan,Molecular Genomics Workspace,MGW-5720440,,,,,69512787,No status set,,Laboratory Technician,N/A,,,,,,3986
MGW-YZ-5395,Project Request,559377,Yan Zhang,Post-Doctoral Fellow,"Li, Zhenyu (TAMU) Lab",,Texas A&M University,Laboratory Technician,Nextseq 2000 loading labor charge.,0638,WSGI,completed,billing_initialized,hour,5.5,1/6/26 15:48,1/6/26 15:48,2/20/26 11:38,2/20/26 12:25,2/21/26 03:00,2/20/26 23:59,jun Fan,Molecular Genomics Workspace,MGW-5720440,,,,,69512788,No status set,,Laboratory Technician,N/A,,,,,,3986
MGW-YZ-5395,Project Request,561173,Yan Zhang,Post-Doctoral Fellow,"Li, Zhenyu (TAMU) Lab",,Texas A&M University,"Illumina Stranded mRNA Prep, Ligation",,0638,WSGI,completed,billing_initialized,each,384.36,1/6/26 15:49,1/6/26 15:49,2/20/26 11:38,2/20/26 12:25,2/21/26 03:00,2/20/26 23:59,jun Fan,Molecular Genomics Workspace,MGW-5720440,,,,,69512824,No status set,,RNA Library Preparation - Consumables,N/A,,,,,,3986
MGW-YZ-5395,Project Request,561246,Yan Zhang,Post-Doctoral Fellow,"Li, Zhenyu (TAMU) Lab",,Texas A&M University,NextSeq 2000 P2 XLEAP-SBS Reagent Kit (200 cycles),,0638,WSGI,completed,billing_initialized,each,677.49,1/6/26 16:22,1/6/26 16:22,2/20/26 11:38,2/20/26 12:25,2/21/26 03:00,2/20/26 23:59,jun Fan,Molecular Genomics Workspace,MGW-5720440,,,,,69513814,No status set,,Sequencing (NextSeq 2000) - Consumables,N/A,,,,,,3986
MGW-YZ-5681,Project Request,565135,Yan Zhang,Post-Doctoral Fellow,"Li, Zhenyu (TAMU) Lab",,Texas A&M University,Revvity NEXTFLEX small RNA sequency kit - Consumables,,0638,WSGI,completed,billing_initialized,each,294.93,8/4/26 16:04,8/4/26 16:04,9/21/26 10:13,9/24/26 11:26,9/25/26 03:05,9/24/26 23:59,jun Fan,Molecular Genomics Workspace,MGW-6140673,,,,,74735699,No status set,,RNA Library Preparation - Consumables,N/A,,,,,,3986
MGW-YZ-5681,Project Request,561152,Yan Zhang,Post-Doctoral Fellow,"Li, Zhenyu (TAMU) Lab",,Texas A&M University,QC Core-prepared Library - Consumables,,0638,WSGI,completed,billing_initialized,each,46.65,8/4/26 16:04,8/4/26 16:04,9/21/26 10:13,9/24/26 11:26,9/25/26 03:05,9/24/26 23:59,jun Fan,Molecular Genomics Workspace,MGW-6140673,,,,,74735712,No status set,,QC - Consumables,N/A,,,,,,3986
MGW-YZ-5681,Project Request,561245,Yan Zhang,Post-Doctoral Fellow,"Li, Zhenyu (TAMU) Lab",,Texas A&M University,NextSeq 2000 P2 XLEAP-SBS Reagent Kit (100 cycles) - Consumables,,0638,WSGI,completed,billing_initialized,each,92.81,8/4/26 16:04,8/4/26 16:04,9/21/26 10:13,9/24/26 11:26,9/25/26 03:05,9/24/26 23:59,jun Fan,Molecular Genomics Workspace,MGW-6140673,,,,,74735735,No status set,,Sequencing (NextSeq 2000) - Consumables,N/A,,,,,,3986
MGW-YZ-5681,Project Request,559373,Yan Zhang,Post-Doctoral Fellow,"Li, Zhenyu (TAMU) Lab",,Texas A&M University,4200 TapeStation,,0638,WSGI,completed,billing_initialized,hour,3.6,8/4/26 16:05,8/4/26 16:05,9/21/26 10:13,9/24/26 11:26,9/25/26 03:05,9/24/26 23:59,jun Fan,Molecular Genomics Workspace,MGW-6140673,,,,,74735792,No status set,,Instrument Charges,N/A,,,,,,3986
MGW-YW-5398,Project Request,562236,Ying Wang,,"Wang, Ying (TAMU) Lab",,Texas A&M University,QC DNA/RNA Qubit Only,,0638,WSGI,completed,billing_initialized,each,188,1/14/26 21:47,1/14/26 21:47,6/22/26 10:17,6/25/26 11:44,7/6/26 17:14,6/25/26 23:59,jun Fan,Molecular Genomics Workspace,MGW-5970360,,,,,69723402,No status set,,QC - Consumables,N/A,,,,,,3986
MGW-YW-5398,Project Request,559377,Ying Wang,,"Wang, Ying (TAMU) Lab",,Texas A&M University,Laboratory Technician,lab hours for setup sequencing,0638,WSGI,completed,billing_initialized,hour,0,1/14/26 21:48,1/14/26 21:48,6/22/26 10:17,6/25/26 11:44,7/6/26 17:14,6/25/26 23:59,jun Fan,Molecular Genomics Workspace,MGW-5970360,,,,,69723404,No status set,,Laboratory Technician,N/A,,,,,,3986
MGW-YW-5398,Project Request,559381,Ying Wang,,"Wang, Ying (TAMU) Lab",,Texas A&M University,PacBio Revio,,0638,WSGI,completed,billing_initialized,hour,360,1/14/26 21:48,1/14/26 21:48,6/22/26 10:17,6/25/26 11:44,7/6/26 17:14,6/25/26 23:59,jun Fan,Molecular Genomics Workspace,MGW-5970360,,,,,69723407,No status set,,Instrument Charges,N/A,,,,,,3986
MGW-YW-5398,Project Request,559377,Ying Wang,,"Wang, Ying (TAMU) Lab",,Texas A&M University,Laboratory Technician,lab hours including 16s rRNA amplicon preparation and Kinnex library preparation,0638,WSGI,completed,billing_initialized,hour,0,1/14/26 21:56,1/14/26 21:56,6/22/26 10:17,6/25/26 11:44,7/6/26 17:14,6/25/26 23:59,jun Fan,Molecular Genomics Workspace,MGW-5970360,,,,,69723430,No status set,,Laboratory Technician,N/A,,,,,,3986
MGW-YW-5398,Project Request,563407,Ying Wang,,"Wang, Ying (TAMU) Lab",,Texas A&M University,PacBio preparing Kinnex libraries from 16s rRNA amplicon,,0638,WSGI,completed,billing_initialized,each,522,1/15/26 15:37,1/15/26 15:37,6/22/26 10:17,6/25/26 11:44,7/6/26 17:14,6/25/26 23:59,jun Fan,Molecular Genomics Workspace,MGW-5970360,,,,,69747103,No status set,,PacBio Consumables,N/A,,,,,,3986
MGW-YW-5398,Project Request,563404,Ying Wang,,"Wang, Ying (TAMU) Lab",,Texas A&M University,PacBio-Revio SMRTcell sequencing ,,0638,WSGI,completed,billing_initialized,each,920,1/15/26 15:37,1/15/26 15:37,6/22/26 10:17,6/25/26 11:44,7/6/26 17:14,6/25/26 23:59,jun Fan,Molecular Genomics Workspace,MGW-5970360,,,,,69747105,No status set,,PacBio Consumables,N/A,,,,,,3986
MGW-YW-5398,Project Request,563405,Ying Wang,,"Wang, Ying (TAMU) Lab",,Texas A&M University,Preparing the SMRTbell library for sequencing,,0638,WSGI,completed,billing_initialized,each,75,1/15/26 15:37,1/15/26 15:37,6/22/26 10:17,6/25/26 11:44,7/6/26 17:14,6/25/26 23:59,jun Fan,Molecular Genomics Workspace,MGW-5970360,,,,,69747110,No status set,,PacBio Consumables,N/A,,,,,,3986
MGW-YW-5398,Project Request,563414,Ying Wang,,"Wang, Ying (TAMU) Lab",,Texas A&M University,Femto Pulse ,,0638,WSGI,completed,billing_initialized,each,6.81,1/15/26 16:02,1/15/26 16:02,6/22/26 10:17,6/25/26 11:44,7/6/26 17:14,6/25/26 23:59,Paola Galvan,Molecular Genomics Workspace,MGW-5970360,,,,,69748017,No status set,,Instrument Charges,N/A,,,,,,3986
MGW-YZ-5238,Countess Usage (per slide),296361,Ying Zhang,,"Merlin, Christine (TAMU) Lab",Biology,Texas A&M University,Countess Usage (per slide),,0638,WSGI,completed,billing_initialized,each,21.25,9/12/25 10:55,9/12/25 10:55,9/29/25 10:26,9/29/25 16:12,9/30/25 03:00,9/29/25 23:59,Paola Galvan,Molecular Genomics Workspace,MGW-5434234,,,,,66739458,No status set,,Self-Service - Countess and Moxi Go,N/A,,,,,,3986
MGW-YZ-5277,Countess Usage (per slide),296361,Ying Zhang,,"Merlin, Christine (TAMU) Lab",Biology,Texas A&M University,Countess Usage (per slide),,0638,WSGI,completed,billing_initialized,each,51,9/29/25 12:17,9/29/25 12:17,9/29/25 15:31,9/29/25 16:12,9/30/25 03:00,9/29/25 23:59,Paola Galvan,Molecular Genomics Workspace,MGW-5434234,,,,,67127010,No status set,,Self-Service - Countess and Moxi Go,N/A,,,,,,3986
MGW-YD-5628,Project Request,561152,Yining Deng,,"Yang, Zhilong (TAMU) Lab",,Texas A&M University,QC Core-prepared Library - Consumables,,0638,WSGI,completed,billing_initialized,each,186.6,7/3/26 12:48,7/3/26 12:48,8/17/26 10:53,8/24/26 15:43,8/25/26 03:05,8/24/26 23:59,jun Fan,Molecular Genomics Workspace,MGW-6084211,,,,,73977932,No status set,,QC - Consumables,N/A,,,,,,3986
MGW-YD-5628,Project Request,561151,Yining Deng,,"Yang, Zhilong (TAMU) Lab",,Texas A&M University,QC RNA - Consumables,,0638,WSGI,completed,billing_initialized,each,106.2,7/3/26 12:48,7/3/26 12:48,8/17/26 10:53,8/24/26 15:43,8/25/26 03:05,8/24/26 23:59,jun Fan,Molecular Genomics Workspace,MGW-6084211,,,,,73977933,No status set,,QC - Consumables,N/A,,,,,,3986
MGW-YD-5628,Project Request,559377,Yining Deng,,"Yang, Zhilong (TAMU) Lab",,Texas A&M University,Laboratory Technician,,0638,WSGI,completed,billing_initialized,hour,500,7/3/26 12:48,7/3/26 12:48,8/17/26 10:53,8/24/26 15:43,8/25/26 03:05,8/24/26 23:59,jun Fan,Molecular Genomics Workspace,MGW-6084211,,,,,73977935,No status set,,Laboratory Technician,N/A,,,,,,3986
MGW-YD-5628,Project Request,574885,Yining Deng,,"Yang, Zhilong (TAMU) Lab",,Texas A&M University,Watchmaker rRNA-Depleted RNA-Seq Library Consumables,,0638,WSGI,completed,billing_initialized,each,941.64,7/3/26 12:49,7/3/26 12:49,8/17/26 10:53,8/24/26 15:43,8/25/26 03:05,8/24/26 23:59,jun Fan,Molecular Genomics Workspace,MGW-6084211,,,,,73977938,No status set,,RNA Library Preparation - Consumables,N/A,,,,,,3986
MGW-YD-5628,Project Request,561256,Yining Deng,,"Yang, Zhilong (TAMU) Lab",,Texas A&M University,NextSeq 2000 P3 XLEAP-SBS Reagent Kit (200 cycles) - Consumables,,0638,WSGI,completed,billing_initialized,each,2131.14,7/3/26 12:49,7/3/26 12:49,8/17/26 10:53,8/24/26 15:43,8/25/26 03:05,8/24/26 23:59,jun Fan,Molecular Genomics Workspace,MGW-6084211,,,,,73977941,No status set,,Sequencing (NextSeq 2000) - Consumables,N/A,,,,,,3986
MGW-YD-5628,Project Request,559373,Yining Deng,,"Yang, Zhilong (TAMU) Lab",,Texas A&M University,4200 TapeStation,,0638,WSGI,completed,billing_initialized,hour,28.8,7/3/26 12:49,7/3/26 12:49,8/17/26 10:53,8/24/26 15:43,8/25/26 03:05,8/24/26 23:59,jun Fan,Molecular Genomics Workspace,MGW-6084211,,,,,73977944,No status set,,Instrument Charges,N/A,,,,,,3986
MGW-YD-5628,Project Request,559371,Yining Deng,,"Yang, Zhilong (TAMU) Lab",,Texas A&M University,NextSeq 2000 Sequencing System (S/N VH00580),,0638,WSGI,completed,billing_initialized,each,150,7/3/26 12:50,7/3/26 12:50,8/17/26 10:53,8/24/26 15:43,8/25/26 03:05,8/24/26 23:59,jun Fan,Molecular Genomics Workspace,MGW-6084211,,,,,73977946,No status set,,Instrument Charges,N/A,,,,,,3986
MGW-YD-5690,Project Request,561151,Yining Deng,,"Yang, Zhilong (TAMU) Lab",,Texas A&M University,QC RNA - Consumables,,0638,WSGI,financials_approved,not_ready_to_bill,each,132.75,8/10/26 12:49,8/10/26 12:49,,n/a,n/a,n/a,jun Fan,Molecular Genomics Workspace,no invoice,,,,,74868755,No status set,,QC - Consumables,N/A,,,,,,3986
MGW-YD-5690,Project Request,561152,Yining Deng,,"Yang, Zhilong (TAMU) Lab",,Texas A&M University,QC Core-prepared Library - Consumables,,0638,WSGI,financials_approved,not_ready_to_bill,each,93.3,8/10/26 12:49,8/10/26 12:49,,n/a,n/a,n/a,jun Fan,Molecular Genomics Workspace,no invoice,,,,,74868762,No status set,,QC - Consumables,N/A,,,,,,3986
MGW-YD-5690,Project Request,559373,Yining Deng,,"Yang, Zhilong (TAMU) Lab",,Texas A&M University,4200 TapeStation,,0638,WSGI,financials_approved,not_ready_to_bill,hour,25.2,8/10/26 12:49,8/10/26 12:49,,n/a,n/a,n/a,jun Fan,Molecular Genomics Workspace,no invoice,,,,,74868773,No status set,,Instrument Charges,N/A,,,,,,3986
MGW-YD-5690,Project Request,559371,Yining Deng,,"Yang, Zhilong (TAMU) Lab",,Texas A&M University,NextSeq 2000 Sequencing System (S/N VH00580),,0638,WSGI,financials_approved,not_ready_to_bill,each,30,8/10/26 12:50,8/10/26 12:50,,n/a,n/a,n/a,jun Fan,Molecular Genomics Workspace,no invoice,,,,,74868781,No status set,,Instrument Charges,N/A,,,,,,3986
MGW-YD-5690,Project Request,559377,Yining Deng,,"Yang, Zhilong (TAMU) Lab",,Texas A&M University,Laboratory Technician,,0638,WSGI,financials_approved,not_ready_to_bill,hour,250,8/10/26 12:50,8/10/26 12:50,,n/a,n/a,n/a,jun Fan,Molecular Genomics Workspace,no invoice,,,,,74868789,No status set,,Laboratory Technician,N/A,,,,,,3986
MGW-YD-5690,Project Request,564573,Yining Deng,,"Yang, Zhilong (TAMU) Lab",,Texas A&M University,Wathmaker mRNAseq library - Consumables,,0638,WSGI,financials_approved,not_ready_to_bill,each,300,8/10/26 12:50,8/10/26 12:50,,n/a,n/a,n/a,jun Fan,Molecular Genomics Workspace,no invoice,,,,,74868796,No status set,,RNA Library Preparation - Consumables,N/A,,,,,,3986
MGW-YD-5690,Project Request,561256,Yining Deng,,"Yang, Zhilong (TAMU) Lab",,Texas A&M University,NextSeq 2000 P3 XLEAP-SBS Reagent Kit (200 cycles) - Consumables,,0638,WSGI,financials_approved,not_ready_to_bill,each,439.03,8/10/26 12:50,8/10/26 12:50,,n/a,n/a,n/a,jun Fan,Molecular Genomics Workspace,no invoice,,,,,74868810,No status set,,Sequencing (NextSeq 2000) - Consumables,N/A,,,,,,3986
MGW-YJ-5285,DNA D5000  Usage (per sample),297788,Yoonha Jang,Post-Doctoral Fellow,"Han, Arum (TAMU) Lab",Electrical Engineering,Texas A&M University,DNA D5000  Usage (per sample),,0638,WSGI,completed,billing_initialized,each,17.25,10/8/25 10:23,10/8/25 10:23,10/22/25 14:12,10/28/25 16:51,10/31/25 03:00,10/28/25 23:59,Paola Galvan,Molecular Genomics Workspace,MGW-5492181,,,,,67415862,No status set,,Self Service - TapeStation/Bioanalyzer,N/A,,,,,,3986
MGW-YJ-5285,DNA D5000  Usage (per sample),292897,Yoonha Jang,Post-Doctoral Fellow,"Han, Arum (TAMU) Lab",Electrical Engineering,Texas A&M University,DNA/RNA Qubit Usage (per sample) ,,0638,WSGI,completed,billing_initialized,each,4.35,10/8/25 10:24,10/8/25 10:24,10/22/25 14:12,10/28/25 16:51,10/31/25 03:00,10/28/25 23:59,Paola Galvan,Molecular Genomics Workspace,MGW-5492181,,,,,67415916,No status set,,Self Service - Qubit,N/A,,,,,,3986
MGW-YJ-5356,Equipment Scheduling,292897,Yoonha Jang,Post-Doctoral Fellow,"Han, Arum (TAMU) Lab",Electrical Engineering,Texas A&M University,DNA/RNA Qubit Usage (per sample) ,,0638,WSGI,completed,billing_initialized,each,2.9,11/8/25 19:42,11/10/25 08:50,11/20/25 12:00,11/25/25 10:28,11/26/25 03:00,11/25/25 23:59,Yoonha Jang,Molecular Genomics Workspace,MGW-5554535,,,,,68265984,No status set,,Self Service - Qubit,N/A,,,,,,3986
MGW-YJ-5355,Equipment Scheduling,297787,Yoonha Jang,Post-Doctoral Fellow,"Han, Arum (TAMU) Lab",Electrical Engineering,Texas A&M University,DNA D1000 Usage (per sample),,0638,WSGI,completed,billing_initialized,each,10,11/8/25 20:10,11/10/25 08:50,11/20/25 12:00,11/25/25 10:28,11/26/25 03:00,11/25/25 23:59,Yoonha Jang,Molecular Genomics Workspace,MGW-5554535,,,,,68266038,No status set,,Self Service - TapeStation/Bioanalyzer,N/A,,,,,,3986
MGW-YJ-5355,Equipment Scheduling,292897,Yoonha Jang,Post-Doctoral Fellow,"Han, Arum (TAMU) Lab",Electrical Engineering,Texas A&M University,DNA/RNA Qubit Usage (per sample) ,,0638,WSGI,completed,billing_initialized,each,1.45,11/20/25 11:02,11/19/25 16:55,11/24/25 10:24,11/25/25 10:28,11/26/25 03:00,11/25/25 23:59,Paola Galvan,Molecular Genomics Workspace,MGW-5554535,,,,,68558199,No status set,,Self Service - Qubit,N/A,,,,,,3986
MGW-YJ-5355,Equipment Scheduling,295966,Yoonha Jang,Post-Doctoral Fellow,"Han, Arum (TAMU) Lab",Electrical Engineering,Texas A&M University,"Tape Station (Agilent) (Tape Station (Agilent)) | Monday, November 10",,0638,WSGI,completed,billing_initialized,hour,0,11/20/25 12:00,11/10/25 08:50,11/20/25 12:00,11/25/25 10:28,11/26/25 03:00,11/25/25 23:59,Paola Galvan,Molecular Genomics Workspace,MGW-5554535,,,,,68561209,No status set,,Molecular Biology,Self-Use,,,,,,3986
MGW-YJ-5356,Equipment Scheduling,292907,Yoonha Jang,Post-Doctoral Fellow,"Han, Arum (TAMU) Lab",Electrical Engineering,Texas A&M University,"Qubit Fluorometer (Life Technologies) (Qubit Fluorometer (Life Technologies)) | Monday, November 10",,0638,WSGI,completed,billing_initialized,hour,0,11/20/25 12:00,11/10/25 08:50,11/20/25 12:00,11/25/25 10:28,11/26/25 03:00,11/25/25 23:59,Paola Galvan,Molecular Genomics Workspace,MGW-5554535,,,,,68561215,No status set,,Molecular Biology,Self-Use,,,,,,3986
MGW-YJ-5355,Equipment Scheduling,292907,Yoonha Jang,Post-Doctoral Fellow,"Han, Arum (TAMU) Lab",Electrical Engineering,Texas A&M University,"Qubit Fluorometer (Life Technologies) (Qubit Fluorometer (Life Technologies)) | Wednesday, November 19",,0638,WSGI,completed,billing_initialized,hour,0,11/24/25 10:24,11/19/25 16:55,11/24/25 10:24,11/25/25 10:28,11/26/25 03:00,11/25/25 23:59,Paola Galvan,Molecular Genomics Workspace,MGW-5554535,,,,,68618803,No status set,,Molecular Biology,Self-Use,,,,,,3986
MGW-YJ-5449,Equipment Scheduling,292897,Yoonha Jang,Post-Doctoral Fellow,"Han, Arum (TAMU) Lab",Electrical Engineering,Texas A&M University,DNA/RNA Qubit Usage (per sample) ,,0638,WSGI,completed,billing_initialized,each,16,2/13/26 09:12,2/12/26 16:03,2/20/26 12:02,2/20/26 12:25,2/21/26 03:00,2/20/26 23:59,Paola Galvan,Molecular Genomics Workspace,MGW-5720452,,,,,70440515,No status set,,Self Service - Qubit,N/A,,,,,,3986
MGW-YJ-5449,Equipment Scheduling,292907,Yoonha Jang,Post-Doctoral Fellow,"Han, Arum (TAMU) Lab",Electrical Engineering,Texas A&M University,"Qubit Fluorometer (Life Technologies) (Qubit Fluorometer (Life Technologies)) | Thursday, February 12",,0638,WSGI,completed,billing_initialized,hour,0,2/20/26 12:02,2/12/26 16:03,2/20/26 12:02,2/20/26 12:25,2/21/26 03:00,2/20/26 23:59,Paola Galvan,Molecular Genomics Workspace,MGW-5720452,,,,,70600663,No status set,,Molecular Biology,Self-Use,,,,,,3986
MGW-YJ-5501,Equipment Scheduling,292897,Yoonha Jang,Post-Doctoral Fellow,"Han, Arum (TAMU) Lab",Electrical Engineering,Texas A&M University,DNA/RNA Qubit Usage (per sample) ,,0638,WSGI,completed,billing_initialized,each,4,3/26/26 13:45,3/6/26 16:56,3/26/26 13:46,3/26/26 14:02,3/27/26 03:00,3/26/26 23:59,Paola Galvan,Molecular Genomics Workspace,MGW-5788688,,,,,71476597,No status set,,Self Service - Qubit,N/A,,,,,,3986
MGW-YJ-5501,Equipment Scheduling,292907,Yoonha Jang,Post-Doctoral Fellow,"Han, Arum (TAMU) Lab",Electrical Engineering,Texas A&M University,"Qubit Fluorometer (Life Technologies) (Qubit Fluorometer (Life Technologies)) | Friday, March 06",,0638,WSGI,completed,billing_initialized,hour,0,3/26/26 13:45,3/6/26 16:56,3/26/26 13:45,3/26/26 14:02,3/27/26 03:00,3/26/26 23:59,Paola Galvan,Molecular Genomics Workspace,MGW-5788688,,,,,71476613,No status set,,Molecular Biology,Self-Use,,,,,,3986
MGW-YJ-5501,Equipment Scheduling,292897,Yoonha Jang,Post-Doctoral Fellow,"Han, Arum (TAMU) Lab",Electrical Engineering,Texas A&M University,DNA/RNA Qubit Usage (per sample) ,,0638,WSGI,completed,billing_initialized,each,6,3/26/26 13:47,3/10/26 16:41,3/26/26 13:47,3/26/26 14:02,3/27/26 03:00,3/26/26 23:59,Paola Galvan,Molecular Genomics Workspace,MGW-5788688,,,,,71476682,No status set,,Self Service - Qubit,N/A,,,,,,3986
MGW-YJ-5501,Equipment Scheduling,292907,Yoonha Jang,Post-Doctoral Fellow,"Han, Arum (TAMU) Lab",Electrical Engineering,Texas A&M University,"Qubit Fluorometer (Life Technologies) (Qubit Fluorometer (Life Technologies)) | Tuesday, March 10",,0638,WSGI,completed,billing_initialized,hour,0,3/26/26 13:47,3/10/26 16:41,3/26/26 13:47,3/26/26 14:02,3/27/26 03:00,3/26/26 23:59,Paola Galvan,Molecular Genomics Workspace,MGW-5788688,,,,,71476694,No status set,,Molecular Biology,Self-Use,,,,,,3986
MGW-YS-5462,Project Request,566152,Yucheol Shin,Graduate Student,"Burbrink, Frank (AMNH) Lab",,American Museum of Natural History,HiC library preparation,,0638,WSGI,completed,billing_initialized,each,6014.72,3/2/26 11:45,3/2/26 11:45,6/22/26 10:09,7/7/26 09:51,7/8/26 03:00,7/31/26 23:59,jun Fan,Molecular Genomics Workspace,MGW-6003020,,,,,70841318,No status set,,DNA Library Preparation - Consumables,N/A,,,,,,3986
MGW-YS-5462,Project Request,559373,Yucheol Shin,Graduate Student,"Burbrink, Frank (AMNH) Lab",,American Museum of Natural History,4200 TapeStation,,0638,WSGI,completed,billing_initialized,hour,43.68,3/2/26 11:45,3/2/26 11:45,6/22/26 10:09,7/7/26 09:51,7/8/26 03:00,7/31/26 23:59,jun Fan,Molecular Genomics Workspace,MGW-6003021,,,,,70841382,No status set,,Instrument Charges,N/A,,,,,,3986
MGW-YS-5462,Project Request,561152,Yucheol Shin,Graduate Student,"Burbrink, Frank (AMNH) Lab",,American Museum of Natural History,QC Core-prepared Library,,0638,WSGI,completed,billing_initialized,each,124.4,3/2/26 11:45,3/2/26 11:45,6/22/26 10:09,7/7/26 09:51,7/8/26 03:00,7/31/26 23:59,jun Fan,Molecular Genomics Workspace,MGW-6003021,,,,,70841462,No status set,,QC - Consumables,N/A,,,,,,3986
MGW-YS-5462,Project Request,559377,Yucheol Shin,Graduate Student,"Burbrink, Frank (AMNH) Lab",,American Museum of Natural History,Laboratory Technician,,0638,WSGI,completed,billing_initialized,hour,5900,3/2/26 11:46,3/2/26 11:46,6/22/26 10:09,7/7/26 09:51,7/8/26 03:00,7/31/26 23:59,jun Fan,Molecular Genomics Workspace,MGW-6003021,,,,,70841521,No status set,,Laboratory Technician,N/A,,,,,,3986
MGW-YS-5462,Project Request,563443,Yucheol Shin,Graduate Student,"Burbrink, Frank (AMNH) Lab",,American Museum of Natural History,NoveSeq X 25B 300 cycles (per Lane),,0638,WSGI,completed,billing_initialized,each,3544.2,3/2/26 11:46,3/2/26 11:46,6/22/26 10:09,7/7/26 09:51,7/8/26 03:00,7/31/26 23:59,jun Fan,Molecular Genomics Workspace,MGW-6003021,,,,,70841569,No status set,,NovaSeq - Consumables,N/A,,,,,,3986
MGW-YS-5461,Project Request,559377,Yucheol Shin,Graduate Student,"Burbrink, Frank (AMNH) Lab",,American Museum of Natural History,Laboratory Technician,Labor charge for sequencing run loading,0638,WSGI,completed,billing_initialized,hour,11.8,3/2/26 11:54,3/2/26 11:54,6/22/26 10:11,7/7/26 09:51,7/8/26 03:00,7/31/26 23:59,jun Fan,Molecular Genomics Workspace,MGW-6003020,,,,,70842599,No status set,,Laboratory Technician,N/A,,,,,,3986
MGW-YS-5461,Project Request,559381,Yucheol Shin,Graduate Student,"Burbrink, Frank (AMNH) Lab",,American Museum of Natural History,PacBio Revio,the charge is for Revio operation for total 7 samples.,0638,WSGI,completed,billing_initialized,hour,580,3/2/26 11:54,3/2/26 11:54,6/22/26 10:11,7/7/26 09:51,7/8/26 03:00,7/31/26 23:59,jun Fan,Molecular Genomics Workspace,MGW-6003020,,,,,70842635,No status set,,Instrument Charges,N/A,,,,,,3986
MGW-YS-5461,Project Request,564627,Yucheol Shin,Graduate Student,"Burbrink, Frank (AMNH) Lab",,American Museum of Natural History,PacBio HMW gDNA extraction and QC,,0638,WSGI,completed,billing_initialized,each,267.47,3/2/26 11:55,3/2/26 11:55,6/22/26 10:11,7/7/26 09:51,7/8/26 03:00,7/31/26 23:59,jun Fan,Molecular Genomics Workspace,MGW-6003020,,,,,70842890,No status set,,PacBio Consumables,N/A,,,,,,3986
MGW-YS-5461,Project Request,564524,Yucheol Shin,Graduate Student,"Burbrink, Frank (AMNH) Lab",,American Museum of Natural History,PacBio-Revio HiFi Whole Genome library ,,0638,WSGI,completed,billing_initialized,each,575,3/2/26 11:55,3/2/26 11:55,6/22/26 10:11,7/7/26 09:51,7/8/26 03:00,7/31/26 23:59,jun Fan,Molecular Genomics Workspace,MGW-6003020,,,,,70842904,No status set,,PacBio Consumables,N/A,,,,,,3986
MGW-YS-5461,Project Request,563404,Yucheol Shin,Graduate Student,"Burbrink, Frank (AMNH) Lab",,American Museum of Natural History,PacBio-Revio SMRTcell sequencing ,The charge is for Revio sequencing reagents.,0638,WSGI,completed,billing_initialized,each,1090,3/2/26 11:55,3/2/26 11:55,6/22/26 10:11,7/7/26 09:51,7/8/26 03:00,7/31/26 23:59,jun Fan,Molecular Genomics Workspace,MGW-6003020,,,,,70842919,No status set,,PacBio Consumables,N/A,,,,,,3986
MGW-YS-5462,Project Request,559376,Yucheol Shin,Graduate Student,"Burbrink, Frank (AMNH) Lab",,American Museum of Natural History,Consumables,the remaining balance for sequencing service,0638,WSGI,completed,billing_initialized,each,245.78,6/10/26 11:19,6/10/26 11:19,6/22/26 10:09,7/7/26 09:51,7/8/26 03:00,7/31/26 23:59,jun Fan,Molecular Genomics Workspace,MGW-6003021,,,,,73403015,No status set,,Consumables,N/A,,,,,,3986
MGW-YH-5283,QC DNA (per sample),504480,Yue Hu,Research Associate,"Song, Xiaotong (TAMU) Lab",,Texas A&M University,QC DNA (per sample),,0638,WSGI,completed,billing_initialized,each,300,10/5/25 11:14,10/5/25 11:14,2/20/26 11:53,2/20/26 12:25,2/21/26 03:00,2/20/26 23:59,jun Fan,Molecular Genomics Workspace,MGW-5720427,,,,,67325182,No status set,,Full Service - DNA/RNA QC,N/A,,,,,,3986
MGW-YH-5283,QC DNA (per sample),367936,Yue Hu,Research Associate,"Song, Xiaotong (TAMU) Lab",,Texas A&M University,Illumina DNA Tagmentation Library Prep (per sample),,0638,WSGI,completed,billing_initialized,each,1380,10/5/25 11:14,10/5/25 11:14,2/20/26 11:53,2/20/26 12:25,2/21/26 03:00,2/20/26 23:59,jun Fan,Molecular Genomics Workspace,MGW-5720427,,,,,67325184,No status set,,Full Service - DNA Library Preparation (Illumina NGS),N/A,,,,,,3986
MGW-YH-5283,QC DNA (per sample),298261,Yue Hu,Research Associate,"Song, Xiaotong (TAMU) Lab",,Texas A&M University,Sequencing - 300x300 PE (25 million read pairs),,0638,WSGI,completed,billing_initialized,each,2250,10/5/25 11:15,10/5/25 11:15,2/20/26 11:53,2/20/26 12:25,2/21/26 03:00,2/20/26 23:59,jun Fan,Molecular Genomics Workspace,MGW-5720427,,,,,67325186,No status set,,Full Service - Sequencing (MiSeq),N/A,,,,,,3986
MGW-YS-5255,Single Cell Pre-library QC (per sample),504635,Yuxiang Sun,Principal Investigator,"Sun, Yuxiang (TAMU) Lab",Nutrition & Food Science,Texas A&M University,Single Cell Pre-library QC (per sample),,0638,WSGI,completed,billing_initialized,each,420,9/22/25 13:37,9/22/25 13:37,10/27/25 10:20,10/28/25 16:51,10/31/25 03:00,10/28/25 23:59,Sarah Sharpton,Molecular Genomics Workspace,MGW-5492171,,,,,66955794,No status set,,Full Service - Cell Counting & Viability,N/A,,,,,,3986
MGW-YS-5255,Single Cell Pre-library QC (per sample),548551,Yuxiang Sun,Principal Investigator,"Sun, Yuxiang (TAMU) Lab",Nutrition & Food Science,Texas A&M University,10x promotion-3'GEM-X,,0638,WSGI,completed,billing_initialized,each,3600,9/22/25 13:38,9/22/25 13:38,10/27/25 10:20,10/28/25 16:51,10/31/25 03:00,10/28/25 23:59,Sarah Sharpton,Molecular Genomics Workspace,MGW-5492171,,,,,66955835,No status set,,Full Service - 10x,N/A,,,,,,3986
MGW-YS-5255,Single Cell Pre-library QC (per sample),529020,Yuxiang Sun,Principal Investigator,"Sun, Yuxiang (TAMU) Lab",Nutrition & Food Science,Texas A&M University,Sequencing - P4-XLEAP - 100 cycle (~1.8B reads),,0638,WSGI,completed,billing_initialized,each,3180,9/22/25 13:39,9/22/25 13:39,10/27/25 10:20,10/28/25 16:51,10/31/25 03:00,10/28/25 23:59,Sarah Sharpton,Molecular Genomics Workspace,MGW-5492171,,,,,66955868,No status set,,Full Service - Sequencing (NextSeq 2000),N/A,,,,,,3986
MGW-YS-5254,Single Cell Pre-library QC (per sample),504635,Yuxiang Sun,Principal Investigator,"Sun, Yuxiang (TAMU) Lab",Nutrition & Food Science,Texas A&M University,Single Cell Pre-library QC (per sample),,0638,WSGI,completed,billing_initialized,each,560,9/22/25 13:46,9/22/25 13:46,10/27/25 10:20,10/28/25 16:51,10/31/25 03:00,10/28/25 23:59,Sarah Sharpton,Molecular Genomics Workspace,MGW-5492171,,,,,66956264,No status set,,Full Service - Cell Counting & Viability,N/A,,,,,,3986
MGW-YS-5254,Single Cell Pre-library QC (per sample),548551,Yuxiang Sun,Principal Investigator,"Sun, Yuxiang (TAMU) Lab",Nutrition & Food Science,Texas A&M University,10x promotion-3'GEM-X,,0638,WSGI,completed,billing_initialized,each,3600,9/22/25 13:46,9/22/25 13:46,10/27/25 10:20,10/28/25 16:51,10/31/25 03:00,10/28/25 23:59,Sarah Sharpton,Molecular Genomics Workspace,MGW-5492171,,,,,66956315,No status set,,Full Service - 10x,N/A,,,,,,3986
MGW-YS-5254,Single Cell Pre-library QC (per sample),529020,Yuxiang Sun,Principal Investigator,"Sun, Yuxiang (TAMU) Lab",Nutrition & Food Science,Texas A&M University,Sequencing - P4-XLEAP - 100 cycle (~1.8B reads),,0638,WSGI,completed,billing_initialized,each,3180,9/22/25 13:47,9/22/25 13:47,10/27/25 10:20,10/28/25 16:51,10/31/25 03:00,10/28/25 23:59,Sarah Sharpton,Molecular Genomics Workspace,MGW-5492171,,,,,66956337,No status set,,Full Service - Sequencing (NextSeq 2000),N/A,,,,,,3986
MGW-YS-5330,Single Cell Pre-library QC (per sample),504635,Yuxiang Sun,Principal Investigator,"Sun, Yuxiang (TAMU) Lab",Nutrition & Food Science,Texas A&M University,Single Cell Pre-library QC (per sample),,0638,WSGI,completed,billing_initialized,each,420,11/3/25 13:23,11/3/25 13:23,1/28/26 15:24,3/10/26 16:44,3/11/26 03:00,3/31/26 23:59,Sarah Sharpton,Molecular Genomics Workspace,MGW-5766329,,,,,68078419,No status set,,Full Service - Cell Counting & Viability,N/A,,,,,,3986
MGW-YS-5330,Single Cell Pre-library QC (per sample),548551,Yuxiang Sun,Principal Investigator,"Sun, Yuxiang (TAMU) Lab",Nutrition & Food Science,Texas A&M University,10x promotion-3'GEM-X,,0638,WSGI,completed,billing_initialized,each,3600,11/3/25 13:24,11/3/25 13:24,1/28/26 15:24,3/10/26 16:44,3/11/26 03:00,3/31/26 23:59,Sarah Sharpton,Molecular Genomics Workspace,MGW-5766329,,,,,68078476,No status set,,Full Service - 10x,N/A,,,,,,3986
MGW-YS-5330,Single Cell Pre-library QC (per sample),529020,Yuxiang Sun,Principal Investigator,"Sun, Yuxiang (TAMU) Lab",Nutrition & Food Science,Texas A&M University,Sequencing - P4-XLEAP - 100 cycle (~1.8B reads),,0638,WSGI,completed,billing_initialized,each,3180,11/3/25 13:24,11/3/25 13:24,1/28/26 15:24,3/10/26 16:44,3/11/26 03:00,3/31/26 23:59,Sarah Sharpton,Molecular Genomics Workspace,MGW-5766329,,,,,68078509,No status set,,Full Service - Sequencing (NextSeq 2000),N/A,,,,,,3986
MGW-YS-5331,Miltenyi Nuclei Isolation from Tissues for Single Cell mRNA (per sample),539127,Yuxiang Sun,Principal Investigator,"Sun, Yuxiang (TAMU) Lab",Nutrition & Food Science,Texas A&M University,Miltenyi Nuclei Isolation from Tissues for Single Cell mRNA (per sample),,0638,WSGI,completed,billing_initialized,each,1470,11/3/25 13:29,11/3/25 13:29,1/28/26 15:24,3/10/26 16:44,3/11/26 03:00,3/31/26 23:59,Sarah Sharpton,Molecular Genomics Workspace,MGW-5766330,,,,,68079030,No status set,,Full Service - Nuclei Isolation,N/A,,,,,,3986
MGW-YS-5331,Miltenyi Nuclei Isolation from Tissues for Single Cell mRNA (per sample),504635,Yuxiang Sun,Principal Investigator,"Sun, Yuxiang (TAMU) Lab",Nutrition & Food Science,Texas A&M University,Single Cell Pre-library QC (per sample),,0638,WSGI,completed,billing_initialized,each,420,11/3/25 13:30,11/3/25 13:30,1/28/26 15:24,3/10/26 16:44,3/11/26 03:00,3/31/26 23:59,Sarah Sharpton,Molecular Genomics Workspace,MGW-5766330,,,,,68079069,No status set,,Full Service - Cell Counting & Viability,N/A,,,,,,3986
MGW-YS-5331,Miltenyi Nuclei Isolation from Tissues for Single Cell mRNA (per sample),548551,Yuxiang Sun,Principal Investigator,"Sun, Yuxiang (TAMU) Lab",Nutrition & Food Science,Texas A&M University,10x promotion-3'GEM-X,,0638,WSGI,completed,billing_initialized,each,3600,11/3/25 13:30,11/3/25 13:30,1/28/26 15:24,3/10/26 16:44,3/11/26 03:00,3/31/26 23:59,Sarah Sharpton,Molecular Genomics Workspace,MGW-5766330,,,,,68079089,No status set,,Full Service - 10x,N/A,,,,,,3986
MGW-YS-5331,Miltenyi Nuclei Isolation from Tissues for Single Cell mRNA (per sample),529020,Yuxiang Sun,Principal Investigator,"Sun, Yuxiang (TAMU) Lab",Nutrition & Food Science,Texas A&M University,Sequencing - P4-XLEAP - 100 cycle (~1.8B reads),,0638,WSGI,completed,billing_initialized,each,3180,11/3/25 13:30,11/3/25 13:30,1/28/26 15:24,3/10/26 16:44,3/11/26 03:00,3/31/26 23:59,Sarah Sharpton,Molecular Genomics Workspace,MGW-5766330,,,,,68079118,No status set,,Full Service - Sequencing (NextSeq 2000),N/A,,,,,,3986
MGW-ZL-5426,Project Request,561179,Zeyu Liu,Graduate Student,"Sun, Yuxiang (TAMU) Lab",Nutrition & Food Science,Texas A&M University,Single Cell QC DeNovix,,0638,WSGI,completed,billing_initialized,each,23.34,1/29/26 14:02,1/29/26 14:02,4/23/26 12:38,4/24/26 16:20,4/25/26 03:00,4/24/26 23:59,Sarah Sharpton,Molecular Genomics Workspace,MGW-5846970,,,,,70035587,No status set,,Single Cell-Visuim QC-Isolation - Consumables,N/A,,,,,,3986
MGW-ZL-5426,Project Request,561181,Zeyu Liu,Graduate Student,"Sun, Yuxiang (TAMU) Lab",Nutrition & Food Science,Texas A&M University,Single Cell QC Trypan Blue ,,0638,WSGI,completed,billing_initialized,each,40.62,1/29/26 14:02,1/29/26 14:02,4/23/26 12:38,4/24/26 16:20,4/25/26 03:00,4/24/26 23:59,Sarah Sharpton,Molecular Genomics Workspace,MGW-5846970,,,,,70035590,No status set,,Single Cell-Visuim QC-Isolation - Consumables,N/A,,,,,,3986
MGW-ZL-5426,Project Request,561266,Zeyu Liu,Graduate Student,"Sun, Yuxiang (TAMU) Lab",Nutrition & Food Science,Texas A&M University,Chromium GEM-X Single Cell 3ʹ Kit v4,,0638,WSGI,completed,billing_initialized,each,7427.8,1/29/26 14:03,1/29/26 14:03,4/23/26 12:38,4/24/26 16:20,4/25/26 03:00,4/24/26 23:59,Sarah Sharpton,Molecular Genomics Workspace,MGW-5846970,,,,,70035629,No status set,,Single Cell Library Preparation - Consumables,N/A,,,,,,3986
MGW-ZL-5426,Project Request,561273,Zeyu Liu,Graduate Student,"Sun, Yuxiang (TAMU) Lab",Nutrition & Food Science,Texas A&M University,Customer Provided Kit - Chromium GEM-X Single Cell 3ʹ Kit v4,,0638,WSGI,completed,billing_initialized,each,250,1/29/26 14:03,1/29/26 14:03,4/23/26 12:38,4/24/26 16:20,4/25/26 03:00,4/24/26 23:59,Sarah Sharpton,Molecular Genomics Workspace,MGW-5846970,,,,,70035714,No status set,,Single Cell Library Preparation - Consumables,N/A,,,,,,3986
MGW-ZL-5426,Project Request,559389,Zeyu Liu,Graduate Student,"Sun, Yuxiang (TAMU) Lab",Nutrition & Food Science,Texas A&M University,Chromium iX/X,,0638,WSGI,completed,billing_initialized,hour,117,1/29/26 14:04,1/29/26 14:04,4/23/26 12:38,4/24/26 16:20,4/25/26 03:00,4/24/26 23:59,Sarah Sharpton,Molecular Genomics Workspace,MGW-5846970,,,,,70035880,No status set,,Instrument Charges,N/A,,,,,,3986
MGW-ZL-5426,Project Request,561152,Zeyu Liu,Graduate Student,"Sun, Yuxiang (TAMU) Lab",Nutrition & Food Science,Texas A&M University,QC Core-prepared Library,,0638,WSGI,completed,billing_initialized,each,127.2,1/29/26 14:05,1/29/26 14:05,4/23/26 12:38,4/24/26 16:20,4/25/26 03:00,4/24/26 23:59,Sarah Sharpton,Molecular Genomics Workspace,MGW-5846970,,,,,70035935,No status set,,QC - Consumables,N/A,,,,,,3986
MGW-ZL-5426,Project Request,559373,Zeyu Liu,Graduate Student,"Sun, Yuxiang (TAMU) Lab",Nutrition & Food Science,Texas A&M University,4200 TapeStation,,0638,WSGI,completed,billing_initialized,hour,14.4,1/29/26 14:05,1/29/26 14:05,4/23/26 12:38,4/24/26 16:20,4/25/26 03:00,4/24/26 23:59,Sarah Sharpton,Molecular Genomics Workspace,MGW-5846970,,,,,70035971,No status set,,Instrument Charges,N/A,,,,,,3986
MGW-ZL-5426,Project Request,559371,Zeyu Liu,Graduate Student,"Sun, Yuxiang (TAMU) Lab",Nutrition & Food Science,Texas A&M University,NextSeq 2000 Sequencing System (S/N VH00580),,0638,WSGI,completed,billing_initialized,each,250,1/29/26 14:05,1/29/26 14:05,4/23/26 12:38,4/24/26 16:20,4/25/26 03:00,4/24/26 23:59,Sarah Sharpton,Molecular Genomics Workspace,MGW-5846970,,,,,70035999,No status set,,Instrument Charges,N/A,,,,,,3986
MGW-ZL-5426,Project Request,561262,Zeyu Liu,Graduate Student,"Sun, Yuxiang (TAMU) Lab",Nutrition & Food Science,Texas A&M University,NextSeq 2000 P4 XLEAP-SBS Reagent Kit (100 cycles),,0638,WSGI,completed,billing_initialized,each,2970,1/29/26 14:06,1/29/26 14:06,4/23/26 12:38,4/24/26 16:20,4/25/26 03:00,4/24/26 23:59,Sarah Sharpton,Molecular Genomics Workspace,MGW-5846970,,,,,70036048,No status set,,Sequencing (NextSeq 2000) - Consumables,N/A,,,,,,3986
MGW-ZL-5426,Project Request,559377,Zeyu Liu,Graduate Student,"Sun, Yuxiang (TAMU) Lab",Nutrition & Food Science,Texas A&M University,Laboratory Technician,,0638,WSGI,completed,billing_initialized,hour,650,1/29/26 14:07,1/29/26 14:07,4/23/26 12:38,4/24/26 16:20,4/25/26 03:00,4/24/26 23:59,Sarah Sharpton,Molecular Genomics Workspace,MGW-5846970,,,,,70036189,No status set,,Laboratory Technician,N/A,,,,,,3986
MGW-ZL-5437,Project Request,561151,Zeyu Liu,Graduate Student,"Sun, Yuxiang (TAMU) Lab",Nutrition & Food Science,Texas A&M University,QC RNA,The number might change once the actual samples arrive.,0638,WSGI,completed,billing_initialized,each,424.8,2/13/26 16:25,2/13/26 16:25,5/27/26 16:29,5/27/26 16:31,5/28/26 03:00,5/27/26 23:59,jun Fan,Molecular Genomics Workspace,MGW-5910817,,,,,70458183,No status set,,QC - Consumables,N/A,,,,,,3986
MGW-ZL-5437,Project Request,561152,Zeyu Liu,Graduate Student,"Sun, Yuxiang (TAMU) Lab",Nutrition & Food Science,Texas A&M University,QC Core-prepared Library,,0638,WSGI,completed,billing_initialized,each,746.4,2/13/26 16:25,2/13/26 16:25,5/27/26 16:29,5/27/26 16:31,5/28/26 03:00,5/27/26 23:59,jun Fan,Molecular Genomics Workspace,MGW-5910817,,,,,70458188,No status set,,QC - Consumables,N/A,,,,,,3986
MGW-ZL-5437,Project Request,564573,Zeyu Liu,Graduate Student,"Sun, Yuxiang (TAMU) Lab",Nutrition & Food Science,Texas A&M University,Wathmaker mRNAseq library,,0638,WSGI,completed,billing_initialized,each,2574.24,2/13/26 16:25,2/13/26 16:25,5/27/26 16:29,5/27/26 16:31,5/28/26 03:00,5/27/26 23:59,jun Fan,Molecular Genomics Workspace,MGW-5910817,,,,,70458201,No status set,,RNA Library Preparation - Consumables,N/A,,,,,,3986
MGW-ZL-5437,Project Request,561256,Zeyu Liu,Graduate Student,"Sun, Yuxiang (TAMU) Lab",Nutrition & Food Science,Texas A&M University,NextSeq 2000 P3 XLEAP-SBS Reagent Kit (200 cycles),,0638,WSGI,completed,billing_initialized,each,3551.9,2/13/26 16:25,2/13/26 16:25,5/27/26 16:29,5/27/26 16:31,5/28/26 03:00,5/27/26 23:59,jun Fan,Molecular Genomics Workspace,MGW-5910817,,,,,70458207,No status set,,Sequencing (NextSeq 2000) - Consumables,N/A,,,,,,3986
MGW-ZL-5437,Project Request,559377,Zeyu Liu,Graduate Student,"Sun, Yuxiang (TAMU) Lab",Nutrition & Food Science,Texas A&M University,Laboratory Technician,,0638,WSGI,completed,billing_initialized,hour,750,2/13/26 16:26,2/13/26 16:26,5/27/26 16:29,5/27/26 16:31,5/28/26 03:00,5/27/26 23:59,jun Fan,Molecular Genomics Workspace,MGW-5910817,,,,,70458217,No status set,,Laboratory Technician,N/A,,,,,,3986
MGW-ZL-5437,Project Request,559373,Zeyu Liu,Graduate Student,"Sun, Yuxiang (TAMU) Lab",Nutrition & Food Science,Texas A&M University,4200 TapeStation,Tapestation instrument running charge for RNA QC and library QC,0638,WSGI,completed,billing_initialized,hour,115.2,2/13/26 16:26,2/13/26 16:26,5/27/26 16:29,5/27/26 16:31,5/28/26 03:00,5/27/26 23:59,jun Fan,Molecular Genomics Workspace,MGW-5910817,,,,,70458221,No status set,,Instrument Charges,N/A,,,,,,3986
MGW-ZL-5437,Project Request,559371,Zeyu Liu,Graduate Student,"Sun, Yuxiang (TAMU) Lab",Nutrition & Food Science,Texas A&M University,NextSeq 2000 Sequencing System (S/N VH00580),,0638,WSGI,completed,billing_initialized,each,250,2/13/26 16:26,2/13/26 16:26,5/27/26 16:29,5/27/26 16:31,5/28/26 03:00,5/27/26 23:59,jun Fan,Molecular Genomics Workspace,MGW-5910817,,,,,70458224,No status set,,Instrument Charges,N/A,,,,,,3986
MGW-ZL-5437,Project Request,559377,Zeyu Liu,Graduate Student,"Sun, Yuxiang (TAMU) Lab",Nutrition & Food Science,Texas A&M University,Laboratory Technician,The laboratory charge for setting up the sequencing run.,0638,WSGI,completed,billing_initialized,hour,16.5,2/13/26 16:28,2/13/26 16:28,5/27/26 16:29,5/27/26 16:31,5/28/26 03:00,5/27/26 23:59,jun Fan,Molecular Genomics Workspace,MGW-5910817,,,,,70458262,No status set,,Laboratory Technician,N/A,,,,,,3986
MGW-ZL-5576,Project Request,561181,Zeyu Liu,Graduate Student,"Sun, Yuxiang (TAMU) Lab",Nutrition & Food Science,Texas A&M University,Single Cell QC Trypan Blue - Consumables ,,0638,WSGI,completed,billing_initialized,each,121.86,5/20/26 09:23,5/20/26 09:23,5/28/26 10:09,5/28/26 15:00,5/29/26 03:00,5/28/26 23:59,Sarah Sharpton,Molecular Genomics Workspace,MGW-5913985,,,,,72869019,No status set,,Single Cell-Visuim QC-Isolation - Consumables,N/A,,,,,,3986
MGW-ZL-5576,Project Request,561179,Zeyu Liu,Graduate Student,"Sun, Yuxiang (TAMU) Lab",Nutrition & Food Science,Texas A&M University,Single Cell QC DeNovix - Consumables,,0638,WSGI,completed,billing_initialized,each,70.02,5/20/26 09:23,5/20/26 09:23,5/28/26 10:09,5/28/26 15:00,5/29/26 03:00,5/28/26 23:59,Sarah Sharpton,Molecular Genomics Workspace,MGW-5913985,,,,,72869025,No status set,,Single Cell-Visuim QC-Isolation - Consumables,N/A,,,,,,3986
MGW-ZL-5576,Project Request,563702,Zeyu Liu,Graduate Student,"Sun, Yuxiang (TAMU) Lab",Nutrition & Food Science,Texas A&M University,Nikon Microscope,,0638,WSGI,completed,billing_initialized,each,100,5/20/26 09:24,5/20/26 09:24,5/28/26 10:09,5/28/26 15:00,5/29/26 03:00,5/28/26 23:59,Sarah Sharpton,Molecular Genomics Workspace,MGW-5913985,,,,,72869065,No status set,,Instrument Charges,N/A,,,,,,3986
MGW-ZL-5576,Project Request,561273,Zeyu Liu,Graduate Student,"Sun, Yuxiang (TAMU) Lab",Nutrition & Food Science,Texas A&M University,Customer Provided Kit - Chromium GEM-X Single Cell 3ʹ Kit v4 - Consumables,,0638,WSGI,completed,billing_initialized,each,2250,5/20/26 09:24,5/20/26 09:24,5/28/26 10:09,5/28/26 15:00,5/29/26 03:00,5/28/26 23:59,Sarah Sharpton,Molecular Genomics Workspace,MGW-5913985,,,,,72869084,No status set,,Single Cell Library Preparation - Consumables,N/A,,,,,,3986
MGW-ZL-5576,Project Request,561152,Zeyu Liu,Graduate Student,"Sun, Yuxiang (TAMU) Lab",Nutrition & Food Science,Texas A&M University,QC Core-prepared Library - Consumables,,0638,WSGI,completed,billing_initialized,each,279.9,5/20/26 09:25,5/20/26 09:25,5/28/26 10:09,5/28/26 15:00,5/29/26 03:00,5/28/26 23:59,Sarah Sharpton,Molecular Genomics Workspace,MGW-5913985,,,,,72869101,No status set,,QC - Consumables,N/A,,,,,,3986
MGW-ZL-5576,Project Request,559373,Zeyu Liu,Graduate Student,"Sun, Yuxiang (TAMU) Lab",Nutrition & Food Science,Texas A&M University,4200 TapeStation,,0638,WSGI,completed,billing_initialized,hour,43.2,5/20/26 09:27,5/20/26 09:27,5/28/26 10:09,5/28/26 15:00,5/29/26 03:00,5/28/26 23:59,Sarah Sharpton,Molecular Genomics Workspace,MGW-5913985,,,,,72869190,No status set,,Instrument Charges,N/A,,,,,,3986
MGW-ZL-5576,Project Request,559377,Zeyu Liu,Graduate Student,"Sun, Yuxiang (TAMU) Lab",Nutrition & Food Science,Texas A&M University,Laboratory Technician,,0638,WSGI,completed,billing_initialized,hour,2000,5/20/26 09:29,5/20/26 09:29,5/28/26 10:09,5/28/26 15:00,5/29/26 03:00,5/28/26 23:59,Sarah Sharpton,Molecular Genomics Workspace,MGW-5913985,,,,,72869250,No status set,,Laboratory Technician,N/A,,,,,,3986
MGW-ZL-5576,Project Request,571889,Zeyu Liu,Graduate Student,"Sun, Yuxiang (TAMU) Lab",Nutrition & Food Science,Texas A&M University,NovaSeq X 10B 100 cycles - whole flow cell - Consumables,,0638,WSGI,completed,billing_initialized,each,8265,5/21/26 13:46,5/21/26 13:46,5/28/26 10:09,5/28/26 15:00,5/29/26 03:00,5/28/26 23:59,Sarah Sharpton,Molecular Genomics Workspace,MGW-5913985,,,,,72910827,No status set,,NovaSeq - Consumables,N/A,,,,,,3986
MGW-ZL-5702,Equipment Scheduling,292897,Zeyu Liu,Graduate Student,"Sun, Yuxiang (TAMU) Lab",Nutrition & Food Science,Texas A&M University,DNA/RNA Qubit Usage (per sample) - Consumables,,0638,WSGI,completed,billing_initialized,each,32,7/30/26 23:52,7/31/26 14:00,8/20/26 12:10,8/24/26 15:43,8/25/26 03:05,8/24/26 23:59,Zeyu Liu,Molecular Genomics Workspace,MGW-6084219,,,,,74602404,No status set,,Self Service - Qubit,N/A,,,,,,3986
MGW-ZL-5702,Equipment Scheduling,297792,Zeyu Liu,Graduate Student,"Sun, Yuxiang (TAMU) Lab",Nutrition & Food Science,Texas A&M University,RNA Standard  Usage (per sample) - Consumables,,0638,WSGI,completed,billing_initialized,each,88,8/6/26 14:12,7/31/26 15:00,8/20/26 12:10,8/24/26 15:43,8/25/26 03:05,8/24/26 23:59,Paola Galvan,Molecular Genomics Workspace,MGW-6084219,,,,,74802189,No status set,,Self Service - TapeStation/Bioanalyzer,N/A,,,,,,3986
MGW-ZL-5702,Equipment Scheduling,559377,Zeyu Liu,Graduate Student,"Sun, Yuxiang (TAMU) Lab",Nutrition & Food Science,Texas A&M University,Laboratory Technician,,0638,WSGI,completed,billing_initialized,hour,25,8/6/26 14:13,7/31/26 15:00,8/20/26 12:10,8/24/26 15:43,8/25/26 03:05,8/24/26 23:59,Paola Galvan,Molecular Genomics Workspace,MGW-6084219,,,,,74802211,No status set,,Laboratory Technician,N/A,,,,,,3986
MGW-ZL-5702,Equipment Scheduling,292907,Zeyu Liu,Graduate Student,"Sun, Yuxiang (TAMU) Lab",Nutrition & Food Science,Texas A&M University,"Qubit Fluorometer (Life Technologies) (Qubit Fluorometer (Life Technologies)) | Friday, July 31",,0638,WSGI,completed,billing_initialized,hour,0,8/20/26 12:10,7/31/26 14:00,8/20/26 12:10,8/24/26 15:43,8/25/26 03:05,8/24/26 23:59,Paola Galvan,Molecular Genomics Workspace,MGW-6084219,,,,,75111746,No status set,,Molecular Biology,Self-Use,,,,,,3986
MGW-ZL-5702,Equipment Scheduling,295966,Zeyu Liu,Graduate Student,"Sun, Yuxiang (TAMU) Lab",Nutrition & Food Science,Texas A&M University,"Tape Station (Agilent) (Tape Station (Agilent)) | Friday, July 31",,0638,WSGI,completed,billing_initialized,hour,32,8/20/26 12:10,7/31/26 15:00,8/20/26 12:10,8/24/26 15:43,8/25/26 03:05,8/24/26 23:59,Paola Galvan,Molecular Genomics Workspace,MGW-6084219,,,,,75111756,No status set,,Molecular Biology,Self-Use,,,,,,3986
MGW-ZL-5201,QC DNA (per sample),334494,Zhenyu Li,Principal Investigator,"Li, Zhenyu (TAMU) Lab",,Texas A&M University,NextFlex Small RNA Library Prep (per sample),,0638,WSGI,completed,billing_initialized,each,700,9/15/25 15:29,9/15/25 15:29,10/27/25 10:09,10/28/25 16:51,10/31/25 03:00,10/28/25 23:59,jun Fan,Molecular Genomics Workspace,MGW-5492166,,,,,66792392,No status set,,Full Service - RNA Library Preparation for Illumina NGS,N/A,,,,,,3986
MGW-ZL-5201,QC DNA (per sample),529020,Zhenyu Li,Principal Investigator,"Li, Zhenyu (TAMU) Lab",,Texas A&M University,Sequencing - P4-XLEAP - 100 cycle (~1.8B reads),,0638,WSGI,completed,billing_initialized,each,127.2,9/15/25 15:32,9/15/25 15:32,10/27/25 10:09,10/28/25 16:51,10/31/25 03:00,10/28/25 23:59,jun Fan,Molecular Genomics Workspace,MGW-5492166,,,,,66792499,No status set,,Full Service - Sequencing (NextSeq 2000),N/A,,,,,,3986
MGW-ZW-5584,Equipment Scheduling,561671,Zhuoyu Wang,,"Wang, Zhuoyu (TAMU) Lab",,Texas A&M University,QX200 ddPCR Usage (1 column),,0638,WSGI,completed,billing_initialized,each,71,5/4/26 12:59,5/6/26 14:02,5/21/26 15:53,5/27/26 16:32,5/28/26 03:00,5/27/26 23:59,Zhuoyu Wang,Molecular Genomics Workspace,MGW-5910826,,,,,72487858,No status set,,Self Service - QX200 ddPCR,N/A,,,,,,3986
MGW-ZW-5584,Equipment Scheduling,296365,Zhuoyu Wang,,"Wang, Zhuoyu (TAMU) Lab",,Texas A&M University,"QX200 Droplet Digital PCR System (Bio-Rad) (ddPCR system) | Wednesday, May 06",na,0638,WSGI,completed,billing_initialized,hour,100,5/21/26 15:53,5/6/26 14:02,5/21/26 15:53,5/27/26 16:32,5/28/26 03:00,5/27/26 23:59,Paola Galvan,Molecular Genomics Workspace,MGW-5910826,,,,,72915553,No status set,,Molecular Biology,Self Use,,,,,,3986
MGW-ZP-5599,Training Request,297792,Zoe Pfenning,,"Riggs, Penny (TAMU) Lab",Animal Science,Texas A&M University,RNA Standard  Usage (per sample) - Consumables,,0638,WSGI,completed,billing_initialized,each,132,6/9/26 13:58,6/9/26 13:58,8/12/26 15:31,8/24/26 15:43,8/25/26 03:05,8/24/26 23:59,Paola Galvan,Molecular Genomics Workspace,MGW-6084207,,,,,73376797,No status set,,Self Service - TapeStation/Bioanalyzer,N/A,,,,,,3986
MGW-ZP-5599,Training Request,559373,Zoe Pfenning,,"Riggs, Penny (TAMU) Lab",Animal Science,Texas A&M University,4200 TapeStation,,0638,WSGI,completed,billing_initialized,hour,30,6/9/26 13:58,6/9/26 13:58,8/12/26 15:31,8/24/26 15:43,8/25/26 03:05,8/24/26 23:59,Paola Galvan,Molecular Genomics Workspace,MGW-6084207,,,,,73376816,No status set,,Instrument Charges,N/A,,,,,,3986
MGW-ZP-5599,Training Request,559377,Zoe Pfenning,,"Riggs, Penny (TAMU) Lab",Animal Science,Texas A&M University,Laboratory Technician,,0638,WSGI,completed,billing_initialized,hour,50,6/9/26 13:59,6/9/26 13:59,8/12/26 15:31,8/24/26 15:43,8/25/26 03:05,8/24/26 23:59,Paola Galvan,Molecular Genomics Workspace,MGW-6084207,,,,,73376833,No status set,,Laboratory Technician,N/A,,,,,,3986
MGW-ZP-5614,Equipment Scheduling,297792,Zoe Pfenning,,"Riggs, Penny (TAMU) Lab",Animal Science,Texas A&M University,RNA Standard  Usage (per sample) - Consumables,,0638,WSGI,completed,billing_initialized,each,242,6/15/26 17:23,6/17/26 14:00,6/22/26 12:33,6/25/26 11:44,7/6/26 17:14,6/25/26 23:59,Zoe Pfenning,Molecular Genomics Workspace,MGW-5970369,,,,,73510458,No status set,,Self Service - TapeStation/Bioanalyzer,N/A,,,,,,3986
MGW-ZP-5614,Equipment Scheduling,295966,Zoe Pfenning,,"Riggs, Penny (TAMU) Lab",Animal Science,Texas A&M University,"Tape Station (Agilent) (Tape Station (Agilent)) | Wednesday, June 17",,0638,WSGI,completed,billing_initialized,hour,50,6/22/26 12:33,6/17/26 14:00,6/22/26 12:33,6/25/26 11:44,7/6/26 17:14,6/25/26 23:59,Paola Galvan,Molecular Genomics Workspace,MGW-5970369,,,,,73639656,No status set,,Molecular Biology,Self-Use,,,,,,3986
MGW-ZP-5657,Equipment Scheduling,297792,Zoe Pfenning,,"Riggs, Penny (TAMU) Lab",Animal Science,Texas A&M University,RNA Standard  Usage (per sample) - Consumables,,0638,WSGI,completed,not_billable,each,0,7/2/26 15:29,7/3/26 09:00,7/27/26 12:51,8/24/26 15:43,8/25/26 03:05,8/24/26 23:59,Zoe Pfenning,Molecular Genomics Workspace,MGW-6084210,Cancellation,,,,73970757,No status set,,Self Service - TapeStation/Bioanalyzer,N/A,,,,,,3986
MGW-ZP-5656,Equipment Scheduling,297792,Zoe Pfenning,,"Riggs, Penny (TAMU) Lab",Animal Science,Texas A&M University,RNA Standard  Usage (per sample) - Consumables,,0638,WSGI,completed,billing_initialized,each,88,7/3/26 09:46,7/3/26 10:10,7/27/26 12:51,8/24/26 15:43,8/25/26 03:05,8/24/26 23:59,Zoe Pfenning,Molecular Genomics Workspace,MGW-6084207,,,,,73976778,No status set,,Self Service - TapeStation/Bioanalyzer,N/A,,,,,,3986
MGW-ZP-5656,Equipment Scheduling,297792,Zoe Pfenning,,"Riggs, Penny (TAMU) Lab",Animal Science,Texas A&M University,RNA Standard  Usage (per sample) - Consumables,,0638,WSGI,completed,billing_initialized,each,88,7/7/26 16:18,7/8/26 09:18,7/27/26 12:53,8/24/26 15:43,8/25/26 03:05,8/24/26 23:59,Zoe Pfenning,Molecular Genomics Workspace,MGW-6084207,,,,,74069637,No status set,,Self Service - TapeStation/Bioanalyzer,N/A,,,,,,3986
MGW-ZP-5656,Equipment Scheduling,295966,Zoe Pfenning,,"Riggs, Penny (TAMU) Lab",Animal Science,Texas A&M University,"Tape Station (Agilent) (Tape Station (Agilent)) | Friday, July 03",,0638,WSGI,completed,billing_initialized,hour,20,7/27/26 12:51,7/3/26 10:10,7/27/26 12:51,8/24/26 15:43,8/25/26 03:05,8/24/26 23:59,Paola Galvan,Molecular Genomics Workspace,MGW-6084207,,,,,74479235,No status set,,Molecular Biology,Self-Use,,,,,,3986
MGW-ZP-5657,Equipment Scheduling,295966,Zoe Pfenning,,"Riggs, Penny (TAMU) Lab",Animal Science,Texas A&M University,"Tape Station (Agilent) (Tape Station (Agilent)) | Friday, July 03 (cancellation)",,0638,WSGI,completed,not_billable,hour,0,7/27/26 12:51,7/3/26 09:00,7/27/26 12:51,8/24/26 15:43,8/25/26 03:05,8/24/26 23:59,Paola Galvan,Molecular Genomics Workspace,MGW-6084210,Cancellation,,,,74479237,No status set,,Molecular Biology,Self-Use,,,,,,3986
MGW-ZP-5656,Equipment Scheduling,295966,Zoe Pfenning,,"Riggs, Penny (TAMU) Lab",Animal Science,Texas A&M University,"Tape Station (Agilent) (Tape Station (Agilent)) | Wednesday, July 08",,0638,WSGI,completed,billing_initialized,hour,43,7/27/26 12:53,7/8/26 09:18,7/27/26 12:53,8/24/26 15:43,8/25/26 03:05,8/24/26 23:59,Paola Galvan,Molecular Genomics Workspace,MGW-6084207,,,,,74479343,No status set,,Molecular Biology,Self-Use,,,,,,3986